sequence,rmse_2d_measured,rmse_2d_filtered,rmse_3d,visibility_f1,smoothness_filtered,carry_err_m,apex_err_m,visible_prob_mean,visible_prob_max,gt_visible_rate,ball_launch_angle_deg,ball_launch_direction_deg,ball_ball_speed_ms,ball_carry_m,ball_apex_m,ball_descent_angle_deg,ball_time_of_flight_s,spin_backspin_rpm,spin_sidespin_rpm
0,154.51458740234375,153.5592498779297,9.76348876953125,1.0,18.98015594482422,21.336962100778653,4.691964589059353,1.0,1.0,1.0,7.5,-0.6,91.0,223.7,7.84,7.8,2.48,0.0,0.0
1,93.10602569580078,93.06056213378906,9.704789161682129,1.0,15.532917022705078,21.410315140639728,4.470675569027662,1.0,1.0,1.0,7.7,-0.6,91.0,228.7,8.18,8.0,2.54,0.0,0.0
2,106.34684753417969,106.34276580810547,9.80954360961914,0.9565217391304348,15.7420015335083,21.447222273918435,4.528523294255137,1.0,1.0,0.9166666865348816,8.2,-0.4,91.0,241.0,9.08,8.4,2.68,0.0,0.0
3,118.21902465820312,118.22052764892578,10.265545845031738,1.0,19.156343460083008,23.110533821875507,4.666017442941666,1.0,1.0,1.0,9.4,0.1,91.0,275.9,11.87,9.6,3.07,0.0,0.0
4,124.19683837890625,124.16890716552734,9.113123893737793,1.0,2.9341773986816406,20.821431702044585,4.298698475584388,1.0,1.0,1.0,8.5,-0.0,87.4,230.7,9.03,8.8,2.67,0.0,0.0
5,93.10602569580078,93.06056213378906,10.212916374206543,1.0,15.532917022705078,21.36700915519759,4.462523430585861,1.0,1.0,1.0,7.7,-0.6,91.0,228.7,8.18,8.0,2.54,0.0,0.0
6,106.34684753417969,106.34276580810547,10.331820487976074,0.9565217391304348,15.7420015335083,21.44787639191008,4.5183283518999815,1.0,1.0,0.9166666865348816,8.2,-0.4,91.0,241.0,9.08,8.4,2.68,0.0,0.0
7,118.21902465820312,118.22052764892578,10.75304126739502,1.0,19.156343460083008,23.079589999924266,4.655100723728538,1.0,1.0,1.0,9.4,0.1,91.0,275.9,11.87,9.6,3.07,0.0,0.0
8,124.19683837890625,124.16890716552734,9.617269515991211,1.0,2.9341773986816406,20.764301864782702,4.305141495540738,1.0,1.0,1.0,8.5,-0.0,87.4,230.7,9.03,8.8,2.67,0.0,0.0
