{
  "measured_uv": [
    [
      289.2572326660156,
      426.4983825683594
    ],
    [
      292.34375,
      428.25
    ],
    [
      278.21429443359375,
      392.21429443359375
    ],
    [
      187.57777404785156,
      362.1555480957031
    ],
    [
      188.63768005371094,
      362.0579833984375
    ],
    [
      189.9583282470703,
      361.8541564941406
    ],
    [
      191.26666259765625,
      361.79998779296875
    ],
    [
      191.90475463867188,
      361.4761962890625
    ],
    [
      192.3000030517578,
      361.29998779296875
    ],
    [
      193.0,
      361.0
    ],
    [
      198.64285278320312,
      336.21429443359375
    ],
    [
      199.15789794921875,
      336.7368469238281
    ],
    [
      199.3000030517578,
      337.0
    ],
    [
      199.13333129882812,
      337.4666748046875
    ],
    [
      199.0,
      338.0
    ],
    [
      199.0,
      338.0
    ],
    [
      168.0,
      368.5
    ],
    [
      169.2127685546875,
      382.5531921386719
    ],
    [
      169.4628143310547,
      381.4380187988281
    ],
    [
      169.44615173339844,
      380.8307800292969
    ],
    [
      169.23973083496094,
      380.5684814453125
    ],
    [
      169.36045837402344,
      380.7790832519531
    ],
    [
      169.5,
      381.3370666503906
    ],
    [
      169.57608032226562,
      381.0706481933594
    ]
  ],
  "filtered_uv": [
    [
      289.2572326660156,
      426.4983825683594
    ],
    [
      292.19952392578125,
      428.16815185546875
    ],
    [
      278.8511657714844,
      393.85162353515625
    ],
    [
      191.7327880859375,
      363.59808349609375
    ],
    [
      188.77621459960938,
      362.12689208984375
    ],
    [
      189.902099609375,
      361.8653259277344
    ],
    [
      191.20220947265625,
      361.8017272949219
    ],
    [
      191.87051391601562,
      361.48974609375
    ],
    [
      192.27822875976562,
      361.3073425292969
    ],
    [
      192.96499633789062,
      361.0126953125
    ],
    [
      198.3827362060547,
      337.3397521972656
    ],
    [
      199.1211700439453,
      336.7602844238281
    ],
    [
      199.29046630859375,
      336.985107421875
    ],
    [
      199.13906860351562,
      337.4408264160156
    ],
    [
      199.00489807128906,
      337.9707336425781
    ],
    [
      198.99879455566406,
      337.994873046875
    ],
    [
      169.40481567382812,
      367.1123962402344
    ],
    [
      169.21461486816406,
      381.8545227050781
    ],
    [
      169.44468688964844,
      381.4613952636719
    ],
    [
      169.4392852783203,
      380.86376953125
    ],
    [
      169.2420196533203,
      380.5860900878906
    ],
    [
      169.34832763671875,
      380.7745056152344
    ],
    [
      169.48641967773438,
      381.3157653808594
    ],
    [
      169.5653839111328,
      381.0860290527344
    ]
  ],
  "xyz_pred": [
    [
      -0.18873460590839386,
      0.518011212348938,
      6.601579666137695
    ],
    [
      -0.22543099522590637,
      0.6731491088867188,
      9.468501091003418
    ],
    [
      -0.18217343091964722,
      0.8072377443313599,
      10.288575172424316
    ],
    [
      -0.1545369029045105,
      1.0018455982208252,
      10.873761177062988
    ],
    [
      -0.16799227893352509,
      1.2149991989135742,
      11.693991661071777
    ],
    [
      -0.2179018259048462,
      1.4267548322677612,
      12.74852466583252
    ],
    [
      -0.2892493009567261,
      1.6206631660461426,
      13.90210247039795
    ],
    [
      -0.37024104595184326,
      1.7916157245635986,
      15.052056312561035
    ],
    [
      -0.4559329152107239,
      1.9464960098266602,
      16.170869827270508
    ],
    [
      -0.5431404113769531,
      2.0852255821228027,
      17.269121170043945
    ],
    [
      -0.6096639037132263,
      2.2367358207702637,
      18.1763858795166
    ],
    [
      -0.6857280135154724,
      2.3858678340911865,
      19.1728515625
    ],
    [
      -0.7641432881355286,
      2.5410094261169434,
      20.247161865234375
    ],
    [
      -0.837017834186554,
      2.7155117988586426,
      21.378751754760742
    ],
    [
      -0.9105105400085449,
      2.8872368335723877,
      22.549640655517578
    ],
    [
      -0.9771512746810913,
      3.0637154579162598,
      23.73762321472168
    ],
    [
      -1.048501968383789,
      3.2546627521514893,
      25.08540916442871
    ],
    [
      -1.1092746257781982,
      3.462664842605591,
      26.43021583557129
    ],
    [
      -1.1568012237548828,
      3.6601064205169678,
      27.67132568359375
    ],
    [
      -1.1923558712005615,
      3.8285863399505615,
      28.747358322143555
    ],
    [
      -1.2167582511901855,
      3.9607059955596924,
      29.593793869018555
    ],
    [
      -1.2323427200317383,
      4.059518814086914,
      30.21732521057129
    ],
    [
      -1.241237759590149,
      4.133417129516602,
      30.67234992980957
    ],
    [
      -1.2436485290527344,
      4.192634582519531,
      31.0156192779541
    ]
  ],
  "uv_reprojected": [
    [
      114.73822021484375,
      394.6080017089844
    ],
    [
      107.53047943115234,
      449.10198974609375
    ],
    [
      98.33060455322266,
      471.8730163574219
    ],
    [
      93.06217193603516,
      499.3448486328125
    ],
    [
      93.29402160644531,
      525.7569580078125
    ],
    [
      97.40481567382812,
      547.5653686523438
    ],
    [
      103.00397491455078,
      563.6578369140625
    ],
    [
      108.71978759765625,
      575.070556640625
    ],
    [
      114.14329528808594,
      583.580078125
    ],
    [
      119.05345153808594,
      589.732666015625
    ],
    [
      122.20443725585938,
      597.2279052734375
    ],
    [
      125.5574951171875,
      603.3232421875
    ],
    [
      128.53538513183594,
      608.8146362304688
    ],
    [
      130.66282653808594,
      614.7615966796875
    ],
    [
      132.51148986816406,
      619.712890625
    ],
    [
      133.69741821289062,
      624.3757934570312
    ],
    [
      134.65118408203125,
      628.5900268554688
    ],
    [
      134.9114990234375,
      633.3348999023438
    ],
    [
      134.66290283203125,
      637.5946044921875
    ],
    [
      134.16839599609375,
      640.8524780273438
    ],
    [
      133.62303161621094,
      643.2283935546875
    ],
    [
      133.12149047851562,
      644.9655151367188
    ],
    [
      132.6465606689453,
      646.2740478515625
    ],
    [
      132.0885009765625,
      647.3995361328125
    ]
  ],
  "visible_prob": [
    1.0,
    1.0,
    1.0,
    1.0,
    1.0,
    1.0,
    1.0,
    1.0,
    1.0,
    1.0,
    1.0,
    1.0,
    1.0,
    1.0,
    1.0,
    1.0,
    1.0,
    1.0,
    1.0,
    1.0,
    1.0,
    1.0,
    1.0,
    1.0
  ],
  "ball_metrics": {
    "launch_angle_deg": 7.8,
    "launch_direction_deg": 0.2,
    "ball_speed_ms": 77.1,
    "carry_m": 166.5,
    "apex_m": 6.09,
    "descent_angle_deg": 8.1,
    "time_of_flight_s": 2.18
  },
  "spin": null,
  "metrics": {
    "sequence": 4,
    "rmse_2d_measured": 179.48036193847656,
    "rmse_2d_filtered": 179.5980682373047,
    "rmse_3d": 9.127723693847656,
    "visibility_f1": 0.6285714285714286,
    "smoothness_filtered": 15.875072479248047,
    "carry_err_m": 20.64584350686564,
    "apex_err_m": 4.18037932086736,
    "visible_prob_mean": 1.0,
    "visible_prob_max": 1.0,
    "gt_visible_rate": 0.4583333432674408,
    "ball_launch_angle_deg": 7.8,
    "ball_launch_direction_deg": 0.2,
    "ball_ball_speed_ms": 77.1,
    "ball_carry_m": 166.5,
    "ball_apex_m": 6.09,
    "ball_descent_angle_deg": 8.1,
    "ball_time_of_flight_s": 2.18,
    "spin_backspin_rpm": 0.0,
    "spin_sidespin_rpm": 0.0
  }
}