{
  "measured_uv": [
    [
      62.814884185791016,
      385.677490234375
    ],
    [
      64.17552947998047,
      389.5265808105469
    ],
    [
      61.818180084228516,
      393.3636474609375
    ],
    [
      60.8636360168457,
      395.0
    ],
    [
      61.53333282470703,
      394.70001220703125
    ],
    [
      61.60714340209961,
      394.9285583496094
    ],
    [
      61.66666793823242,
      394.9259338378906
    ],
    [
      62.6363639831543,
      395.0
    ],
    [
      72.18868255615234,
      418.2264099121094
    ],
    [
      72.9000015258789,
      420.0
    ],
    [
      73.0,
      419.0
    ],
    [
      80.64705657958984,
      432.3235168457031
    ],
    [
      81.0,
      431.631591796875
    ],
    [
      99.58064270019531,
      425.67742919921875
    ],
    [
      98.5897445678711,
      425.9230651855469
    ],
    [
      98.5625,
      425.9791564941406
    ],
    [
      98.5,
      426.0882263183594
    ],
    [
      98.67391204833984,
      426.0434875488281
    ],
    [
      99.16949462890625,
      426.0339050292969
    ],
    [
      97.45098114013672,
      433.7107849121094
    ],
    [
      96.08527374267578,
      437.94573974609375
    ],
    [
      95.33036041259766,
      438.4375
    ],
    [
      86.27125549316406,
      434.20648193359375
    ],
    [
      83.09830474853516,
      433.05084228515625
    ]
  ],
  "filtered_uv": [
    [
      62.814884185791016,
      385.677490234375
    ],
    [
      64.11194610595703,
      389.3467102050781
    ],
    [
      61.922637939453125,
      393.18072509765625
    ],
    [
      60.91181945800781,
      394.917236328125
    ],
    [
      61.5049934387207,
      394.7099914550781
    ],
    [
      61.60246658325195,
      394.918701171875
    ],
    [
      61.66372299194336,
      394.9256896972656
    ],
    [
      62.59211349487305,
      394.9967041015625
    ],
    [
      71.75245666503906,
      417.1704406738281
    ],
    [
      72.84869384765625,
      419.8734436035156
    ],
    [
      72.99407958984375,
      419.0419921875
    ],
    [
      80.3003921508789,
      431.722412109375
    ],
    [
      80.97010803222656,
      431.6394958496094
    ],
    [
      98.73768615722656,
      425.9518737792969
    ],
    [
      98.60105895996094,
      425.9272766113281
    ],
    [
      98.56880950927734,
      425.97967529296875
    ],
    [
      98.50765991210938,
      426.086181640625
    ],
    [
      98.6708755493164,
      426.0483093261719
    ],
    [
      99.15140533447266,
      426.03741455078125
    ],
    [
      97.53265380859375,
      433.3658142089844
    ],
    [
      96.15508270263672,
      437.74261474609375
    ],
    [
      95.3716049194336,
      438.41143798828125
    ],
    [
      86.68711853027344,
      434.4024963378906
    ],
    [
      83.26226806640625,
      433.1165466308594
    ]
  ],
  "xyz_pred": [
    [
      -0.16249990463256836,
      0.38046082854270935,
      5.461887836456299
    ],
    [
      -0.1721034049987793,
      0.43238914012908936,
      7.352452754974365
    ],
    [
      -0.10690511763095856,
      0.4449165463447571,
      7.395870685577393
    ],
    [
      -0.05088447034358978,
      0.5125241875648499,
      7.164632797241211
    ],
    [
      -0.022918367758393288,
      0.6074361801147461,
      7.126327991485596
    ],
    [
      -0.014520332217216492,
      0.7113218307495117,
      7.285537242889404
    ],
    [
      -0.016701988875865936,
      0.8144261837005615,
      7.555466175079346
    ],
    [
      -0.024204598739743233,
      0.9120612144470215,
      7.874246120452881
    ],
    [
      -0.006107058376073837,
      1.0370101928710938,
      8.029423713684082
    ],
    [
      0.006681354716420174,
      1.1458463668823242,
      8.178841590881348
    ],
    [
      0.00815447699278593,
      1.2381417751312256,
      8.393061637878418
    ],
    [
      0.018656205385923386,
      1.3175806999206543,
      8.45547866821289
    ],
    [
      0.021339576691389084,
      1.3880748748779297,
      8.594465255737305
    ],
    [
      0.009464049711823463,
      1.4493093490600586,
      8.886731147766113
    ],
    [
      0.00027603842318058014,
      1.5010727643966675,
      9.118077278137207
    ],
    [
      -0.008103428408503532,
      1.5480536222457886,
      9.32773494720459
    ],
    [
      -0.016185501590371132,
      1.5910691022872925,
      9.52453327178955
    ],
    [
      -0.024733783677220345,
      1.6311017274856567,
      9.716225624084473
    ],
    [
      -0.03381851315498352,
      1.6690672636032104,
      9.9039945602417
    ],
    [
      -0.031970083713531494,
      1.7041816711425781,
      9.962345123291016
    ],
    [
      -0.033304907381534576,
      1.7287523746490479,
      9.978755950927734
    ],
    [
      -0.036058761179447174,
      1.7526401281356812,
      10.028069496154785
    ],
    [
      -0.03787767142057419,
      1.781813144683838,
      10.134604454040527
    ],
    [
      -0.038042157888412476,
      1.8086265325546265,
      10.230280876159668
    ]
  ],
  "uv_reprojected": [
    [
      116.49055480957031,
      336.7094421386719
    ],
    [
      106.92606353759766,
      387.84130859375
    ],
    [
      93.42822265625,
      390.952880859375
    ],
    [
      82.34320068359375,
      401.4026794433594
    ],
    [
      76.48424530029297,
      420.40179443359375
    ],
    [
      74.64041900634766,
      442.9209899902344
    ],
    [
      74.9684066772461,
      464.7778015136719
    ],
    [
      76.26997375488281,
      484.1729736328125
    ],
    [
      72.78231811523438,
      507.1773681640625
    ],
    [
      70.40402221679688,
      526.4483642578125
    ],
    [
      70.17083740234375,
      541.7581787109375
    ],
    [
      68.30915069580078,
      555.173828125
    ],
    [
      67.89222717285156,
      566.2178955078125
    ],
    [
      70.03003692626953,
      573.9775390625
    ],
    [
      71.5899887084961,
      580.2958984375
    ],
    [
      72.94538879394531,
      585.76220703125
    ],
    [
      74.19764709472656,
      590.5076904296875
    ],
    [
      75.47351837158203,
      594.663818359375
    ],
    [
      76.78369140625,
      598.3944091796875
    ],
    [
      76.47380828857422,
      602.9525146484375
    ],
    [
      76.66752624511719,
      606.3814086914062
    ],
    [
      77.05680084228516,
      609.3237915039062
    ],
    [
      77.27040100097656,
      612.3410034179688
    ],
    [
      77.241943359375,
      615.0850219726562
    ]
  ],
  "visible_prob": [
    1.0,
    1.0,
    1.0,
    1.0,
    1.0,
    1.0,
    1.0,
    1.0,
    1.0,
    1.0,
    1.0,
    1.0,
    1.0,
    1.0,
    1.0,
    1.0,
    1.0,
    1.0,
    1.0,
    1.0,
    1.0,
    1.0,
    1.0,
    1.0
  ],
  "ball_metrics": {
    "launch_angle_deg": 7.7,
    "launch_direction_deg": 4.8,
    "ball_speed_ms": 25.3,
    "carry_m": 19.8,
    "apex_m": 0.97,
    "descent_angle_deg": 9.9,
    "time_of_flight_s": 0.79
  },
  "spin": null,
  "metrics": {
    "sequence": 11,
    "rmse_2d_measured": 230.34320068359375,
    "rmse_2d_filtered": 230.29701232910156,
    "rmse_3d": 1.7626354694366455,
    "visibility_f1": 1.0,
    "smoothness_filtered": 7.051773548126221,
    "carry_err_m": 1.0515149028038646,
    "apex_err_m": 1.7676711827516556,
    "visible_prob_mean": 1.0,
    "visible_prob_max": 1.0,
    "gt_visible_rate": 1.0,
    "ball_launch_angle_deg": 7.7,
    "ball_launch_direction_deg": 4.8,
    "ball_ball_speed_ms": 25.3,
    "ball_carry_m": 19.8,
    "ball_apex_m": 0.97,
    "ball_descent_angle_deg": 9.9,
    "ball_time_of_flight_s": 0.79,
    "spin_backspin_rpm": 0.0,
    "spin_sidespin_rpm": 0.0
  }
}