{
  "measured_uv": [
    [
      271.59735107421875,
      310.3805236816406
    ],
    [
      269.8214416503906,
      309.25
    ],
    [
      272.0,
      299.0
    ],
    [
      267.0,
      311.0
    ],
    [
      266.0,
      310.0
    ],
    [
      273.0,
      304.0
    ],
    [
      193.07691955566406,
      302.6346130371094
    ],
    [
      195.5,
      301.5769348144531
    ],
    [
      178.0,
      287.5
    ],
    [
      178.0,
      288.0
    ],
    [
      153.13482666015625,
      302.7640380859375
    ],
    [
      154.6081085205078,
      302.04052734375
    ],
    [
      158.61764526367188,
      303.04412841796875
    ],
    [
      159.75,
      303.2884521484375
    ],
    [
      159.82608032226562,
      303.4565124511719
    ],
    [
      159.6976776123047,
      303.2558288574219
    ],
    [
      159.3333282470703,
      302.6333312988281
    ],
    [
      159.31817626953125,
      302.7727355957031
    ],
    [
      159.0,
      302.5
    ],
    [
      163.0,
      310.0
    ],
    [
      162.76922607421875,
      309.76922607421875
    ],
    [
      163.0,
      310.0
    ],
    [
      162.5238037109375,
      309.9047546386719
    ],
    [
      162.57484436035156,
      318.7005920410156
    ]
  ],
  "filtered_uv": [
    [
      271.59735107421875,
      310.3805236816406
    ],
    [
      269.9044189453125,
      309.3028259277344
    ],
    [
      271.9045715332031,
      299.46917724609375
    ],
    [
      267.2232971191406,
      310.4749450683594
    ],
    [
      266.0555725097656,
      310.0217590332031
    ],
    [
      272.68389892578125,
      304.27410888671875
    ],
    [
      196.69818115234375,
      302.70904541015625
    ],
    [
      195.5499267578125,
      301.628173828125
    ],
    [
      178.793212890625,
      288.1419677734375
    ],
    [
      178.0299530029297,
      288.00494384765625
    ],
    [
      154.25982666015625,
      302.0919189453125
    ],
    [
      154.58348083496094,
      302.0429382324219
    ],
    [
      158.4257049560547,
      302.99871826171875
    ],
    [
      159.6816864013672,
      303.2754821777344
    ],
    [
      159.81155395507812,
      303.4485168457031
    ],
    [
      159.69493103027344,
      303.26483154296875
    ],
    [
      159.34182739257812,
      302.6622009277344
    ],
    [
      159.31130981445312,
      302.767822265625
    ],
    [
      159.00621032714844,
      302.51226806640625
    ],
    [
      162.81103515625,
      309.6606750488281
    ],
    [
      162.76405334472656,
      309.7659606933594
    ],
    [
      162.98226928710938,
      309.9910583496094
    ],
    [
      162.53762817382812,
      309.9103698730469
    ],
    [
      162.56614685058594,
      318.30419921875
    ]
  ],
  "xyz_pred": [
    [
      -0.18921977281570435,
      0.5920391082763672,
      6.875221252441406
    ],
    [
      -0.23400388658046722,
      0.8563356995582581,
      10.216704368591309
    ],
    [
      -0.20384696125984192,
      1.036588430404663,
      11.373808860778809
    ],
    [
      -0.20978714525699615,
      1.245189905166626,
      12.318326950073242
    ],
    [
      -0.25552570819854736,
      1.4684643745422363,
      13.351226806640625
    ],
    [
      -0.3274519443511963,
      1.6866257190704346,
      14.461852073669434
    ],
    [
      -0.433031290769577,
      1.9139337539672852,
      15.852044105529785
    ],
    [
      -0.5325368046760559,
      2.1123464107513428,
      17.14231300354004
    ],
    [
      -0.6290441155433655,
      2.2928102016448975,
      18.39153289794922
    ],
    [
      -0.7250444293022156,
      2.460911512374878,
      19.637937545776367
    ],
    [
      -0.8054206967353821,
      2.651804208755493,
      20.900060653686523
    ],
    [
      -0.8837752938270569,
      2.8396737575531006,
      22.16538429260254
    ],
    [
      -0.9550439715385437,
      3.029679536819458,
      23.434541702270508
    ],
    [
      -1.0169473886489868,
      3.22961688041687,
      24.699007034301758
    ],
    [
      -1.0757337808609009,
      3.429952383041382,
      25.95050621032715
    ],
    [
      -1.1256780624389648,
      3.620342969894409,
      27.165395736694336
    ],
    [
      -1.1650209426879883,
      3.7917637825012207,
      28.277074813842773
    ],
    [
      -1.1921278238296509,
      3.9379653930664062,
      29.210805892944336
    ],
    [
      -1.2074766159057617,
      4.058582305908203,
      29.942960739135742
    ],
    [
      -1.2125266790390015,
      4.159536361694336,
      30.51093101501465
    ],
    [
      -1.2068439722061157,
      4.250339984893799,
      30.966981887817383
    ],
    [
      -1.1875256299972534,
      4.342059135437012,
      31.353824615478516
    ],
    [
      -1.160786747932434,
      4.432140350341797,
      31.692304611206055
    ],
    [
      -1.1358211040496826,
      4.511606216430664,
      31.985078811645508
    ]
  ],
  "uv_reprojected": [
    [
      271.7008972167969,
      194.8308868408203
    ],
    [
      268.89862060546875,
      227.7548065185547
    ],
    [
      265.875732421875,
      238.64077758789062
    ],
    [
      265.3344421386719,
      248.56546020507812
    ],
    [
      266.61376953125,
      257.6255187988281
    ],
    [
      268.7398986816406,
      265.1475524902344
    ],
    [
      271.5765380859375,
      271.599365234375
    ],
    [
      273.85125732421875,
      276.2760925292969
    ],
    [
      275.7550048828125,
      279.8548583984375
    ],
    [
      277.4041442871094,
      282.6600646972656
    ],
    [
      278.3848876953125,
      285.6661071777344
    ],
    [
      279.1950378417969,
      288.255126953125
    ],
    [
      279.73016357421875,
      290.6053771972656
    ],
    [
      279.9849853515625,
      292.92718505859375
    ],
    [
      280.1546936035156,
      295.0506896972656
    ],
    [
      280.1453857421875,
      296.8479309082031
    ],
    [
      280.0010986328125,
      298.30657958984375
    ],
    [
      279.7650451660156,
      299.48486328125
    ],
    [
      279.4705505371094,
      300.4595642089844
    ],
    [
      279.115478515625,
      301.30743408203125
    ],
    [
      278.6489562988281,
      302.12677001953125
    ],
    [
      277.9833068847656,
      303.0430908203125
    ],
    [
      277.2258605957031,
      303.9852600097656
    ],
    [
      276.54876708984375,
      304.8089294433594
    ]
  ],
  "visible_prob": [
    1.0,
    1.0,
    1.0,
    1.0,
    1.0,
    1.0,
    1.0,
    1.0,
    1.0,
    1.0,
    1.0,
    1.0,
    1.0,
    1.0,
    1.0,
    1.0,
    1.0,
    1.0,
    1.0,
    1.0,
    1.0,
    1.0,
    1.0,
    1.0
  ],
  "ball_metrics": {
    "launch_angle_deg": 7.7,
    "launch_direction_deg": -0.6,
    "ball_speed_ms": 91.0,
    "carry_m": 228.7,
    "apex_m": 8.18,
    "descent_angle_deg": 8.0,
    "time_of_flight_s": 2.54
  },
  "spin": null,
  "metrics": {
    "sequence": 1,
    "rmse_2d_measured": 93.10602569580078,
    "rmse_2d_filtered": 93.06056213378906,
    "rmse_3d": 9.704789161682129,
    "visibility_f1": 1.0,
    "smoothness_filtered": 15.532917022705078,
    "carry_err_m": 21.410315140639728,
    "apex_err_m": 4.470675569027662,
    "visible_prob_mean": 1.0,
    "visible_prob_max": 1.0,
    "gt_visible_rate": 1.0,
    "ball_launch_angle_deg": 7.7,
    "ball_launch_direction_deg": -0.6,
    "ball_ball_speed_ms": 91.0,
    "ball_carry_m": 228.7,
    "ball_apex_m": 8.18,
    "ball_descent_angle_deg": 8.0,
    "ball_time_of_flight_s": 2.54,
    "spin_backspin_rpm": 0.0,
    "spin_sidespin_rpm": 0.0
  }
}