{
  "measured_uv": [
    [
      321.0025634765625,
      437.75384521484375
    ],
    [
      318.70001220703125,
      442.29998779296875
    ],
    [
      326.7866516113281,
      433.6400146484375
    ],
    [
      325.3513488769531,
      432.9053955078125
    ],
    [
      325.1555480957031,
      433.4222106933594
    ],
    [
      325.0,
      432.8636474609375
    ],
    [
      320.5,
      442.5
    ],
    [
      213.0,
      435.5042419433594
    ],
    [
      224.0,
      429.1363525390625
    ],
    [
      221.0,
      387.0
    ],
    [
      227.26470947265625,
      355.73529052734375
    ],
    [
      228.26315307617188,
      355.2631530761719
    ],
    [
      233.125,
      344.375
    ],
    [
      233.64285278320312,
      344.21429443359375
    ],
    [
      203.95237731933594,
      348.19049072265625
    ],
    [
      207.5,
      349.0
    ],
    [
      201.0,
      346.5
    ],
    [
      172.5,
      362.5
    ],
    [
      174.25,
      360.5714416503906
    ],
    [
      174.6875,
      359.6458435058594
    ],
    [
      177.8333282470703,
      357.21429443359375
    ],
    [
      178.65957641601562,
      356.32977294921875
    ],
    [
      178.72042846679688,
      356.2903137207031
    ],
    [
      179.27835083007812,
      356.1134033203125
    ]
  ],
  "filtered_uv": [
    [
      321.0025634765625,
      437.75384521484375
    ],
    [
      318.8076171875,
      442.0875549316406
    ],
    [
      326.42327880859375,
      434.02471923828125
    ],
    [
      325.4002380371094,
      432.9562683105469
    ],
    [
      325.166748046875,
      433.40087890625
    ],
    [
      325.0076599121094,
      432.8879699707031
    ],
    [
      320.705078125,
      442.0626525878906
    ],
    [
      217.8975830078125,
      435.80291748046875
    ],
    [
      223.71463012695312,
      429.43939208984375
    ],
    [
      221.115966796875,
      388.9282531738281
    ],
    [
      226.97767639160156,
      357.23883056640625
    ],
    [
      228.19778442382812,
      355.3447265625
    ],
    [
      232.89443969726562,
      344.8647766113281
    ],
    [
      233.6027374267578,
      344.2340393066406
    ],
    [
      205.29214477539062,
      348.0010681152344
    ],
    [
      207.3892822265625,
      348.9454650878906
    ],
    [
      201.2797088623047,
      346.6019287109375
    ],
    [
      173.79400634765625,
      361.76959228515625
    ],
    [
      174.2127685546875,
      360.619384765625
    ],
    [
      174.64959716796875,
      359.6833801269531
    ],
    [
      177.67283630371094,
      357.3194274902344
    ],
    [
      178.5994415283203,
      356.3673400878906
    ],
    [
      178.6998291015625,
      356.2863464355469
    ],
    [
      179.23715209960938,
      356.1138000488281
    ]
  ],
  "xyz_pred": [
    [
      -0.19013316929340363,
      0.5234736204147339,
      6.6272053718566895
    ],
    [
      -0.23403066396713257,
      0.651181697845459,
      9.42780590057373
    ],
    [
      -0.18396441638469696,
      0.7702005505561829,
      10.20114803314209
    ],
    [
      -0.1516992747783661,
      0.9568192958831787,
      10.733574867248535
    ],
    [
      -0.16312828660011292,
      1.1668232679367065,
      11.538202285766602
    ],
    [
      -0.2118457853794098,
      1.3761317729949951,
      12.596589088439941
    ],
    [
      -0.2885354459285736,
      1.5471036434173584,
      13.798126220703125
    ],
    [
      -0.38039901852607727,
      1.6478478908538818,
      14.84111499786377
    ],
    [
      -0.46061694622039795,
      1.7392659187316895,
      15.738919258117676
    ],
    [
      -0.49850594997406006,
      1.8965868949890137,
      16.483491897583008
    ],
    [
      -0.5408709645271301,
      2.0568361282348633,
      17.214956283569336
    ],
    [
      -0.5968477129936218,
      2.21140456199646,
      18.056020736694336
    ],
    [
      -0.6606600880622864,
      2.3638103008270264,
      18.951112747192383
    ],
    [
      -0.7340071201324463,
      2.5156073570251465,
      19.940448760986328
    ],
    [
      -0.807556688785553,
      2.6838858127593994,
      21.069393157958984
    ],
    [
      -0.8815232515335083,
      2.8552114963531494,
      22.232954025268555
    ],
    [
      -0.9513745903968811,
      3.0292160511016846,
      23.426610946655273
    ],
    [
      -1.0240806341171265,
      3.2143678665161133,
      24.73703384399414
    ],
    [
      -1.087028980255127,
      3.4109437465667725,
      26.01612091064453
    ],
    [
      -1.1412124633789062,
      3.6012282371520996,
      27.259981155395508
    ],
    [
      -1.1844356060028076,
      3.771587610244751,
      28.395479202270508
    ],
    [
      -1.2149279117584229,
      3.9132144451141357,
      29.328813552856445
    ],
    [
      -1.2344484329223633,
      4.02443790435791,
      30.033449172973633
    ],
    [
      -1.2463308572769165,
      4.109498977661133,
      30.550535202026367
    ]
  ],
  "uv_reprojected": [
    [
      114.88972473144531,
      396.20452880859375
    ],
    [
      109.06063842773438,
      445.49017333984375
    ],
    [
      98.82408142089844,
      466.3550109863281
    ],
    [
      92.94344329833984,
      493.2540283203125
    ],
    [
      92.95089721679688,
      520.0531616210938
    ],
    [
      96.99079895019531,
      542.31005859375
    ],
    [
      103.162353515625,
      556.3655395507812
    ],
    [
      110.2787857055664,
      562.0176391601562
    ],
    [
      115.75860595703125,
      566.7200317382812
    ],
    [
      117.23101806640625,
      577.4724731445312
    ],
    [
      119.00389862060547,
      587.6146240234375
    ],
    [
      121.47140502929688,
      595.8526000976562
    ],
    [
      124.19414520263672,
      602.8822021484375
    ],
    [
      127.13206481933594,
      608.6945190429688
    ],
    [
      129.42138671875,
      614.31689453125
    ],
    [
      131.41293334960938,
      619.375
    ],
    [
      132.8624725341797,
      623.9323120117188
    ],
    [
      134.05023193359375,
      628.0811767578125
    ],
    [
      134.62950134277344,
      632.6199951171875
    ],
    [
      134.75180053710938,
      636.5781860351562
    ],
    [
      134.52279663085938,
      639.7161254882812
    ],
    [
      134.0889892578125,
      642.1932373046875
    ],
    [
      133.6036376953125,
      644.1710205078125
    ],
    [
      133.14117431640625,
      645.7293701171875
    ]
  ],
  "visible_prob": [
    1.0,
    1.0,
    1.0,
    1.0,
    1.0,
    1.0,
    1.0,
    1.0,
    1.0,
    1.0,
    1.0,
    1.0,
    1.0,
    1.0,
    1.0,
    1.0,
    1.0,
    1.0,
    1.0,
    1.0,
    1.0,
    1.0,
    1.0,
    1.0
  ],
  "ball_metrics": {
    "launch_angle_deg": 7.5,
    "launch_direction_deg": 0.3,
    "ball_speed_ms": 74.3,
    "carry_m": 148.8,
    "apex_m": 5.27,
    "descent_angle_deg": 7.9,
    "time_of_flight_s": 2.02
  },
  "spin": null,
  "metrics": {
    "sequence": 2,
    "rmse_2d_measured": 209.60633850097656,
    "rmse_2d_filtered": 209.7857666015625,
    "rmse_3d": 8.547146797180176,
    "visibility_f1": 0.6285714285714286,
    "smoothness_filtered": 21.905780792236328,
    "carry_err_m": 20.218461990150043,
    "apex_err_m": 4.100130109116435,
    "visible_prob_mean": 1.0,
    "visible_prob_max": 1.0,
    "gt_visible_rate": 0.4583333432674408,
    "ball_launch_angle_deg": 7.5,
    "ball_launch_direction_deg": 0.3,
    "ball_ball_speed_ms": 74.3,
    "ball_carry_m": 148.8,
    "ball_apex_m": 5.27,
    "ball_descent_angle_deg": 7.9,
    "ball_time_of_flight_s": 2.02,
    "spin_backspin_rpm": 0.0,
    "spin_sidespin_rpm": 0.0
  }
}