{
  "measured_uv": [
    [
      138.95248413085938,
      297.5330505371094
    ],
    [
      139.91598510742188,
      297.7317199707031
    ],
    [
      140.47093200683594,
      297.1075439453125
    ],
    [
      138.20057678222656,
      296.1404113769531
    ],
    [
      137.83871459960938,
      296.7483825683594
    ],
    [
      140.939697265625,
      300.0301513671875
    ],
    [
      142.21621704101562,
      300.5027160644531
    ],
    [
      142.80487060546875,
      300.6280517578125
    ],
    [
      141.10000610351562,
      299.2250061035156
    ],
    [
      140.7743377685547,
      298.65045166015625
    ],
    [
      140.49362182617188,
      298.3616943359375
    ],
    [
      140.68312072753906,
      297.7860107421875
    ],
    [
      140.0603790283203,
      297.1245422363281
    ],
    [
      140.0,
      296.6052551269531
    ],
    [
      136.64871215820312,
      294.14520263671875
    ],
    [
      134.9158172607422,
      292.3141784667969
    ],
    [
      133.49729919433594,
      290.6864929199219
    ],
    [
      132.6294403076172,
      290.0947570800781
    ],
    [
      114.21739196777344,
      297.1739196777344
    ],
    [
      114.21739196777344,
      297.1739196777344
    ],
    [
      114.0952377319336,
      297.4285583496094
    ],
    [
      113.78571319580078,
      297.8571472167969
    ],
    [
      113.71428680419922,
      298.0714416503906
    ],
    [
      113.71428680419922,
      298.0714416503906
    ]
  ],
  "filtered_uv": [
    [
      138.95248413085938,
      297.5330505371094
    ],
    [
      139.87095642089844,
      297.7224426269531
    ],
    [
      140.443603515625,
      297.13555908203125
    ],
    [
      138.30270385742188,
      296.1856994628906
    ],
    [
      137.8597869873047,
      296.7227478027344
    ],
    [
      140.79949951171875,
      299.8796691894531
    ],
    [
      142.15185546875,
      300.4745178222656
    ],
    [
      142.7753448486328,
      300.6212463378906
    ],
    [
      141.1763916015625,
      299.2886657714844
    ],
    [
      140.7926788330078,
      298.6795349121094
    ],
    [
      140.5072479248047,
      298.37615966796875
    ],
    [
      140.67514038085938,
      297.81280517578125
    ],
    [
      140.08831787109375,
      297.15570068359375
    ],
    [
      140.0039520263672,
      296.63006591796875
    ],
    [
      136.80093383789062,
      294.2577209472656
    ],
    [
      135.0007781982422,
      292.4017333984375
    ],
    [
      133.56460571289062,
      290.7633361816406
    ],
    [
      132.6707000732422,
      290.12384033203125
    ],
    [
      115.0527572631836,
      296.8529052734375
    ],
    [
      114.25028228759766,
      297.1593933105469
    ],
    [
      114.09713745117188,
      297.4164733886719
    ],
    [
      113.79469299316406,
      297.83734130859375
    ],
    [
      113.71275329589844,
      298.06109619140625
    ],
    [
      113.70905303955078,
      298.0712890625
    ]
  ],
  "xyz_pred": [
    [
      -0.20344488322734833,
      0.5928968191146851,
      6.8447651863098145
    ],
    [
      -0.24714544415473938,
      0.8390249609947205,
      9.993729591369629
    ],
    [
      -0.20994165539741516,
      1.016221523284912,
      11.043063163757324
    ],
    [
      -0.18720044195652008,
      1.2248485088348389,
      11.731422424316406
    ],
    [
      -0.20754392445087433,
      1.4507191181182861,
      12.607942581176758
    ],
    [
      -0.26223888993263245,
      1.6691347360610962,
      13.670533180236816
    ],
    [
      -0.3366156816482544,
      1.8706045150756836,
      14.801129341125488
    ],
    [
      -0.4207724332809448,
      2.05471134185791,
      15.939961433410645
    ],
    [
      -0.5083706974983215,
      2.22239089012146,
      17.08125114440918
    ],
    [
      -0.5955415964126587,
      2.381448268890381,
      18.23980140686035
    ],
    [
      -0.6880149841308594,
      2.531747341156006,
      19.42725944519043
    ],
    [
      -0.7689337730407715,
      2.696427583694458,
      20.636938095092773
    ],
    [
      -0.8450803756713867,
      2.8730413913726807,
      21.86229705810547
    ],
    [
      -0.9180105328559875,
      3.0466854572296143,
      23.093982696533203
    ],
    [
      -0.980934202671051,
      3.2288691997528076,
      24.32078742980957
    ],
    [
      -1.039732813835144,
      3.4132399559020996,
      25.537961959838867
    ],
    [
      -1.0935879945755005,
      3.5927298069000244,
      26.72911834716797
    ],
    [
      -1.1395549774169922,
      3.7550575733184814,
      27.8447208404541
    ],
    [
      -1.1750426292419434,
      3.8966379165649414,
      28.831172943115234
    ],
    [
      -1.1989023685455322,
      4.01281213760376,
      29.613386154174805
    ],
    [
      -1.2134144306182861,
      4.105936527252197,
      30.208539962768555
    ],
    [
      -1.220041275024414,
      4.183017253875732,
      30.668481826782227
    ],
    [
      -1.2181214094161987,
      4.253090858459473,
      31.04253578186035
    ],
    [
      -1.2045522928237915,
      4.3259968757629395,
      31.367612838745117
    ]
  ],
  "uv_reprojected": [
    [
      273.03631591796875,
      194.6273193359375
    ],
    [
      270.0066833496094,
      226.2600555419922
    ],
    [
      266.536376953125,
      237.20651245117188
    ],
    [
      264.6831359863281,
      247.3557891845703
    ],
    [
      264.98907470703125,
      257.0596618652344
    ],
    [
      266.6405029296875,
      265.0798645019531
    ],
    [
      268.8006591796875,
      271.2791442871094
    ],
    [
      271.0184326171875,
      276.0296630859375
    ],
    [
      273.06011962890625,
      279.6506652832031
    ],
    [
      274.8130798339844,
      282.5497131347656
    ],
    [
      276.490478515625,
      284.8268737792969
    ],
    [
      277.61016845703125,
      287.1642150878906
    ],
    [
      278.4564514160156,
      289.49761962890625
    ],
    [
      279.1217346191406,
      291.5074768066406
    ],
    [
      279.4749755859375,
      293.5012512207031
    ],
    [
      279.7055969238281,
      295.36260986328125
    ],
    [
      279.8272705078125,
      297.0020446777344
    ],
    [
      279.8343200683594,
      298.3040771484375
    ],
    [
      279.7315368652344,
      299.336669921875
    ],
    [
      279.56719970703125,
      300.1741638183594
    ],
    [
      279.37469482421875,
      300.8625183105469
    ],
    [
      279.1402587890625,
      301.4615478515625
    ],
    [
      278.8118591308594,
      302.05743408203125
    ],
    [
      278.3025817871094,
      302.759765625
    ]
  ],
  "visible_prob": [
    1.0,
    1.0,
    1.0,
    1.0,
    1.0,
    1.0,
    1.0,
    1.0,
    1.0,
    1.0,
    1.0,
    1.0,
    1.0,
    1.0,
    1.0,
    1.0,
    1.0,
    1.0,
    1.0,
    1.0,
    1.0,
    1.0,
    1.0,
    1.0
  ],
  "ball_metrics": {
    "launch_angle_deg": 8.5,
    "launch_direction_deg": -0.0,
    "ball_speed_ms": 87.4,
    "carry_m": 230.7,
    "apex_m": 9.03,
    "descent_angle_deg": 8.8,
    "time_of_flight_s": 2.67
  },
  "spin": null,
  "metrics": {
    "sequence": 4,
    "rmse_2d_measured": 124.19683837890625,
    "rmse_2d_filtered": 124.16890716552734,
    "rmse_3d": 9.113123893737793,
    "visibility_f1": 1.0,
    "smoothness_filtered": 2.9341773986816406,
    "carry_err_m": 20.821431702044585,
    "apex_err_m": 4.298698475584388,
    "visible_prob_mean": 1.0,
    "visible_prob_max": 1.0,
    "gt_visible_rate": 1.0,
    "ball_launch_angle_deg": 8.5,
    "ball_launch_direction_deg": -0.0,
    "ball_ball_speed_ms": 87.4,
    "ball_carry_m": 230.7,
    "ball_apex_m": 9.03,
    "ball_descent_angle_deg": 8.8,
    "ball_time_of_flight_s": 2.67,
    "spin_backspin_rpm": 0.0,
    "spin_sidespin_rpm": 0.0
  }
}