{
  "measured_uv": [
    [
      276.7241516113281,
      325.1576232910156
    ],
    [
      279.4864807128906,
      326.45947265625
    ],
    [
      277.6428527832031,
      326.78570556640625
    ],
    [
      278.058837890625,
      327.76470947265625
    ],
    [
      278.5416564941406,
      327.0833435058594
    ],
    [
      279.0,
      328.0
    ],
    [
      177.0,
      256.0
    ],
    [
      176.23529052734375,
      256.058837890625
    ],
    [
      171.38888549804688,
      259.27777099609375
    ],
    [
      172.0,
      259.0
    ],
    [
      157.19247436523438,
      246.0502166748047
    ],
    [
      156.92718505859375,
      244.708740234375
    ],
    [
      156.89634704589844,
      244.0
    ],
    [
      156.82786560058594,
      243.8524627685547
    ],
    [
      156.9736785888672,
      243.7236785888672
    ],
    [
      158.46665954589844,
      248.5
    ],
    [
      159.0,
      248.0
    ],
    [
      179.0211639404297,
      194.8253936767578
    ],
    [
      178.11880493164062,
      193.82177734375
    ],
    [
      179.2510986328125,
      192.39646911621094
    ],
    [
      178.59426879882812,
      191.8524627685547
    ],
    [
      179.7985382080078,
      190.42491149902344
    ],
    [
      180.73178100585938,
      189.54635620117188
    ],
    [
      181.05294799804688,
      188.89706420898438
    ]
  ],
  "filtered_uv": [
    [
      276.7241516113281,
      325.1576232910156
    ],
    [
      279.3573913574219,
      326.3986511230469
    ],
    [
      277.720947265625,
      326.76806640625
    ],
    [
      278.0434265136719,
      327.7193298339844
    ],
    [
      278.51898193359375,
      327.1123046875
    ],
    [
      278.9781188964844,
      327.9596252441406
    ],
    [
      278.978759765625,
      327.960693359375
    ],
    [
      178.67718505859375,
      257.7677307128906
    ],
    [
      171.7130126953125,
      259.20440673828125
    ],
    [
      171.97947692871094,
      259.004638671875
    ],
    [
      157.85691833496094,
      246.6341552734375
    ],
    [
      156.96041870117188,
      244.7901611328125
    ],
    [
      156.89016723632812,
      244.02963256835938
    ],
    [
      156.82162475585938,
      243.8541717529297
    ],
    [
      156.95773315429688,
      243.7232666015625
    ],
    [
      158.3892059326172,
      248.27691650390625
    ],
    [
      158.96359252929688,
      248.0070343017578
    ],
    [
      178.1029510498047,
      197.23175048828125
    ],
    [
      178.1133270263672,
      193.96090698242188
    ],
    [
      179.1947784423828,
      192.4512939453125
    ],
    [
      178.61700439453125,
      191.86326599121094
    ],
    [
      179.74041748046875,
      190.47369384765625
    ],
    [
      180.68258666992188,
      189.5717315673828
    ],
    [
      181.0321502685547,
      188.91085815429688
    ]
  ],
  "xyz_pred": [
    [
      -0.19137082993984222,
      0.5947762727737427,
      6.929469585418701
    ],
    [
      -0.238297700881958,
      0.8557276725769043,
      10.288102149963379
    ],
    [
      -0.21996138989925385,
      1.0327210426330566,
      11.579804420471191
    ],
    [
      -0.22137123346328735,
      1.2333226203918457,
      12.44278621673584
    ],
    [
      -0.26242947578430176,
      1.452911376953125,
      13.422316551208496
    ],
    [
      -0.33495402336120605,
      1.6677460670471191,
      14.566824913024902
    ],
    [
      -0.42572954297065735,
      1.8679049015045166,
      15.800858497619629
    ],
    [
      -0.5211884379386902,
      2.0500900745391846,
      17.06157875061035
    ],
    [
      -0.623807430267334,
      2.219857931137085,
      18.37163734436035
    ],
    [
      -0.7219919562339783,
      2.38171648979187,
      19.671152114868164
    ],
    [
      -0.797710657119751,
      2.5652544498443604,
      20.93861198425293
    ],
    [
      -0.8702059388160706,
      2.745082139968872,
      22.194002151489258
    ],
    [
      -0.9388562440872192,
      2.9293482303619385,
      23.439302444458008
    ],
    [
      -0.9971721768379211,
      3.135030508041382,
      24.677831649780273
    ],
    [
      -1.0509926080703735,
      3.347600221633911,
      25.922115325927734
    ],
    [
      -1.1022933721542358,
      3.564512014389038,
      27.18145751953125
    ],
    [
      -1.1443639993667603,
      3.773759603500366,
      28.39179039001465
    ],
    [
      -1.1530803442001343,
      3.932462215423584,
      29.169954299926758
    ],
    [
      -1.14229154586792,
      4.088652610778809,
      29.854700088500977
    ],
    [
      -1.1125192642211914,
      4.246103286743164,
      30.446210861206055
    ],
    [
      -1.0737154483795166,
      4.400635719299316,
      30.98704719543457
    ],
    [
      -1.0354559421539307,
      4.534705638885498,
      31.42551040649414
    ],
    [
      -1.0084187984466553,
      4.637531280517578,
      31.767017364501953
    ],
    [
      -0.9933114647865295,
      4.710766792297363,
      32.02399826049805
    ]
  ],
  "uv_reprojected": [
    [
      271.7585144042969,
      195.50416564941406
    ],
    [
      269.0554504394531,
      227.9136199951172
    ],
    [
      266.5267028808594,
      238.76080322265625
    ],
    [
      265.7960205078125,
      248.14151000976562
    ],
    [
      266.8643798828125,
      257.0183410644531
    ],
    [
      268.9533996582031,
      264.41082763671875
    ],
    [
      271.3498229980469,
      270.1616516113281
    ],
    [
      273.5368347167969,
      274.5085144042969
    ],
    [
      275.6045227050781,
      277.8486633300781
    ],
    [
      277.27215576171875,
      280.5520935058594
    ],
    [
      278.1183776855469,
      283.4933166503906
    ],
    [
      278.7928466796875,
      286.03009033203125
    ],
    [
      279.3060302734375,
      288.40655517578125
    ],
    [
      279.5201416015625,
      290.997314453125
    ],
    [
      279.6030578613281,
      293.4679870605469
    ],
    [
      279.60845947265625,
      295.77154541015625
    ],
    [
      279.4585876464844,
      297.8069152832031
    ],
    [
      278.9874267578125,
      299.4505615234375
    ],
    [
      278.21795654296875,
      301.1096496582031
    ],
    [
      277.1734924316406,
      302.8616027832031
    ],
    [
      276.0265808105469,
      304.57958984375
    ],
    [
      274.99444580078125,
      306.0721740722656
    ],
    [
      274.2630310058594,
      307.180419921875
    ],
    [
      273.8221740722656,
      307.93255615234375
    ]
  ],
  "visible_prob": [
    1.0,
    1.0,
    1.0,
    1.0,
    1.0,
    1.0,
    1.0,
    1.0,
    1.0,
    1.0,
    1.0,
    1.0,
    1.0,
    1.0,
    1.0,
    1.0,
    1.0,
    1.0,
    1.0,
    1.0,
    1.0,
    1.0,
    1.0,
    1.0
  ],
  "ball_metrics": {
    "launch_angle_deg": 7.5,
    "launch_direction_deg": -0.6,
    "ball_speed_ms": 91.0,
    "carry_m": 223.7,
    "apex_m": 7.84,
    "descent_angle_deg": 7.8,
    "time_of_flight_s": 2.48
  },
  "spin": null,
  "metrics": {
    "sequence": 0,
    "rmse_2d_measured": 154.51458740234375,
    "rmse_2d_filtered": 153.5592498779297,
    "rmse_3d": 9.76348876953125,
    "visibility_f1": 1.0,
    "smoothness_filtered": 18.98015594482422,
    "carry_err_m": 21.336962100778653,
    "apex_err_m": 4.691964589059353,
    "visible_prob_mean": 1.0,
    "visible_prob_max": 1.0,
    "gt_visible_rate": 1.0,
    "ball_launch_angle_deg": 7.5,
    "ball_launch_direction_deg": -0.6,
    "ball_ball_speed_ms": 91.0,
    "ball_carry_m": 223.7,
    "ball_apex_m": 7.84,
    "ball_descent_angle_deg": 7.8,
    "ball_time_of_flight_s": 2.48,
    "spin_backspin_rpm": 0.0,
    "spin_sidespin_rpm": 0.0
  }
}