{
  "measured_uv": [
    [
      270.48333740234375,
      429.6166687011719
    ],
    [
      276.84173583984375,
      435.9640197753906
    ],
    [
      257.0392150878906,
      411.0980529785156
    ],
    [
      223.6666717529297,
      366.5
    ],
    [
      154.3913116455078,
      360.2173767089844
    ],
    [
      156.5,
      359.0
    ],
    [
      159.44680786132812,
      345.5638427734375
    ],
    [
      133.75,
      341.70001220703125
    ],
    [
      135.28125,
      340.34375
    ],
    [
      134.0,
      339.0
    ],
    [
      109.42105102539062,
      336.0526428222656
    ],
    [
      109.5,
      336.0
    ],
    [
      109.5,
      336.0
    ],
    [
      135.35714721679688,
      350.78570556640625
    ],
    [
      135.35714721679688,
      349.78570556640625
    ],
    [
      135.1666717529297,
      349.0
    ],
    [
      135.0,
      349.5
    ],
    [
      102.37777709960938,
      314.5555419921875
    ],
    [
      102.7727279663086,
      316.6363525390625
    ],
    [
      103.28571319580078,
      318.61224365234375
    ],
    [
      103.27118682861328,
      317.72882080078125
    ],
    [
      103.6119384765625,
      318.328369140625
    ],
    [
      103.7727279663086,
      319.1515197753906
    ],
    [
      104.0,
      320.3793029785156
    ]
  ],
  "filtered_uv": [
    [
      270.48333740234375,
      429.6166687011719
    ],
    [
      276.54461669921875,
      435.66741943359375
    ],
    [
      257.927490234375,
      412.2169189453125
    ],
    [
      225.2261505126953,
      368.5809631347656
    ],
    [
      157.6140899658203,
      360.5966491699219
    ],
    [
      156.547119140625,
      359.07098388671875
    ],
    [
      159.311279296875,
      346.1764831542969
    ],
    [
      134.908935546875,
      341.9010314941406
    ],
    [
      135.25904846191406,
      340.41168212890625
    ],
    [
      134.05198669433594,
      339.0611572265625
    ],
    [
      110.53486633300781,
      336.18621826171875
    ],
    [
      109.53904724121094,
      336.0050354003906
    ],
    [
      109.49370574951172,
      335.9967956542969
    ],
    [
      134.17489624023438,
      350.11083984375
    ],
    [
      135.2991485595703,
      349.79913330078125
    ],
    [
      135.1685333251953,
      349.0348815917969
    ],
    [
      135.0034942626953,
      349.4774169921875
    ],
    [
      103.85326385498047,
      316.137939453125
    ],
    [
      102.81146240234375,
      316.6058044433594
    ],
    [
      103.25379180908203,
      318.51348876953125
    ],
    [
      103.26012420654297,
      317.7570495605469
    ],
    [
      103.58578491210938,
      318.2950134277344
    ],
    [
      103.75418090820312,
      319.10540771484375
    ],
    [
      103.97888946533203,
      320.3145446777344
    ]
  ],
  "xyz_pred": [
    [
      -0.17859922349452972,
      0.40507519245147705,
      5.823376178741455
    ],
    [
      -0.20169225335121155,
      0.4623129367828369,
      7.959129333496094
    ],
    [
      -0.13027627766132355,
      0.5468232035636902,
      8.461811065673828
    ],
    [
      -0.08663259446620941,
      0.7395886182785034,
      8.938700675964355
    ],
    [
      -0.07684747874736786,
      0.9730576872825623,
      9.72365665435791
    ],
    [
      -0.10609915852546692,
      1.2026166915893555,
      10.753859519958496
    ],
    [
      -0.16692599654197693,
      1.4196993112564087,
      11.95783519744873
    ],
    [
      -0.2393847405910492,
      1.6157772541046143,
      13.17998218536377
    ],
    [
      -0.31835711002349854,
      1.7873561382293701,
      14.356768608093262
    ],
    [
      -0.3998442590236664,
      1.9393622875213623,
      15.483342170715332
    ],
    [
      -0.4799897372722626,
      2.077065944671631,
      16.556509017944336
    ],
    [
      -0.5629929304122925,
      2.2032268047332764,
      17.620805740356445
    ],
    [
      -0.6502105593681335,
      2.3245737552642822,
      18.703495025634766
    ],
    [
      -0.7395108342170715,
      2.4472854137420654,
      19.807371139526367
    ],
    [
      -0.8186735510826111,
      2.5965583324432373,
      20.944555282592773
    ],
    [
      -0.8953931927680969,
      2.761843681335449,
      22.118675231933594
    ],
    [
      -0.9701046347618103,
      2.9348433017730713,
      23.320646286010742
    ],
    [
      -1.035467267036438,
      3.1329586505889893,
      24.55225944519043
    ],
    [
      -1.0944193601608276,
      3.337313413619995,
      25.801010131835938
    ],
    [
      -1.147329568862915,
      3.535435914993286,
      27.03290557861328
    ],
    [
      -1.1898162364959717,
      3.7142438888549805,
      28.17778968811035
    ],
    [
      -1.2199769020080566,
      3.8649799823760986,
      29.143651962280273
    ],
    [
      -1.238952398300171,
      3.9852230548858643,
      29.887556076049805
    ],
    [
      -1.2498884201049805,
      4.078362941741943,
      30.43819808959961
    ]
  ],
  "uv_reprojected": [
    [
      117.87420654296875,
      352.7463073730469
    ],
    [
      109.84091186523438,
      401.541015625
    ],
    [
      94.84705352783203,
      421.73883056640625
    ],
    [
      86.24752807617188,
      457.246337890625
    ],
    [
      83.55078125,
      495.4830627441406
    ],
    [
      86.51029968261719,
      526.72998046875
    ],
    [
      92.68170166015625,
      550.1547241210938
    ],
    [
      99.0186538696289,
      566.8580932617188
    ],
    [
      105.0672607421875,
      578.4973754882812
    ],
    [
      110.56935119628906,
      586.8236694335938
    ],
    [
      115.34382629394531,
      593.07373046875
    ],
    [
      119.8056640625,
      597.655517578125
    ],
    [
      124.04766082763672,
      601.23388671875
    ],
    [
      127.92384338378906,
      604.40478515625
    ],
    [
      130.56602478027344,
      608.920166015625
    ],
    [
      132.66717529296875,
      613.8341674804688
    ],
    [
      134.35154724121094,
      618.5903930664062
    ],
    [
      135.2191619873047,
      624.2244262695312
    ],
    [
      135.5865478515625,
      629.5853881835938
    ],
    [
      135.62313842773438,
      634.2005004882812
    ],
    [
      135.29652404785156,
      637.851318359375
    ],
    [
      134.74696350097656,
      640.7025146484375
    ],
    [
      134.13331604003906,
      642.97607421875
    ],
    [
      133.5443878173828,
      644.786376953125
    ]
  ],
  "visible_prob": [
    1.0,
    1.0,
    1.0,
    1.0,
    1.0,
    1.0,
    1.0,
    1.0,
    1.0,
    1.0,
    1.0,
    1.0,
    1.0,
    1.0,
    1.0,
    1.0,
    1.0,
    1.0,
    1.0,
    1.0,
    1.0,
    1.0,
    1.0,
    1.0
  ],
  "ball_metrics": {
    "launch_angle_deg": 8.3,
    "launch_direction_deg": 1.5,
    "ball_speed_ms": 59.1,
    "carry_m": 104.4,
    "apex_m": 4.1,
    "descent_angle_deg": 8.7,
    "time_of_flight_s": 1.78
  },
  "spin": null,
  "metrics": {
    "sequence": 9,
    "rmse_2d_measured": 223.263427734375,
    "rmse_2d_filtered": 223.22122192382812,
    "rmse_3d": 8.346961975097656,
    "visibility_f1": 0.8571428571428571,
    "smoothness_filtered": 20.426349639892578,
    "carry_err_m": 20.907527797586063,
    "apex_err_m": 4.06197252497077,
    "visible_prob_mean": 1.0,
    "visible_prob_max": 1.0,
    "gt_visible_rate": 0.75,
    "ball_launch_angle_deg": 8.3,
    "ball_launch_direction_deg": 1.5,
    "ball_ball_speed_ms": 59.1,
    "ball_carry_m": 104.4,
    "ball_apex_m": 4.1,
    "ball_descent_angle_deg": 8.7,
    "ball_time_of_flight_s": 1.78,
    "spin_backspin_rpm": 0.0,
    "spin_sidespin_rpm": 0.0
  }
}