{
  "measured_uv": [
    [
      234.5126953125,
      130.46420288085938
    ],
    [
      235.86624145507812,
      134.96815490722656
    ],
    [
      235.9014129638672,
      135.04225158691406
    ],
    [
      236.18045043945312,
      135.39849853515625
    ],
    [
      236.05833435058594,
      135.4250030517578
    ],
    [
      235.7572784423828,
      135.126220703125
    ],
    [
      235.5569610595703,
      134.03797912597656
    ],
    [
      235.53125,
      134.109375
    ],
    [
      234.5,
      134.5
    ],
    [
      227.3000030517578,
      126.69999694824219
    ],
    [
      227.0,
      126.5
    ],
    [
      227.0,
      126.0
    ],
    [
      226.6999969482422,
      126.30000305175781
    ],
    [
      226.2142791748047,
      126.78571319580078
    ],
    [
      224.11627197265625,
      124.44186401367188
    ],
    [
      231.4646453857422,
      131.89898681640625
    ],
    [
      231.8787841796875,
      135.7515106201172
    ],
    [
      232.38673400878906,
      136.33702087402344
    ],
    [
      232.10243225097656,
      136.38536071777344
    ],
    [
      233.3198699951172,
      132.6531982421875
    ],
    [
      223.8931121826172,
      129.1666717529297
    ],
    [
      213.0,
      150.5
    ],
    [
      212.5,
      150.75
    ],
    [
      212.0,
      150.5
    ]
  ],
  "filtered_uv": [
    [
      234.5126953125,
      130.46420288085938
    ],
    [
      235.80299377441406,
      134.7576904296875
    ],
    [
      235.8969268798828,
      135.029296875
    ],
    [
      236.16754150390625,
      135.38169860839844
    ],
    [
      236.0633087158203,
      135.4230499267578
    ],
    [
      235.77120971679688,
      135.13973999023438
    ],
    [
      235.5666961669922,
      134.0880889892578
    ],
    [
      235.5328369140625,
      134.10833740234375
    ],
    [
      234.54693603515625,
      134.4821319580078
    ],
    [
      227.62925720214844,
      127.05365753173828
    ],
    [
      227.0277862548828,
      126.52438354492188
    ],
    [
      227.00039672851562,
      126.02298736572266
    ],
    [
      226.7127685546875,
      126.28652954101562
    ],
    [
      226.2360076904297,
      126.76219940185547
    ],
    [
      224.2115020751953,
      124.54640197753906
    ],
    [
      231.1342315673828,
      131.56422424316406
    ],
    [
      231.84490966796875,
      135.5616455078125
    ],
    [
      232.36219787597656,
      136.30267333984375
    ],
    [
      232.11434936523438,
      136.382568359375
    ],
    [
      233.2653045654297,
      132.82322692871094
    ],
    [
      224.31817626953125,
      129.3325653076172
    ],
    [
      213.5110626220703,
      149.5403594970703
    ],
    [
      212.54147338867188,
      150.69947814941406
    ],
    [
      212.0199737548828,
      150.51358032226562
    ]
  ],
  "xyz_pred": [
    [
      0.02272297628223896,
      0.5868178009986877,
      4.739268779754639
    ],
    [
      0.17321327328681946,
      0.9265623092651367,
      6.345165252685547
    ],
    [
      0.3355950713157654,
      1.208676815032959,
      6.551243782043457
    ],
    [
      0.4411986470222473,
      1.497819423675537,
      6.728758335113525
    ],
    [
      0.506748616695404,
      1.8039369583129883,
      7.184716701507568
    ],
    [
      0.5511900186538696,
      2.121095657348633,
      7.878814220428467
    ],
    [
      0.5851117968559265,
      2.437993288040161,
      8.715863227844238
    ],
    [
      0.6130656599998474,
      2.7497880458831787,
      9.621065139770508
    ],
    [
      0.6380298137664795,
      3.0495662689208984,
      10.54694652557373
    ],
    [
      0.6612188220024109,
      3.3321335315704346,
      11.470622062683105
    ],
    [
      0.682318389415741,
      3.597830057144165,
      12.388293266296387
    ],
    [
      0.7014195322990417,
      3.8493692874908447,
      13.303053855895996
    ],
    [
      0.7273293137550354,
      4.098387718200684,
      14.21923828125
    ],
    [
      0.7580450177192688,
      4.345865726470947,
      15.145658493041992
    ],
    [
      0.7870000600814819,
      4.589517593383789,
      16.090682983398438
    ],
    [
      0.8138371109962463,
      4.829401969909668,
      17.058815002441406
    ],
    [
      0.8355974555015564,
      5.06125545501709,
      18.0577335357666
    ],
    [
      0.849663496017456,
      5.27772855758667,
      19.074369430541992
    ],
    [
      0.8515354990959167,
      5.4685163497924805,
      20.092607498168945
    ],
    [
      0.8386337757110596,
      5.624235153198242,
      21.079618453979492
    ],
    [
      0.8042967915534973,
      5.736712455749512,
      22.04805564880371
    ],
    [
      0.6698814034461975,
      5.769024848937988,
      23.561471939086914
    ],
    [
      0.5245136022567749,
      5.743504047393799,
      24.908235549926758
    ],
    [
      0.36852747201919556,
      5.673028945922852,
      26.15870475769043
    ]
  ],
  "uv_reprojected": [
    [
      64.40703582763672,
      376.2867126464844
    ],
    [
      30.479167938232422,
      484.8289489746094
    ],
    [
      -5.595359802246094,
      548.2220458984375
    ],
    [
      -27.219451904296875,
      609.7553100585938
    ],
    [
      -34.700958251953125,
      664.888916015625
    ],
    [
      -33.837120056152344,
      708.90234375
    ],
    [
      -29.57549285888672,
      741.63720703125
    ],
    [
      -24.433441162109375,
      765.9227294921875
    ],
    [
      -19.568397521972656,
      783.79296875
    ],
    [
      -15.272026062011719,
      796.6399536132812
    ],
    [
      -11.402084350585938,
      805.7291259765625
    ],
    [
      -7.856895446777344,
      812.0758056640625
    ],
    [
      -5.482154846191406,
      817.3138427734375
    ],
    [
      -3.8225936889648438,
      821.548095703125
    ],
    [
      -2.103851318359375,
      824.5645141601562
    ],
    [
      -0.2907867431640625,
      826.4732666015625
    ],
    [
      1.8712692260742188,
      826.958251953125
    ],
    [
      4.477813720703125,
      825.903076171875
    ],
    [
      7.740726470947266,
      823.056396484375
    ],
    [
      11.655223846435547,
      818.5296630859375
    ],
    [
      16.63776397705078,
      811.8046875
    ],
    [
      28.771373748779297,
      793.4855346679688
    ],
    [
      39.88783264160156,
      775.8646240234375
    ],
    [
      50.39568328857422,
      758.5091552734375
    ]
  ],
  "visible_prob": [
    1.0,
    1.0,
    1.0,
    1.0,
    1.0,
    1.0,
    1.0,
    1.0,
    1.0,
    1.0,
    1.0,
    1.0,
    1.0,
    1.0,
    1.0,
    1.0,
    1.0,
    1.0,
    1.0,
    1.0,
    1.0,
    1.0,
    1.0,
    1.0
  ],
  "ball_metrics": {
    "launch_angle_deg": 26.0,
    "launch_direction_deg": 11.2,
    "ball_speed_ms": 41.6,
    "carry_m": 140.4,
    "apex_m": 17.58,
    "descent_angle_deg": 26.4,
    "time_of_flight_s": 3.75
  },
  "spin": null,
  "metrics": {
    "sequence": 1,
    "rmse_2d_measured": 0.0,
    "rmse_2d_filtered": 0.0,
    "rmse_3d": 1.449315071105957,
    "visibility_f1": 0.0,
    "smoothness_filtered": 5.30530309677124,
    "carry_err_m": 3.671612381183234,
    "apex_err_m": 1.6843008995056152,
    "visible_prob_mean": 1.0,
    "visible_prob_max": 1.0,
    "gt_visible_rate": 0.0,
    "ball_launch_angle_deg": 26.0,
    "ball_launch_direction_deg": 11.2,
    "ball_ball_speed_ms": 41.6,
    "ball_carry_m": 140.4,
    "ball_apex_m": 17.58,
    "ball_descent_angle_deg": 26.4,
    "ball_time_of_flight_s": 3.75,
    "spin_backspin_rpm": 0.0,
    "spin_sidespin_rpm": 0.0
  }
}