{
  "measured_uv": [
    [
      270.1378479003906,
      432.31829833984375
    ],
    [
      272.6805419921875,
      434.6388854980469
    ],
    [
      256.76470947265625,
      425.29412841796875
    ],
    [
      230.13043212890625,
      380.6956481933594
    ],
    [
      269.6190490722656,
      417.0
    ],
    [
      270.8888854980469,
      414.0
    ],
    [
      148.80661010742188,
      423.2217102050781
    ],
    [
      148.356689453125,
      384.6751708984375
    ],
    [
      147.8688507080078,
      389.0
    ],
    [
      148.86207580566406,
      390.03448486328125
    ],
    [
      149.3000030517578,
      390.29998779296875
    ],
    [
      130.47500610351562,
      391.4750061035156
    ],
    [
      130.19564819335938,
      391.9565124511719
    ],
    [
      129.02468872070312,
      390.8271484375
    ],
    [
      119.36111450195312,
      436.5
    ],
    [
      121.4473648071289,
      442.6842041015625
    ],
    [
      122.21568298339844,
      441.5
    ],
    [
      122.890625,
      436.75
    ],
    [
      123.39655303955078,
      436.10345458984375
    ],
    [
      124.31745910644531,
      435.9047546386719
    ],
    [
      127.17778015136719,
      436.3333435058594
    ],
    [
      128.04444885253906,
      436.3333435058594
    ],
    [
      128.5,
      436.20001220703125
    ],
    [
      129.1086883544922,
      436.36956787109375
    ]
  ],
  "filtered_uv": [
    [
      270.1378479003906,
      432.31829833984375
    ],
    [
      272.5617370605469,
      434.53045654296875
    ],
    [
      257.4841003417969,
      425.7147521972656
    ],
    [
      231.37550354003906,
      382.7449951171875
    ],
    [
      267.877685546875,
      415.4398193359375
    ],
    [
      270.7524108886719,
      414.0655517578125
    ],
    [
      270.7673034667969,
      414.06512451171875
    ],
    [
      151.266357421875,
      385.3736572265625
    ],
    [
      148.01559448242188,
      388.83331298828125
    ],
    [
      148.81578063964844,
      389.97821044921875
    ],
    [
      149.270263671875,
      390.2837829589844
    ],
    [
      131.32110595703125,
      391.41937255859375
    ],
    [
      130.2368927001953,
      391.93072509765625
    ],
    [
      129.06973266601562,
      390.8759460449219
    ],
    [
      119.7916488647461,
      434.427734375
    ],
    [
      121.36065673828125,
      442.3150939941406
    ],
    [
      122.16563415527344,
      441.5438537597656
    ],
    [
      122.84668731689453,
      436.97412109375
    ],
    [
      123.36074829101562,
      436.1487121582031
    ],
    [
      124.26337432861328,
      435.92138671875
    ],
    [
      127.03524017333984,
      436.3201599121094
    ],
    [
      127.98895263671875,
      436.33831787109375
    ],
    [
      128.4673614501953,
      436.2118225097656
    ],
    [
      129.07034301757812,
      436.3678894042969
    ]
  ],
  "xyz_pred": [
    [
      -0.17486649751663208,
      0.39621207118034363,
      5.714991092681885
    ],
    [
      -0.19663599133491516,
      0.45278745889663696,
      7.835502624511719
    ],
    [
      -0.14253734052181244,
      0.47458142042160034,
      8.129508972167969
    ],
    [
      -0.08590208739042282,
      0.6371726989746094,
      8.333636283874512
    ],
    [
      -0.06778226792812347,
      0.8536062836647034,
      8.965618133544922
    ],
    [
      -0.08449095487594604,
      1.0773978233337402,
      9.930853843688965
    ],
    [
      -0.1273685097694397,
      1.2967935800552368,
      11.092516899108887
    ],
    [
      -0.2073146551847458,
      1.447340726852417,
      12.312582969665527
    ],
    [
      -0.2831864356994629,
      1.5636157989501953,
      13.342329025268555
    ],
    [
      -0.35067829489707947,
      1.666104793548584,
      14.240525245666504
    ],
    [
      -0.41220295429229736,
      1.7643115520477295,
      15.040730476379395
    ],
    [
      -0.46827271580696106,
      1.8526655435562134,
      15.712510108947754
    ],
    [
      -0.5140409469604492,
      1.944997787475586,
      16.344961166381836
    ],
    [
      -0.5518170595169067,
      2.04106068611145,
      16.95826530456543
    ],
    [
      -0.5401989817619324,
      2.1604812145233154,
      17.23885154724121
    ],
    [
      -0.5180619359016418,
      2.2652461528778076,
      17.395668029785156
    ],
    [
      -0.4981437623500824,
      2.3721601963043213,
      17.617874145507812
    ],
    [
      -0.48527684807777405,
      2.4823691844940186,
      17.932321548461914
    ],
    [
      -0.4778786897659302,
      2.5829803943634033,
      18.248868942260742
    ],
    [
      -0.47439002990722656,
      2.6772940158843994,
      18.570703506469727
    ],
    [
      -0.4717447757720947,
      2.7690117359161377,
      18.89330291748047
    ],
    [
      -0.4708884358406067,
      2.8565609455108643,
      19.214872360229492
    ],
    [
      -0.4718483090400696,
      2.9395945072174072,
      19.53385353088379
    ],
    [
      -0.4737824499607086,
      3.0181963443756104,
      19.844507217407227
    ]
  ],
  "uv_reprojected": [
    [
      117.76641082763672,
      347.77093505859375
    ],
    [
      109.47081756591797,
      398.2807922363281
    ],
    [
      98.0697021484375,
      405.71685791015625
    ],
    [
      87.17626953125,
      436.4835205078125
    ],
    [
      83.0338134765625,
      475.9842224121094
    ],
    [
      84.46257781982422,
      510.8663635253906
    ],
    [
      88.94700622558594,
      538.204833984375
    ],
    [
      97.02082824707031,
      551.8629760742188
    ],
    [
      103.63493347167969,
      560.2626953125
    ],
    [
      108.76200866699219,
      566.7072143554688
    ],
    [
      112.95387268066406,
      572.4721069335938
    ],
    [
      116.56735229492188,
      577.4090576171875
    ],
    [
      119.0503921508789,
      582.5059814453125
    ],
    [
      120.69403076171875,
      587.6490478515625
    ],
    [
      118.87947082519531,
      596.2913208007812
    ],
    [
      116.53500366210938,
      604.2007446289062
    ],
    [
      114.26422119140625,
      611.7146606445312
    ],
    [
      112.4349365234375,
      618.6741333007812
    ],
    [
      111.11602020263672,
      624.6085815429688
    ],
    [
      110.14859008789062,
      629.8056030273438
    ],
    [
      109.2799072265625,
      634.6187133789062
    ],
    [
      108.58271789550781,
      638.960205078125
    ],
    [
      108.05347442626953,
      642.8399047851562
    ],
    [
      107.63031768798828,
      646.331298828125
    ]
  ],
  "visible_prob": [
    1.0,
    1.0,
    1.0,
    1.0,
    1.0,
    1.0,
    1.0,
    1.0,
    1.0,
    1.0,
    1.0,
    1.0,
    1.0,
    1.0,
    1.0,
    1.0,
    1.0,
    1.0,
    1.0,
    1.0,
    1.0,
    1.0,
    1.0,
    1.0
  ],
  "ball_metrics": {
    "launch_angle_deg": 8.0,
    "launch_direction_deg": 1.9,
    "ball_speed_ms": 49.3,
    "carry_m": 70.9,
    "apex_m": 2.8,
    "descent_angle_deg": 8.6,
    "time_of_flight_s": 1.45
  },
  "spin": null,
  "metrics": {
    "sequence": 8,
    "rmse_2d_measured": 223.784912109375,
    "rmse_2d_filtered": 220.7322998046875,
    "rmse_3d": 5.543117523193359,
    "visibility_f1": 0.7027027027027027,
    "smoothness_filtered": 27.090913772583008,
    "carry_err_m": 10.399209651803938,
    "apex_err_m": 3.005798845551908,
    "visible_prob_mean": 1.0,
    "visible_prob_max": 1.0,
    "gt_visible_rate": 0.5416666865348816,
    "ball_launch_angle_deg": 8.0,
    "ball_launch_direction_deg": 1.9,
    "ball_ball_speed_ms": 49.3,
    "ball_carry_m": 70.9,
    "ball_apex_m": 2.8,
    "ball_descent_angle_deg": 8.6,
    "ball_time_of_flight_s": 1.45,
    "spin_backspin_rpm": 0.0,
    "spin_sidespin_rpm": 0.0
  }
}