{
  "measured_uv": [
    [
      164.69677734375,
      296.1806335449219
    ],
    [
      166.1999969482422,
      296.5454406738281
    ],
    [
      167.5,
      296.0
    ],
    [
      164.5,
      298.0
    ],
    [
      175.5,
      288.28570556640625
    ],
    [
      172.0,
      298.0
    ],
    [
      162.2413787841797,
      280.3448181152344
    ],
    [
      172.02325439453125,
      273.7209167480469
    ],
    [
      173.93804931640625,
      276.99114990234375
    ],
    [
      178.44203186035156,
      276.52899169921875
    ],
    [
      182.968505859375,
      274.97637939453125
    ],
    [
      191.83253479003906,
      271.8756103515625
    ],
    [
      193.5263214111328,
      271.9824523925781
    ],
    [
      195.9932861328125,
      275.16778564453125
    ],
    [
      198.01419067382812,
      275.7234191894531
    ],
    [
      199.48304748535156,
      276.0169372558594
    ],
    [
      201.425537109375,
      281.574462890625
    ],
    [
      201.5208282470703,
      282.8541564941406
    ],
    [
      201.85916137695312,
      285.98590087890625
    ],
    [
      201.74192810058594,
      281.8387145996094
    ],
    [
      197.6999969482422,
      267.29998779296875
    ],
    [
      198.5,
      268.3157958984375
    ],
    [
      198.67416381835938,
      269.471923828125
    ],
    [
      198.90475463867188,
      269.4476318359375
    ]
  ],
  "filtered_uv": [
    [
      164.69677734375,
      296.1806335449219
    ],
    [
      166.1297607421875,
      296.52838134765625
    ],
    [
      167.43760681152344,
      296.0240478515625
    ],
    [
      164.6337432861328,
      297.9100341796875
    ],
    [
      175.00540161132812,
      288.7237548828125
    ],
    [
      172.1370849609375,
      297.57763671875
    ],
    [
      162.6916961669922,
      281.1288146972656
    ],
    [
      171.5985107421875,
      274.056884765625
    ],
    [
      173.8319549560547,
      276.8563232421875
    ],
    [
      178.23297119140625,
      276.5426940917969
    ],
    [
      182.75424194335938,
      275.0463562011719
    ],
    [
      191.42156982421875,
      272.0182800292969
    ],
    [
      193.4332275390625,
      271.9823303222656
    ],
    [
      195.8798065185547,
      275.02142333984375
    ],
    [
      197.92042541503906,
      275.6902770996094
    ],
    [
      199.41555786132812,
      276.0009460449219
    ],
    [
      201.3380126953125,
      281.3205261230469
    ],
    [
      201.51654052734375,
      282.78448486328125
    ],
    [
      201.84764099121094,
      285.8409118652344
    ],
    [
      201.75079345703125,
      282.02093505859375
    ],
    [
      197.88760375976562,
      267.9670715332031
    ],
    [
      198.47537231445312,
      268.2967224121094
    ],
    [
      198.66839599609375,
      269.4154968261719
    ],
    [
      198.89732360839844,
      269.44329833984375
    ]
  ],
  "xyz_pred": [
    [
      -0.20384229719638824,
      0.5936832427978516,
      6.850266933441162
    ],
    [
      -0.24840077757835388,
      0.8407084941864014,
      10.00915241241455
    ],
    [
      -0.21188877522945404,
      1.0185654163360596,
      11.063591003417969
    ],
    [
      -0.18966422975063324,
      1.2275075912475586,
      11.754705429077148
    ],
    [
      -0.20946688950061798,
      1.454099416732788,
      12.62325382232666
    ],
    [
      -0.2640199065208435,
      1.6724975109100342,
      13.681187629699707
    ],
    [
      -0.33661338686943054,
      1.8742926120758057,
      14.79229736328125
    ],
    [
      -0.4177410304546356,
      2.0587375164031982,
      15.902215003967285
    ],
    [
      -0.5015996694564819,
      2.2279107570648193,
      17.019132614135742
    ],
    [
      -0.5849652290344238,
      2.3882694244384766,
      18.151390075683594
    ],
    [
      -0.6714913249015808,
      2.539285898208618,
      19.30274772644043
    ],
    [
      -0.7333827614784241,
      2.6861813068389893,
      20.406721115112305
    ],
    [
      -0.791786789894104,
      2.8508141040802,
      21.535799026489258
    ],
    [
      -0.8517161011695862,
      3.016395092010498,
      22.689916610717773
    ],
    [
      -0.9051554799079895,
      3.188087224960327,
      23.84269142150879
    ],
    [
      -0.9551976323127747,
      3.368204116821289,
      24.994678497314453
    ],
    [
      -1.0105324983596802,
      3.5532217025756836,
      26.175466537475586
    ],
    [
      -1.0661555528640747,
      3.729804515838623,
      27.353029251098633
    ],
    [
      -1.1203492879867554,
      3.8864283561706543,
      28.462167739868164
    ],
    [
      -1.155738353729248,
      4.019244194030762,
      29.391321182250977
    ],
    [
      -1.1728779077529907,
      4.134838104248047,
      30.1236515045166
    ],
    [
      -1.1740429401397705,
      4.246616840362549,
      30.725168228149414
    ],
    [
      -1.15614652633667,
      4.365358352661133,
      31.244068145751953
    ],
    [
      -1.1232255697250366,
      4.490322589874268,
      31.70713233947754
    ]
  ],
  "uv_reprojected": [
    [
      116.49844360351562,
      414.44183349609375
    ],
    [
      109.05146026611328,
      476.1150207519531
    ],
    [
      100.50993347167969,
      501.4892272949219
    ],
    [
      95.96178436279297,
      527.158203125
    ],
    [
      96.65312194824219,
      551.2559204101562
    ],
    [
      100.7302474975586,
      570.309326171875
    ],
    [
      105.94363403320312,
      584.6556396484375
    ],
    [
      111.24055480957031,
      595.4071655273438
    ],
    [
      116.07005310058594,
      603.3966674804688
    ],
    [
      120.22261047363281,
      609.59375
    ],
    [
      124.08267211914062,
      614.23583984375
    ],
    [
      125.81790161132812,
      618.34521484375
    ],
    [
      127.06590270996094,
      623.09130859375
    ],
    [
      128.22850036621094,
      627.2799682617188
    ],
    [
      128.8714141845703,
      631.4461669921875
    ],
    [
      129.25193786621094,
      635.72607421875
    ],
    [
      129.83999633789062,
      639.7442626953125
    ],
    [
      130.40011596679688,
      642.9815063476562
    ],
    [
      130.98077392578125,
      645.28662109375
    ],
    [
      130.91998291015625,
      647.1638793945312
    ],
    [
      130.3365478515625,
      649.0924072265625
    ],
    [
      129.2445068359375,
      651.409912109375
    ],
    [
      127.42417907714844,
      654.3834228515625
    ],
    [
      125.04405212402344,
      657.832275390625
    ]
  ],
  "visible_prob": [
    1.0,
    1.0,
    1.0,
    1.0,
    1.0,
    1.0,
    1.0,
    1.0,
    1.0,
    1.0,
    1.0,
    1.0,
    1.0,
    1.0,
    1.0,
    1.0,
    1.0,
    1.0,
    1.0,
    1.0,
    1.0,
    1.0,
    1.0,
    1.0
  ],
  "ball_metrics": {
    "launch_angle_deg": 8.5,
    "launch_direction_deg": -0.1,
    "ball_speed_ms": 87.6,
    "carry_m": 231.8,
    "apex_m": 9.08,
    "descent_angle_deg": 8.8,
    "time_of_flight_s": 2.68
  },
  "spin": null,
  "metrics": {
    "sequence": 3,
    "rmse_2d_measured": 122.21265411376953,
    "rmse_2d_filtered": 122.25907135009766,
    "rmse_3d": 9.604305267333984,
    "visibility_f1": 1.0,
    "smoothness_filtered": 7.8372111320495605,
    "carry_err_m": 21.05563496867394,
    "apex_err_m": 4.477724391967058,
    "visible_prob_mean": 1.0,
    "visible_prob_max": 1.0,
    "gt_visible_rate": 1.0,
    "ball_launch_angle_deg": 8.5,
    "ball_launch_direction_deg": -0.1,
    "ball_ball_speed_ms": 87.6,
    "ball_carry_m": 231.8,
    "ball_apex_m": 9.08,
    "ball_descent_angle_deg": 8.8,
    "ball_time_of_flight_s": 2.68,
    "spin_backspin_rpm": 0.0,
    "spin_sidespin_rpm": 0.0
  }
}