{
  "measured_uv": [
    [
      31.428571701049805,
      248.01785278320312
    ],
    [
      54.367923736572266,
      277.61322021484375
    ],
    [
      60.240962982177734,
      276.759033203125
    ],
    [
      65.28571319580078,
      275.0
    ],
    [
      70.5,
      273.0
    ],
    [
      60.0,
      275.0
    ],
    [
      61.69444274902344,
      276.72222900390625
    ],
    [
      63.29268264770508,
      279.8617858886719
    ],
    [
      66.10457611083984,
      279.36602783203125
    ],
    [
      70.58155822753906,
      276.90069580078125
    ],
    [
      82.35498046875,
      253.69264221191406
    ],
    [
      85.710693359375,
      238.09434509277344
    ],
    [
      86.6236572265625,
      235.49462890625
    ],
    [
      86.93877410888672,
      236.46939086914062
    ],
    [
      87.89732360839844,
      256.16070556640625
    ],
    [
      88.63053894042969,
      258.78326416015625
    ],
    [
      88.75,
      257.5961608886719
    ],
    [
      89.05313873291016,
      258.6376953125
    ],
    [
      89.04522705078125,
      259.1607971191406
    ],
    [
      88.97325897216797,
      258.93048095703125
    ],
    [
      89.00546264648438,
      259.3770446777344
    ],
    [
      89.11235809326172,
      259.5786437988281
    ],
    [
      89.89041137695312,
      251.75341796875
    ],
    [
      89.57575988769531,
      251.90908813476562
    ]
  ],
  "filtered_uv": [
    [
      31.428571701049805,
      248.01785278320312
    ],
    [
      53.295997619628906,
      276.2302551269531
    ],
    [
      59.92469787597656,
      276.7349548339844
    ],
    [
      65.04174041748047,
      275.0790100097656
    ],
    [
      70.25180053710938,
      273.0946044921875
    ],
    [
      60.46685791015625,
      274.9132080078125
    ],
    [
      61.63852310180664,
      276.6399230957031
    ],
    [
      63.21745300292969,
      279.7153625488281
    ],
    [
      65.97343444824219,
      279.3822326660156
    ],
    [
      70.37247467041016,
      277.0137634277344
    ],
    [
      81.81132507324219,
      254.75234985351562
    ],
    [
      85.53563690185547,
      238.8485870361328
    ],
    [
      86.57677459716797,
      235.6425323486328
    ],
    [
      86.92500305175781,
      236.42701721191406
    ],
    [
      87.85589599609375,
      255.2603302001953
    ],
    [
      88.59823608398438,
      258.62176513671875
    ],
    [
      88.74607849121094,
      257.6416320800781
    ],
    [
      89.04219055175781,
      258.5912780761719
    ],
    [
      89.04811096191406,
      259.1339111328125
    ],
    [
      88.97966003417969,
      258.93878173828125
    ],
    [
      89.00727081298828,
      259.356201171875
    ],
    [
      89.11056518554688,
      259.56768798828125
    ],
    [
      89.85806274414062,
      252.10655212402344
    ],
    [
      89.59169006347656,
      251.9153289794922
    ]
  ],
  "xyz_pred": [
    [
      -0.2033526748418808,
      0.5911439657211304,
      6.843803882598877
    ],
    [
      -0.25833678245544434,
      0.8223557472229004,
      10.093941688537598
    ],
    [
      -0.22169068455696106,
      0.9760756492614746,
      11.09997272491455
    ],
    [
      -0.1878417730331421,
      1.169572114944458,
      11.64726734161377
    ],
    [
      -0.19372494518756866,
      1.3899762630462646,
      12.379071235656738
    ],
    [
      -0.2490038126707077,
      1.5992772579193115,
      13.451798439025879
    ],
    [
      -0.32445693016052246,
      1.7869253158569336,
      14.597321510314941
    ],
    [
      -0.41173893213272095,
      1.9563632011413574,
      15.759029388427734
    ],
    [
      -0.49942347407341003,
      2.1094703674316406,
      16.878740310668945
    ],
    [
      -0.5825667381286621,
      2.2576849460601807,
      17.94137954711914
    ],
    [
      -0.6598615646362305,
      2.409555196762085,
      18.959712982177734
    ],
    [
      -0.7368003726005554,
      2.5662200450897217,
      20.054224014282227
    ],
    [
      -0.8071377873420715,
      2.7418363094329834,
      21.193634033203125
    ],
    [
      -0.8761621713638306,
      2.91780686378479,
      22.360048294067383
    ],
    [
      -0.9410962462425232,
      3.0942986011505127,
      23.54076385498047
    ],
    [
      -0.9984452128410339,
      3.275132894515991,
      24.720727920532227
    ],
    [
      -1.0526505708694458,
      3.459867477416992,
      25.889780044555664
    ],
    [
      -1.1017602682113647,
      3.6341745853424072,
      27.029499053955078
    ],
    [
      -1.142946720123291,
      3.7895095348358154,
      28.079099655151367
    ],
    [
      -1.172512173652649,
      3.9219272136688232,
      28.96603775024414
    ],
    [
      -1.1924259662628174,
      4.02938175201416,
      29.663488388061523
    ],
    [
      -1.2050914764404297,
      4.115044593811035,
      30.197900772094727
    ],
    [
      -1.2108545303344727,
      4.186173915863037,
      30.61590003967285
    ],
    [
      -1.2086795568466187,
      4.251434326171875,
      30.961652755737305
    ]
  ],
  "uv_reprojected": [
    [
      116.43295288085938,
      413.82208251953125
    ],
    [
      110.22122192382812,
      473.6138916015625
    ],
    [
      101.74663543701172,
      495.86334228515625
    ],
    [
      95.95027160644531,
      520.1673583984375
    ],
    [
      95.2293930053711,
      544.773193359375
    ],
    [
      99.54341125488281,
      563.6166381835938
    ],
    [
      105.1463394165039,
      577.083740234375
    ],
    [
      111.02619171142578,
      586.8031005859375
    ],
    [
      116.24526977539062,
      594.0193481445312
    ],
    [
      120.58978271484375,
      600.2723999023438
    ],
    [
      124.1068115234375,
      606.36669921875
    ],
    [
      127.02720642089844,
      611.747314453125
    ],
    [
      129.05282592773438,
      617.6236572265625
    ],
    [
      130.71168518066406,
      622.7695922851562
    ],
    [
      131.9073028564453,
      627.357421875
    ],
    [
      132.52798461914062,
      631.7683715820312
    ],
    [
      132.93495178222656,
      636.0572509765625
    ],
    [
      133.08944702148438,
      639.5675659179688
    ],
    [
      133.0037078857422,
      642.277587890625
    ],
    [
      132.66346740722656,
      644.4729614257812
    ],
    [
      132.24069213867188,
      646.2713623046875
    ],
    [
      131.80050659179688,
      647.7544555664062
    ],
    [
      131.2628631591797,
      649.0758056640625
    ],
    [
      130.4910888671875,
      650.4457397460938
    ]
  ],
  "visible_prob": [
    1.0,
    1.0,
    1.0,
    1.0,
    1.0,
    1.0,
    1.0,
    1.0,
    1.0,
    1.0,
    1.0,
    1.0,
    1.0,
    1.0,
    1.0,
    1.0,
    1.0,
    1.0,
    1.0,
    1.0,
    1.0,
    1.0,
    1.0,
    1.0
  ],
  "ball_metrics": {
    "launch_angle_deg": 8.2,
    "launch_direction_deg": 0.1,
    "ball_speed_ms": 83.9,
    "carry_m": 206.8,
    "apex_m": 7.91,
    "descent_angle_deg": 8.5,
    "time_of_flight_s": 2.49
  },
  "spin": null,
  "metrics": {
    "sequence": 10,
    "rmse_2d_measured": 120.19063568115234,
    "rmse_2d_filtered": 120.29731750488281,
    "rmse_3d": 9.36814022064209,
    "visibility_f1": 1.0,
    "smoothness_filtered": 7.897906303405762,
    "carry_err_m": 20.35210586552419,
    "apex_err_m": 4.217742331326008,
    "visible_prob_mean": 1.0,
    "visible_prob_max": 1.0,
    "gt_visible_rate": 1.0,
    "ball_launch_angle_deg": 8.2,
    "ball_launch_direction_deg": 0.1,
    "ball_ball_speed_ms": 83.9,
    "ball_carry_m": 206.8,
    "ball_apex_m": 7.91,
    "ball_descent_angle_deg": 8.5,
    "ball_time_of_flight_s": 2.49,
    "spin_backspin_rpm": 0.0,
    "spin_sidespin_rpm": 0.0
  }
}