{
  "measured_uv": [
    [
      273.0852966308594,
      415.4123229980469
    ],
    [
      278.3428649902344,
      413.77142333984375
    ],
    [
      241.73684692382812,
      372.15789794921875
    ],
    [
      199.0,
      315.5
    ],
    [
      172.76922607421875,
      328.23077392578125
    ],
    [
      174.55262756347656,
      324.97369384765625
    ],
    [
      175.24490356445312,
      325.5306091308594
    ],
    [
      172.23077392578125,
      344.76922607421875
    ],
    [
      172.3000030517578,
      345.29998779296875
    ],
    [
      167.8000030517578,
      377.79998779296875
    ],
    [
      168.0,
      378.5
    ],
    [
      169.0,
      379.0
    ],
    [
      149.0,
      386.0
    ],
    [
      164.26315307617188,
      394.5087585449219
    ],
    [
      167.90098571777344,
      389.8118896484375
    ],
    [
      69.7397232055664,
      409.1095886230469
    ],
    [
      67.82539367675781,
      410.3968200683594
    ],
    [
      67.55882263183594,
      411.3823547363281
    ],
    [
      67.9272689819336,
      412.036376953125
    ],
    [
      67.57447052001953,
      412.89361572265625
    ],
    [
      67.07317352294922,
      413.7073059082031
    ],
    [
      67.13793182373047,
      414.17242431640625
    ],
    [
      66.0,
      414.952392578125
    ],
    [
      68.0,
      415.0
    ]
  ],
  "filtered_uv": [
    [
      273.0852966308594,
      415.4123229980469
    ],
    [
      278.0971984863281,
      413.8481140136719
    ],
    [
      243.39268493652344,
      374.05645751953125
    ],
    [
      201.02052307128906,
      318.1652526855469
    ],
    [
      174.0535125732422,
      327.7707824707031
    ],
    [
      174.5274200439453,
      325.09942626953125
    ],
    [
      175.20980834960938,
      325.50933837890625
    ],
    [
      172.36383056640625,
      343.89178466796875
    ],
    [
      172.30027770996094,
      345.2357177734375
    ],
    [
      168.0019073486328,
      376.3198547363281
    ],
    [
      167.99703979492188,
      378.4039306640625
    ],
    [
      168.95140075683594,
      378.97613525390625
    ],
    [
      149.9031219482422,
      385.6842956542969
    ],
    [
      163.60569763183594,
      394.1123046875
    ],
    [
      167.70257568359375,
      390.0124816894531
    ],
    [
      74.18212127685547,
      408.2477722167969
    ],
    [
      68.09485626220703,
      410.30718994140625
    ],
    [
      67.56318664550781,
      411.341796875
    ],
    [
      67.89080047607422,
      412.01324462890625
    ],
    [
      67.56901550292969,
      412.8621826171875
    ],
    [
      67.07587432861328,
      413.6776123046875
    ],
    [
      67.11534881591797,
      414.15875244140625
    ],
    [
      66.0308609008789,
      414.9252624511719
    ],
    [
      67.8910140991211,
      415.0055847167969
    ]
  ],
  "xyz_pred": [
    [
      -0.19174733757972717,
      0.5445597171783447,
      6.724356174468994
    ],
    [
      -0.23719064891338348,
      0.7301793694496155,
      9.738088607788086
    ],
    [
      -0.19994111359119415,
      0.8746070861816406,
      10.651498794555664
    ],
    [
      -0.15464210510253906,
      1.0887351036071777,
      11.081374168395996
    ],
    [
      -0.16710007190704346,
      1.3222403526306152,
      11.899482727050781
    ],
    [
      -0.21671421825885773,
      1.5510411262512207,
      12.949721336364746
    ],
    [
      -0.2881571054458618,
      1.760644793510437,
      14.096282005310059
    ],
    [
      -0.3906698226928711,
      1.9315252304077148,
      15.4349365234375
    ],
    [
      -0.492099791765213,
      2.0796592235565186,
      16.687131881713867
    ],
    [
      -0.584219753742218,
      2.207782030105591,
      17.876972198486328
    ],
    [
      -0.6757887005805969,
      2.3246467113494873,
      19.016714096069336
    ],
    [
      -0.7646806836128235,
      2.444922685623169,
      20.136301040649414
    ],
    [
      -0.8498637080192566,
      2.561551094055176,
      21.30158805847168
    ],
    [
      -0.9186716675758362,
      2.7049691677093506,
      22.402359008789062
    ],
    [
      -0.971775233745575,
      2.876991033554077,
      23.442930221557617
    ],
    [
      -1.0098363161087036,
      3.072888135910034,
      24.461015701293945
    ],
    [
      -1.0350669622421265,
      3.2714908123016357,
      25.398845672607422
    ],
    [
      -1.0501525402069092,
      3.4575159549713135,
      26.275419235229492
    ],
    [
      -1.0694026947021484,
      3.6100542545318604,
      27.08648109436035
    ],
    [
      -1.0906646251678467,
      3.7252585887908936,
      27.806215286254883
    ],
    [
      -1.109956979751587,
      3.809115171432495,
      28.40225601196289
    ],
    [
      -1.1244126558303833,
      3.8700947761535645,
      28.860673904418945
    ],
    [
      -1.1316132545471191,
      3.9144973754882812,
      29.181970596313477
    ],
    [
      -1.134535551071167,
      3.9431416988372803,
      29.389923095703125
    ]
  ],
  "uv_reprojected": [
    [
      114.626708984375,
      402.22894287109375
    ],
    [
      108.3573989868164,
      458.95831298828125
    ],
    [
      99.9359359741211,
      481.9349060058594
    ],
    [
      92.67505645751953,
      510.7524719238281
    ],
    [
      92.80696868896484,
      538.4295654296875
    ],
    [
      96.86618041992188,
      560.8090209960938
    ],
    [
      102.45504760742188,
      577.2590942382812
    ],
    [
      109.7953109741211,
      586.3670043945312
    ],
    [
      116.09580993652344,
      592.5362548828125
    ],
    [
      120.90556335449219,
      596.5625610351562
    ],
    [
      125.21223449707031,
      599.4953002929688
    ],
    [
      128.88888549804688,
      602.4513549804688
    ],
    [
      131.78582763671875,
      604.6098022460938
    ],
    [
      133.4609375,
      608.6157836914062
    ],
    [
      134.1318359375,
      614.3335571289062
    ],
    [
      133.8765869140625,
      621.10888671875
    ],
    [
      133.0760498046875,
      627.9158935546875
    ],
    [
      131.89193725585938,
      633.8609008789062
    ],
    [
      131.15911865234375,
      637.9600830078125
    ],
    [
      130.771240234375,
      640.3358154296875
    ],
    [
      130.5543212890625,
      641.6166381835938
    ],
    [
      130.3736114501953,
      642.3873291015625
    ],
    [
      130.09890747070312,
      642.99658203125
    ],
    [
      129.83514404296875,
      643.3790893554688
    ]
  ],
  "visible_prob": [
    1.0,
    1.0,
    1.0,
    1.0,
    1.0,
    1.0,
    1.0,
    1.0,
    1.0,
    1.0,
    1.0,
    1.0,
    1.0,
    1.0,
    1.0,
    1.0,
    1.0,
    1.0,
    1.0,
    1.0,
    1.0,
    1.0,
    1.0,
    1.0
  ],
  "ball_metrics": {
    "launch_angle_deg": 8.5,
    "launch_direction_deg": 0.3,
    "ball_speed_ms": 78.5,
    "carry_m": 188.2,
    "apex_m": 7.48,
    "descent_angle_deg": 8.9,
    "time_of_flight_s": 2.42
  },
  "spin": null,
  "metrics": {
    "sequence": 5,
    "rmse_2d_measured": 189.43038940429688,
    "rmse_2d_filtered": 189.21324157714844,
    "rmse_3d": 9.039973258972168,
    "visibility_f1": 1.0,
    "smoothness_filtered": 24.587364196777344,
    "carry_err_m": 18.86695466623072,
    "apex_err_m": 3.926626266911626,
    "visible_prob_mean": 1.0,
    "visible_prob_max": 1.0,
    "gt_visible_rate": 1.0,
    "ball_launch_angle_deg": 8.5,
    "ball_launch_direction_deg": 0.3,
    "ball_ball_speed_ms": 78.5,
    "ball_carry_m": 188.2,
    "ball_apex_m": 7.48,
    "ball_descent_angle_deg": 8.9,
    "ball_time_of_flight_s": 2.42,
    "spin_backspin_rpm": 0.0,
    "spin_sidespin_rpm": 0.0
  }
}