{
  "measured_uv": [
    [
      276.4824523925781,
      419.47369384765625
    ],
    [
      280.2930908203125,
      419.5689697265625
    ],
    [
      276.5,
      419.0
    ],
    [
      230.36363220214844,
      349.0
    ],
    [
      197.5,
      307.5
    ],
    [
      181.0,
      316.5
    ],
    [
      175.5,
      320.0
    ],
    [
      180.5,
      327.5
    ],
    [
      183.0,
      327.0
    ],
    [
      183.92727661132812,
      326.5818176269531
    ],
    [
      184.7936553955078,
      326.5396728515625
    ],
    [
      184.93939208984375,
      327.2272644042969
    ],
    [
      184.84507751464844,
      327.83099365234375
    ],
    [
      185.1052703857422,
      323.5789489746094
    ],
    [
      185.09091186523438,
      324.2727355957031
    ],
    [
      184.9583282470703,
      325.0833435058594
    ],
    [
      185.0,
      326.0
    ],
    [
      184.13636779785156,
      336.7727355957031
    ],
    [
      183.0,
      337.0
    ],
    [
      160.0,
      344.0
    ],
    [
      160.0,
      344.0
    ],
    [
      130.5454559326172,
      331.5454406738281
    ],
    [
      130.72340393066406,
      330.4468078613281
    ],
    [
      130.12820434570312,
      332.3589782714844
    ]
  ],
  "filtered_uv": [
    [
      276.4824523925781,
      419.47369384765625
    ],
    [
      280.1150207519531,
      419.56451416015625
    ],
    [
      276.6646423339844,
      419.02569580078125
    ],
    [
      232.47142028808594,
      352.1878662109375
    ],
    [
      199.09046936035156,
      309.53216552734375
    ],
    [
      181.82070922851562,
      316.1796875
    ],
    [
      175.7842559814453,
      319.82330322265625
    ],
    [
      180.28192138671875,
      327.148193359375
    ],
    [
      182.87315368652344,
      327.00457763671875
    ],
    [
      183.87631225585938,
      326.598876953125
    ],
    [
      184.74903869628906,
      326.5401611328125
    ],
    [
      184.9279022216797,
      327.1938781738281
    ],
    [
      184.84603881835938,
      327.7999572753906
    ],
    [
      185.0906982421875,
      323.7685852050781
    ],
    [
      185.088134765625,
      324.24725341796875
    ],
    [
      184.9614715576172,
      325.0428771972656
    ],
    [
      184.9954833984375,
      325.9542236328125
    ],
    [
      184.17259216308594,
      336.2799072265625
    ],
    [
      183.05027770996094,
      336.9671936035156
    ],
    [
      161.04173278808594,
      343.6811828613281
    ],
    [
      160.03929138183594,
      343.98699951171875
    ],
    [
      131.8736114501953,
      332.11065673828125
    ],
    [
      130.76063537597656,
      330.52081298828125
    ],
    [
      130.14178466796875,
      332.27398681640625
    ]
  ],
  "xyz_pred": [
    [
      -0.18960508704185486,
      0.5328466296195984,
      6.671259880065918
    ],
    [
      -0.22893936932086945,
      0.7027057409286499,
      9.596013069152832
    ],
    [
      -0.1846453845500946,
      0.8202096819877625,
      10.423506736755371
    ],
    [
      -0.13864682614803314,
      1.0196013450622559,
      10.765064239501953
    ],
    [
      -0.1402014195919037,
      1.2599856853485107,
      11.479331016540527
    ],
    [
      -0.18655100464820862,
      1.4969830513000488,
      12.513335227966309
    ],
    [
      -0.25644728541374207,
      1.7141714096069336,
      13.665081024169922
    ],
    [
      -0.3380465507507324,
      1.907487154006958,
      14.834836959838867
    ],
    [
      -0.4245017468929291,
      2.0847132205963135,
      15.983630180358887
    ],
    [
      -0.5102229714393616,
      2.2494308948516846,
      17.129179000854492
    ],
    [
      -0.599388062953949,
      2.404378652572632,
      18.29491424560547
    ],
    [
      -0.694195032119751,
      2.5517680644989014,
      19.494598388671875
    ],
    [
      -0.7766242623329163,
      2.715435028076172,
      20.719987869262695
    ],
    [
      -0.8534831404685974,
      2.8914716243743896,
      21.952381134033203
    ],
    [
      -0.9272819757461548,
      3.064974784851074,
      23.193933486938477
    ],
    [
      -0.9919407963752747,
      3.246335744857788,
      24.43558120727539
    ],
    [
      -1.0530214309692383,
      3.4323642253875732,
      25.670061111450195
    ],
    [
      -1.1139113903045654,
      3.612670660018921,
      26.932010650634766
    ],
    [
      -1.1628077030181885,
      3.77738618850708,
      28.107370376586914
    ],
    [
      -1.2020422220230103,
      3.9211456775665283,
      29.165678024291992
    ],
    [
      -1.2265197038650513,
      4.035446643829346,
      29.95890235900879
    ],
    [
      -1.2396396398544312,
      4.124980926513672,
      30.53512954711914
    ],
    [
      -1.2434370517730713,
      4.1990485191345215,
      30.966726303100586
    ],
    [
      -1.2376720905303955,
      4.268044471740723,
      31.314966201782227
    ]
  ],
  "uv_reprojected": [
    [
      114.4847412109375,
      398.91668701171875
    ],
    [
      107.6047134399414,
      454.22698974609375
    ],
    [
      98.34258270263672,
      473.999267578125
    ],
    [
      91.05311584472656,
      501.80072021484375
    ],
    [
      90.0490951538086,
      532.0647583007812
    ],
    [
      94.11190032958984,
      556.7658081054688
    ],
    [
      99.92906188964844,
      574.8637084960938
    ],
    [
      105.99090576171875,
      587.6763305664062
    ],
    [
      111.67652893066406,
      597.27734375
    ],
    [
      116.5435791015625,
      604.5422973632812
    ],
    [
      121.02999877929688,
      609.9868774414062
    ],
    [
      125.32235717773438,
      614.00341796875
    ],
    [
      128.1450958251953,
      618.5531005859375
    ],
    [
      130.25120544433594,
      623.3792114257812
    ],
    [
      131.91061401367188,
      627.4801025390625
    ],
    [
      132.8372344970703,
      631.6345825195312
    ],
    [
      133.48141479492188,
      635.6926879882812
    ],
    [
      133.9921112060547,
      638.9203491210938
    ],
    [
      134.00730895996094,
      641.4981689453125
    ],
    [
      133.772216796875,
      643.4129028320312
    ],
    [
      133.35882568359375,
      645.0795288085938
    ],
    [
      132.84182739257812,
      646.5477294921875
    ],
    [
      132.1736602783203,
      647.9429931640625
    ],
    [
      131.22288513183594,
      649.4724731445312
    ]
  ],
  "visible_prob": [
    1.0,
    1.0,
    1.0,
    1.0,
    1.0,
    1.0,
    1.0,
    1.0,
    1.0,
    1.0,
    1.0,
    1.0,
    1.0,
    1.0,
    1.0,
    1.0,
    1.0,
    1.0,
    1.0,
    1.0,
    1.0,
    1.0,
    1.0,
    1.0
  ],
  "ball_metrics": {
    "launch_angle_deg": 8.6,
    "launch_direction_deg": 0.6,
    "ball_speed_ms": 72.9,
    "carry_m": 163.8,
    "apex_m": 6.6,
    "descent_angle_deg": 9.0,
    "time_of_flight_s": 2.27
  },
  "spin": null,
  "metrics": {
    "sequence": 6,
    "rmse_2d_measured": 200.06056213378906,
    "rmse_2d_filtered": 200.07357788085938,
    "rmse_3d": 9.309168815612793,
    "visibility_f1": 0.7368421052631579,
    "smoothness_filtered": 15.073325157165527,
    "carry_err_m": 20.935275972539372,
    "apex_err_m": 4.2557945074513555,
    "visible_prob_mean": 1.0,
    "visible_prob_max": 1.0,
    "gt_visible_rate": 0.5833333134651184,
    "ball_launch_angle_deg": 8.6,
    "ball_launch_direction_deg": 0.6,
    "ball_ball_speed_ms": 72.9,
    "ball_carry_m": 163.8,
    "ball_apex_m": 6.6,
    "ball_descent_angle_deg": 9.0,
    "ball_time_of_flight_s": 2.27,
    "spin_backspin_rpm": 0.0,
    "spin_sidespin_rpm": 0.0
  }
}