{
  "measured_uv": [
    [
      275.31640625,
      415.99609375
    ],
    [
      275.4827575683594,
      416.3103332519531
    ],
    [
      285.7749938964844,
      423.6875
    ],
    [
      286.26922607421875,
      420.30767822265625
    ],
    [
      287.0,
      414.0
    ],
    [
      170.04444885253906,
      421.75555419921875
    ],
    [
      170.23361206054688,
      421.7622985839844
    ],
    [
      170.85116577148438,
      421.61395263671875
    ],
    [
      173.61111450195312,
      421.629638671875
    ],
    [
      175.9104461669922,
      420.9552307128906
    ],
    [
      175.60714721679688,
      421.22857666015625
    ],
    [
      162.5,
      390.5
    ],
    [
      168.64285278320312,
      379.21429443359375
    ],
    [
      178.0,
      334.0
    ],
    [
      151.0,
      348.0
    ],
    [
      151.0,
      348.5
    ],
    [
      149.0,
      370.0
    ],
    [
      150.0,
      372.0
    ],
    [
      152.7857208251953,
      347.3571472167969
    ],
    [
      152.37930297851562,
      348.03448486328125
    ],
    [
      152.6764678955078,
      348.29412841796875
    ],
    [
      152.6666717529297,
      348.3939514160156
    ],
    [
      152.95237731933594,
      348.5238037109375
    ],
    [
      151.94366455078125,
      346.12677001953125
    ]
  ],
  "filtered_uv": [
    [
      275.31640625,
      415.99609375
    ],
    [
      275.4749755859375,
      416.295654296875
    ],
    [
      285.3059387207031,
      423.35089111328125
    ],
    [
      286.2254943847656,
      420.4463195800781
    ],
    [
      286.96490478515625,
      414.29339599609375
    ],
    [
      175.36441040039062,
      421.4158020019531
    ],
    [
      170.46157836914062,
      421.7466735839844
    ],
    [
      170.82772827148438,
      421.6201477050781
    ],
    [
      173.47889709472656,
      421.6293640136719
    ],
    [
      175.79449462890625,
      420.98602294921875
    ],
    [
      175.6104736328125,
      421.2176513671875
    ],
    [
      163.09034729003906,
      391.89544677734375
    ],
    [
      168.3839569091797,
      379.7866516113281
    ],
    [
      177.55743408203125,
      336.07354736328125
    ],
    [
      152.20077514648438,
      347.447021484375
    ],
    [
      151.0458221435547,
      348.44244384765625
    ],
    [
      149.083984375,
      369.0124816894531
    ],
    [
      149.94931030273438,
      371.8587646484375
    ],
    [
      152.64817810058594,
      348.4629211425781
    ],
    [
      152.38314819335938,
      348.0439147949219
    ],
    [
      152.65481567382812,
      348.27276611328125
    ],
    [
      152.6578826904297,
      348.3785400390625
    ],
    [
      152.93084716796875,
      348.50738525390625
    ],
    [
      151.98028564453125,
      346.2248229980469
    ]
  ],
  "xyz_pred": [
    [
      -0.19210106134414673,
      0.5457088947296143,
      6.730101108551025
    ],
    [
      -0.2350343018770218,
      0.7251254320144653,
      9.715193748474121
    ],
    [
      -0.19509658217430115,
      0.8447039127349854,
      10.594766616821289
    ],
    [
      -0.16377294063568115,
      1.0135337114334106,
      11.078536033630371
    ],
    [
      -0.17681576311588287,
      1.2130504846572876,
      11.836505889892578
    ],
    [
      -0.25059887766838074,
      1.3412680625915527,
      12.852411270141602
    ],
    [
      -0.31849122047424316,
      1.456252098083496,
      13.750310897827148
    ],
    [
      -0.3812835216522217,
      1.5638474225997925,
      14.566780090332031
    ],
    [
      -0.4411517083644867,
      1.664341926574707,
      15.3192777633667
    ],
    [
      -0.49366503953933716,
      1.7509562969207764,
      15.961417198181152
    ],
    [
      -0.5352233052253723,
      1.8395235538482666,
      16.53131103515625
    ],
    [
      -0.5661361813545227,
      1.9459521770477295,
      17.126508712768555
    ],
    [
      -0.5825461745262146,
      2.0903542041778564,
      17.742399215698242
    ],
    [
      -0.6163753867149353,
      2.2388980388641357,
      18.44386863708496
    ],
    [
      -0.6777645349502563,
      2.377013683319092,
      19.374553680419922
    ],
    [
      -0.7464627027511597,
      2.509997606277466,
      20.33064079284668
    ],
    [
      -0.8013725876808167,
      2.6624622344970703,
      21.309389114379883
    ],
    [
      -0.8625438213348389,
      2.82439923286438,
      22.34004783630371
    ],
    [
      -0.9340923428535461,
      2.9934494495391846,
      23.417089462280273
    ],
    [
      -0.9992572665214539,
      3.1835060119628906,
      24.576087951660156
    ],
    [
      -1.060671091079712,
      3.376675844192505,
      25.77571678161621
    ],
    [
      -1.1183778047561646,
      3.5619349479675293,
      26.974023818969727
    ],
    [
      -1.164577603340149,
      3.7286064624786377,
      28.09593963623047
    ],
    [
      -1.1990500688552856,
      3.8685152530670166,
      29.04555892944336
    ]
  ],
  "uv_reprojected": [
    [
      114.66925048828125,
      402.5584716796875
    ],
    [
      108.10930633544922,
      458.11077880859375
    ],
    [
      99.3980941772461,
      477.7298583984375
    ],
    [
      93.92303466796875,
      500.8158264160156
    ],
    [
      94.15711975097656,
      525.149658203125
    ],
    [
      101.03203582763672,
      537.4027099609375
    ],
    [
      106.55647277832031,
      546.9019165039062
    ],
    [
      111.09809875488281,
      554.82861328125
    ],
    [
      115.05158996582031,
      561.5131225585938
    ],
    [
      118.26512145996094,
      566.797607421875
    ],
    [
      120.44772338867188,
      572.179931640625
    ],
    [
      121.47262573242188,
      578.6098022460938
    ],
    [
      121.13705444335938,
      587.6380004882812
    ],
    [
      122.01966857910156,
      595.9219360351562
    ],
    [
      124.37644958496094,
      601.52978515625
    ],
    [
      126.99061584472656,
      606.1148681640625
    ],
    [
      128.33303833007812,
      611.504638671875
    ],
    [
      129.84552001953125,
      616.7606201171875
    ],
    [
      131.77468872070312,
      621.7478637695312
    ],
    [
      132.93617248535156,
      627.1114501953125
    ],
    [
      133.6753387451172,
      631.9534912109375
    ],
    [
      134.14462280273438,
      635.9422607421875
    ],
    [
      134.12765502929688,
      639.0150756835938
    ],
    [
      133.87387084960938,
      641.3717041015625
    ]
  ],
  "visible_prob": [
    1.0,
    1.0,
    1.0,
    1.0,
    1.0,
    1.0,
    1.0,
    1.0,
    1.0,
    1.0,
    1.0,
    1.0,
    1.0,
    1.0,
    1.0,
    1.0,
    1.0,
    1.0,
    1.0,
    1.0,
    1.0,
    1.0,
    1.0,
    1.0
  ],
  "ball_metrics": {
    "launch_angle_deg": 7.4,
    "launch_direction_deg": 0.2,
    "ball_speed_ms": 77.2,
    "carry_m": 160.4,
    "apex_m": 5.65,
    "descent_angle_deg": 7.8,
    "time_of_flight_s": 2.09
  },
  "spin": null,
  "metrics": {
    "sequence": 7,
    "rmse_2d_measured": 228.87254333496094,
    "rmse_2d_filtered": 228.8321533203125,
    "rmse_3d": 7.802974700927734,
    "visibility_f1": 0.8571428571428571,
    "smoothness_filtered": 24.114580154418945,
    "carry_err_m": 18.59770014536944,
    "apex_err_m": 3.856151193380356,
    "visible_prob_mean": 1.0,
    "visible_prob_max": 1.0,
    "gt_visible_rate": 0.75,
    "ball_launch_angle_deg": 7.4,
    "ball_launch_direction_deg": 0.2,
    "ball_ball_speed_ms": 77.2,
    "ball_carry_m": 160.4,
    "ball_apex_m": 5.65,
    "ball_descent_angle_deg": 7.8,
    "ball_time_of_flight_s": 2.09,
    "spin_backspin_rpm": 0.0,
    "spin_sidespin_rpm": 0.0
  }
}