{
  "measured_uv": [
    [
      168.53750610351562,
      77.6624984741211
    ],
    [
      168.4642791748047,
      77.64286041259766
    ],
    [
      168.4642791748047,
      77.64286041259766
    ],
    [
      168.4642791748047,
      77.64286041259766
    ],
    [
      168.4642791748047,
      77.64286041259766
    ],
    [
      168.4642791748047,
      77.64286041259766
    ],
    [
      168.4642791748047,
      77.64286041259766
    ],
    [
      168.4642791748047,
      77.64286041259766
    ],
    [
      168.4642791748047,
      77.64286041259766
    ],
    [
      168.46551513671875,
      77.87931060791016
    ],
    [
      167.6714324951172,
      76.4000015258789
    ],
    [
      141.0,
      14.5
    ],
    [
      157.59132385253906,
      37.284828186035156
    ],
    [
      210.5500030517578,
      131.6750030517578
    ],
    [
      203.90660095214844,
      139.1703338623047
    ],
    [
      221.7857208251953,
      148.64285278320312
    ],
    [
      221.3000030517578,
      147.6999969482422
    ],
    [
      221.3000030517578,
      146.6999969482422
    ],
    [
      223.97259521484375,
      158.01370239257812
    ],
    [
      224.6666717529297,
      157.0595245361328
    ],
    [
      224.34210205078125,
      155.88157653808594
    ],
    [
      223.96875,
      154.984375
    ],
    [
      224.35714721679688,
      154.55714416503906
    ],
    [
      224.10000610351562,
      154.03334045410156
    ]
  ],
  "filtered_uv": [
    [
      168.53750610351562,
      77.6624984741211
    ],
    [
      168.4676971435547,
      77.6437759399414
    ],
    [
      168.4644317626953,
      77.64289855957031
    ],
    [
      168.4642791748047,
      77.64286041259766
    ],
    [
      168.4642791748047,
      77.64286041259766
    ],
    [
      168.4642791748047,
      77.64286041259766
    ],
    [
      168.4642791748047,
      77.64286041259766
    ],
    [
      168.4642791748047,
      77.64286041259766
    ],
    [
      168.4642791748047,
      77.64286041259766
    ],
    [
      168.4654541015625,
      77.86856079101562
    ],
    [
      167.70750427246094,
      76.46675109863281
    ],
    [
      142.2130889892578,
      17.314678192138672
    ],
    [
      156.88970947265625,
      36.37043762207031
    ],
    [
      208.11257934570312,
      127.34329223632812
    ],
    [
      204.1038818359375,
      138.6422119140625
    ],
    [
      220.98910522460938,
      148.19952392578125
    ],
    [
      221.29449462890625,
      147.73472595214844
    ],
    [
      221.30838012695312,
      146.75885009765625
    ],
    [
      223.86038208007812,
      157.51507568359375
    ],
    [
      224.63919067382812,
      157.0940399169922
    ],
    [
      224.36476135253906,
      155.95022583007812
    ],
    [
      223.9957733154297,
      155.04148864746094
    ],
    [
      224.3497314453125,
      154.59214782714844
    ],
    [
      224.12030029296875,
      154.07151794433594
    ]
  ],
  "xyz_pred": [
    [
      -0.06385678797960281,
      0.5585669279098511,
      5.439698696136475
    ],
    [
      0.02451758272945881,
      0.8597412705421448,
      7.554035663604736
    ],
    [
      0.12857095897197723,
      1.1014693975448608,
      8.0469331741333
    ],
    [
      0.1929064691066742,
      1.3708748817443848,
      8.431206703186035
    ],
    [
      0.22633443772792816,
      1.674232006072998,
      9.111802101135254
    ],
    [
      0.23015695810317993,
      1.982256293296814,
      10.072287559509277
    ],
    [
      0.2143964320421219,
      2.277705430984497,
      11.200873374938965
    ],
    [
      0.18724101781845093,
      2.553229570388794,
      12.400132179260254
    ],
    [
      0.15357285737991333,
      2.8063719272613525,
      13.607857704162598
    ],
    [
      0.11730608344078064,
      3.0314724445343018,
      14.792322158813477
    ],
    [
      0.08243229985237122,
      3.235366106033325,
      15.948225021362305
    ],
    [
      0.22036752104759216,
      3.5412046909332275,
      16.29623794555664
    ],
    [
      0.3323970437049866,
      3.837425947189331,
      16.829622268676758
    ],
    [
      0.2663460075855255,
      4.014733791351318,
      18.235105514526367
    ],
    [
      0.21186619997024536,
      4.189957141876221,
      19.55331802368164
    ],
    [
      0.16580629348754883,
      4.37583589553833,
      20.865694046020508
    ],
    [
      0.1281360387802124,
      4.575411319732666,
      22.182811737060547
    ],
    [
      0.09867119789123535,
      4.784682273864746,
      23.488576889038086
    ],
    [
      0.06228381395339966,
      4.968028545379639,
      24.757535934448242
    ],
    [
      0.008480904623866081,
      5.098152160644531,
      25.95566749572754
    ],
    [
      -0.07228595018386841,
      5.177395343780518,
      27.072519302368164
    ],
    [
      -0.17682814598083496,
      5.190807342529297,
      28.116924285888672
    ],
    [
      -0.29220378398895264,
      5.162702560424805,
      29.044946670532227
    ],
    [
      -0.4030035138130188,
      5.119731903076172,
      29.79078483581543
    ]
  ],
  "uv_reprojected": [
    [
      89.33394622802734,
      384.01068115234375
    ],
    [
      66.74237060546875,
      473.5568542480469
    ],
    [
      47.54698944091797,
      518.88232421875
    ],
    [
      37.14057540893555,
      564.6028442382812
    ],
    [
      34.186119079589844,
      608.1842651367188
    ],
    [
      37.18511199951172,
      642.207763671875
    ],
    [
      42.777679443359375,
      666.0372924804688
    ],
    [
      48.870269775390625,
      682.0673828125
    ],
    [
      54.62091827392578,
      692.7371826171875
    ],
    [
      59.67967987060547,
      699.2157592773438
    ],
    [
      63.84298324584961,
      703.1614379882812
    ],
    [
      51.248313903808594,
      726.2069702148438
    ],
    [
      41.8585205078125,
      744.665771484375
    ],
    [
      49.614593505859375,
      739.6880493164062
    ],
    [
      55.2998046875,
      736.338134765625
    ],
    [
      59.65531921386719,
      734.225830078125
    ],
    [
      62.926902770996094,
      733.2171020507812
    ],
    [
      65.30227661132812,
      733.0404052734375
    ],
    [
      67.84275817871094,
      731.7020263671875
    ],
    [
      71.14301300048828,
      728.1329345703125
    ],
    [
      75.66117858886719,
      722.8157958984375
    ],
    [
      81.11726379394531,
      715.0646362304688
    ],
    [
      86.80316162109375,
      706.6271362304688
    ],
    [
      92.03076171875,
      699.2249755859375
    ]
  ],
  "visible_prob": [
    1.0,
    1.0,
    1.0,
    1.0,
    1.0,
    1.0,
    1.0,
    1.0,
    1.0,
    1.0,
    1.0,
    1.0,
    1.0,
    1.0,
    1.0,
    1.0,
    1.0,
    1.0,
    1.0,
    1.0,
    1.0,
    1.0,
    1.0,
    1.0
  ],
  "ball_metrics": {
    "launch_angle_deg": 16.9,
    "launch_direction_deg": 4.5,
    "ball_speed_ms": 57.7,
    "carry_m": 190.3,
    "apex_m": 14.83,
    "descent_angle_deg": 17.2,
    "time_of_flight_s": 3.44
  },
  "spin": null,
  "metrics": {
    "sequence": 0,
    "rmse_2d_measured": 165.962158203125,
    "rmse_2d_filtered": 165.9231414794922,
    "rmse_3d": 7.924495697021484,
    "visibility_f1": 0.7027027027027027,
    "smoothness_filtered": 18.076370239257812,
    "carry_err_m": 20.626667232848956,
    "apex_err_m": 5.1744100376963615,
    "visible_prob_mean": 1.0,
    "visible_prob_max": 1.0,
    "gt_visible_rate": 0.5416666865348816,
    "ball_launch_angle_deg": 16.9,
    "ball_launch_direction_deg": 4.5,
    "ball_ball_speed_ms": 57.7,
    "ball_carry_m": 190.3,
    "ball_apex_m": 14.83,
    "ball_descent_angle_deg": 17.2,
    "ball_time_of_flight_s": 3.44,
    "spin_backspin_rpm": 0.0,
    "spin_sidespin_rpm": 0.0
  }
}