{
  "measured_uv": [
    [
      88.53318786621094,
      359.53759765625
    ],
    [
      87.12568664550781,
      363.2786865234375
    ],
    [
      86.45454406738281,
      368.06060791015625
    ],
    [
      86.57037353515625,
      368.7259216308594
    ],
    [
      84.08438873291016,
      363.7763671875
    ],
    [
      81.2324447631836,
      350.6416320800781
    ],
    [
      81.25055694580078,
      349.6319274902344
    ],
    [
      81.06373596191406,
      349.20220947265625
    ],
    [
      81.45833587646484,
      350.7061462402344
    ],
    [
      81.48974609375,
      351.013671875
    ],
    [
      81.2109146118164,
      350.8511047363281
    ],
    [
      80.58275604248047,
      344.1413879394531
    ],
    [
      79.85909271240234,
      342.6408996582031
    ],
    [
      79.031494140625,
      340.18896484375
    ],
    [
      78.59375,
      336.90625
    ],
    [
      141.86956787109375,
      310.1956481933594
    ],
    [
      141.0,
      311.28125
    ],
    [
      140.13636779785156,
      311.7727355957031
    ],
    [
      138.5,
      311.78570556640625
    ],
    [
      140.0,
      313.0
    ],
    [
      140.0,
      312.0
    ],
    [
      135.2608642578125,
      312.3043518066406
    ],
    [
      135.242431640625,
      312.18182373046875
    ],
    [
      134.3275909423828,
      313.637939453125
    ]
  ],
  "filtered_uv": [
    [
      88.53318786621094,
      359.53759765625
    ],
    [
      87.19145965576172,
      363.1038818359375
    ],
    [
      86.48810577392578,
      367.8348693847656
    ],
    [
      86.56661987304688,
      368.6854248046875
    ],
    [
      84.19734954833984,
      363.9998779296875
    ],
    [
      81.36724853515625,
      351.24932861328125
    ],
    [
      81.25563049316406,
      349.70477294921875
    ],
    [
      81.07221984863281,
      349.2242431640625
    ],
    [
      81.44052124023438,
      350.6379089355469
    ],
    [
      81.4872817993164,
      350.995849609375
    ],
    [
      81.22325134277344,
      350.85699462890625
    ],
    [
      80.61160278320312,
      344.44573974609375
    ],
    [
      79.8929443359375,
      342.7213439941406
    ],
    [
      79.07018280029297,
      340.30218505859375
    ],
    [
      78.61483001708984,
      337.05828857421875
    ],
    [
      138.9987030029297,
      311.4119567871094
    ],
    [
      140.9190216064453,
      311.2801513671875
    ],
    [
      140.18199157714844,
      311.7433776855469
    ],
    [
      138.58619689941406,
      311.7768859863281
    ],
    [
      139.94546508789062,
      312.9377136230469
    ],
    [
      140.00732421875,
      312.0359191894531
    ],
    [
      135.4856719970703,
      312.28546142578125
    ],
    [
      135.26206970214844,
      312.17987060546875
    ],
    [
      134.37841796875,
      313.5652770996094
    ]
  ],
  "xyz_pred": [
    [
      -0.18397784233093262,
      0.43902018666267395,
      6.1634907722473145
    ],
    [
      -0.20495404303073883,
      0.5030543804168701,
      8.43999195098877
    ],
    [
      -0.147344708442688,
      0.5210404992103577,
      8.666470527648926
    ],
    [
      -0.10382957011461258,
      0.6001160144805908,
      8.613919258117676
    ],
    [
      -0.08891172707080841,
      0.7162793278694153,
      8.807909965515137
    ],
    [
      -0.06931047141551971,
      0.8991295695304871,
      9.275374412536621
    ],
    [
      -0.07865865528583527,
      1.09148108959198,
      10.0158109664917
    ],
    [
      -0.111714206635952,
      1.2735192775726318,
      10.93972110748291
    ],
    [
      -0.16183613240718842,
      1.4436817169189453,
      11.997119903564453
    ],
    [
      -0.21955697238445282,
      1.5994212627410889,
      13.058135032653809
    ],
    [
      -0.279135525226593,
      1.7375268936157227,
      14.040596008300781
    ],
    [
      -0.33447325229644775,
      1.8664578199386597,
      14.89791202545166
    ],
    [
      -0.3912888765335083,
      1.9861903190612793,
      15.724535942077637
    ],
    [
      -0.4487578570842743,
      2.0960402488708496,
      16.532075881958008
    ],
    [
      -0.5090555548667908,
      2.201280117034912,
      17.34686851501465
    ],
    [
      -0.5727061629295349,
      2.323885202407837,
      18.165433883666992
    ],
    [
      -0.6418855786323547,
      2.4561541080474854,
      19.07211685180664
    ],
    [
      -0.7180989384651184,
      2.594707727432251,
      20.068323135375977
    ],
    [
      -0.7929171919822693,
      2.750779628753662,
      21.153079986572266
    ],
    [
      -0.869048535823822,
      2.919527530670166,
      22.305517196655273
    ],
    [
      -0.9425397515296936,
      3.0911953449249268,
      23.486413955688477
    ],
    [
      -1.0127465724945068,
      3.272913694381714,
      24.721111297607422
    ],
    [
      -1.077717661857605,
      3.4575068950653076,
      25.957460403442383
    ],
    [
      -1.1350376605987549,
      3.6351516246795654,
      27.19084358215332
    ]
  ],
  "uv_reprojected": [
    [
      116.63832092285156,
      368.68011474609375
    ],
    [
      108.2468490600586,
      413.95416259765625
    ],
    [
      97.2681884765625,
      419.1202087402344
    ],
    [
      89.808349609375,
      432.0986633300781
    ],
    [
      86.85462188720703,
      452.8052062988281
    ],
    [
      82.90155792236328,
      483.8179626464844
    ],
    [
      83.47586059570312,
      512.7938232421875
    ],
    [
      87.03141784667969,
      535.68798828125
    ],
    [
      91.97315979003906,
      552.9026489257812
    ],
    [
      96.98492431640625,
      565.691162109375
    ],
    [
      101.60856628417969,
      575.1727905273438
    ],
    [
      105.48384094238281,
      583.2523193359375
    ],
    [
      109.1518783569336,
      589.781494140625
    ],
    [
      112.56022644042969,
      594.89892578125
    ],
    [
      115.87855529785156,
      599.10693359375
    ],
    [
      119.1676025390625,
      604.3150024414062
    ],
    [
      122.3765640258789,
      609.2904052734375
    ],
    [
      125.58333587646484,
      613.744384765625
    ],
    [
      128.14935302734375,
      618.477294921875
    ],
    [
      130.37530517578125,
      623.194091796875
    ],
    [
      132.13943481445312,
      627.4694213867188
    ],
    [
      133.3992156982422,
      631.634765625
    ],
    [
      134.23104858398438,
      635.5571899414062
    ],
    [
      134.56991577148438,
      638.7643432617188
    ]
  ],
  "visible_prob": [
    1.0,
    1.0,
    1.0,
    1.0,
    1.0,
    1.0,
    1.0,
    1.0,
    1.0,
    1.0,
    1.0,
    1.0,
    1.0,
    1.0,
    1.0,
    1.0,
    1.0,
    1.0,
    1.0,
    1.0,
    1.0,
    1.0,
    1.0,
    1.0
  ],
  "ball_metrics": {
    "launch_angle_deg": 6.0,
    "launch_direction_deg": 2.1,
    "ball_speed_ms": 39.9,
    "carry_m": 37.4,
    "apex_m": 1.32,
    "descent_angle_deg": 7.3,
    "time_of_flight_s": 0.94
  },
  "spin": null,
  "metrics": {
    "sequence": 12,
    "rmse_2d_measured": 201.53526306152344,
    "rmse_2d_filtered": 201.61282348632812,
    "rmse_3d": 6.562080383300781,
    "visibility_f1": 1.0,
    "smoothness_filtered": 8.946669578552246,
    "carry_err_m": 17.246534216021686,
    "apex_err_m": 3.6066092029213905,
    "visible_prob_mean": 1.0,
    "visible_prob_max": 1.0,
    "gt_visible_rate": 1.0,
    "ball_launch_angle_deg": 6.0,
    "ball_launch_direction_deg": 2.1,
    "ball_ball_speed_ms": 39.9,
    "ball_carry_m": 37.4,
    "ball_apex_m": 1.32,
    "ball_descent_angle_deg": 7.3,
    "ball_time_of_flight_s": 0.94,
    "spin_backspin_rpm": 0.0,
    "spin_sidespin_rpm": 0.0
  }
}