{
  "measured_uv": [
    [
      291.61639404296875,
      294.5387878417969
    ],
    [
      289.7934875488281,
      293.86956787109375
    ],
    [
      260.3529357910156,
      262.0
    ],
    [
      260.5,
      262.0
    ],
    [
      186.0,
      247.5
    ],
    [
      186.74192810058594,
      247.3225860595703
    ],
    [
      194.0,
      253.0
    ],
    [
      187.0,
      270.5
    ],
    [
      201.8333282470703,
      283.0
    ],
    [
      202.0,
      283.0
    ],
    [
      204.5625,
      294.15625
    ],
    [
      204.03846740722656,
      294.73077392578125
    ],
    [
      204.11111450195312,
      294.7407531738281
    ],
    [
      204.30435180664062,
      294.8260803222656
    ],
    [
      204.23077392578125,
      294.76922607421875
    ],
    [
      157.7291717529297,
      282.7083435058594
    ],
    [
      143.8848419189453,
      284.7818298339844
    ],
    [
      138.8030242919922,
      286.1060485839844
    ],
    [
      142.1845245361328,
      286.4464416503906
    ],
    [
      142.0569610595703,
      287.0759582519531
    ],
    [
      136.27618408203125,
      289.8571472167969
    ],
    [
      136.4077606201172,
      290.3883361816406
    ],
    [
      135.83168029785156,
      290.31683349609375
    ],
    [
      135.42857360839844,
      290.71429443359375
    ]
  ],
  "filtered_uv": [
    [
      291.61639404296875,
      294.5387878417969
    ],
    [
      289.878662109375,
      293.9008483886719
    ],
    [
      261.697509765625,
      263.4527587890625
    ],
    [
      260.5541687011719,
      262.0657653808594
    ],
    [
      189.39273071289062,
      248.16250610351562
    ],
    [
      186.8594970703125,
      247.35986328125
    ],
    [
      193.67202758789062,
      252.7424774169922
    ],
    [
      187.30067443847656,
      269.6918640136719
    ],
    [
      201.16943359375,
      282.3956298828125
    ],
    [
      201.96026611328125,
      282.9742736816406
    ],
    [
      204.44235229492188,
      293.6499938964844
    ],
    [
      204.05519104003906,
      294.6846923828125
    ],
    [
      204.10691833496094,
      294.7413330078125
    ],
    [
      204.29373168945312,
      294.8253479003906
    ],
    [
      204.2320098876953,
      294.77490234375
    ],
    [
      159.83767700195312,
      283.25897216796875
    ],
    [
      144.59925842285156,
      284.7138366699219
    ],
    [
      139.05384826660156,
      286.0442810058594
    ],
    [
      142.0294952392578,
      286.4298400878906
    ],
    [
      142.04331970214844,
      287.0483703613281
    ],
    [
      136.52520751953125,
      289.731689453125
    ],
    [
      136.39955139160156,
      290.36102294921875
    ],
    [
      135.84390258789062,
      290.3214111328125
    ],
    [
      135.43382263183594,
      290.69903564453125
    ]
  ],
  "xyz_pred": [
    [
      -0.08929981291294098,
      0.5628255605697632,
      5.713701248168945
    ],
    [
      -0.06478879600763321,
      0.851232647895813,
      8.408888816833496
    ],
    [
      0.0009713191539049149,
      1.0676891803741455,
      9.272494316101074
    ],
    [
      0.02236401103436947,
      1.3069989681243896,
      9.919073104858398
    ],
    [
      -0.07580941170454025,
      1.560711145401001,
      11.729191780090332
    ],
    [
      -0.1851719617843628,
      1.7904224395751953,
      13.413359642028809
    ],
    [
      -0.3024888038635254,
      2.0100436210632324,
      15.119318962097168
    ],
    [
      -0.455650269985199,
      2.2016427516937256,
      16.997819900512695
    ],
    [
      -0.6226939558982849,
      2.3669722080230713,
      18.862607955932617
    ],
    [
      -0.7557591795921326,
      2.556318521499634,
      20.578845977783203
    ],
    [
      -0.876859724521637,
      2.7675325870513916,
      22.22838592529297
    ],
    [
      -0.9759794473648071,
      2.9931323528289795,
      23.776309967041016
    ],
    [
      -1.055943250656128,
      3.234022378921509,
      25.24989128112793
    ],
    [
      -1.1194984912872314,
      3.4725892543792725,
      26.663911819458008
    ],
    [
      -1.1669901609420776,
      3.695725202560425,
      27.984155654907227
    ],
    [
      -1.1954245567321777,
      3.891141176223755,
      29.111766815185547
    ],
    [
      -1.2042567729949951,
      4.057657718658447,
      30.011207580566406
    ],
    [
      -1.1965694427490234,
      4.200150012969971,
      30.702863693237305
    ],
    [
      -1.1760419607162476,
      4.326504707336426,
      31.239871978759766
    ],
    [
      -1.1468449831008911,
      4.4384379386901855,
      31.662456512451172
    ],
    [
      -1.1220650672912598,
      4.527492523193359,
      31.991601943969727
    ],
    [
      -1.104824185371399,
      4.594048500061035,
      32.24184036254883
    ],
    [
      -1.0936135053634644,
      4.6436357498168945,
      32.431705474853516
    ],
    [
      -1.0858492851257324,
      4.682400703430176,
      32.5791015625
    ]
  ],
  "uv_reprojected": [
    [
      264.4840393066406,
      179.98150634765625
    ],
    [
      259.6754150390625,
      221.58668518066406
    ],
    [
      254.93643188476562,
      236.65077209472656
    ],
    [
      253.6318359375,
      250.19949340820312
    ],
    [
      258.92205810546875,
      262.01531982421875
    ],
    [
      263.3771667480469,
      269.90277099609375
    ],
    [
      267.1405029296875,
      275.65850830078125
    ],
    [
      271.26666259765625,
      279.1466979980469
    ],
    [
      275.0323791503906,
      281.2471618652344
    ],
    [
      277.2854919433594,
      283.76910400390625
    ],
    [
      278.93768310546875,
      286.49920654296875
    ],
    [
      279.90899658203125,
      289.30657958984375
    ],
    [
      280.3770446777344,
      292.1890563964844
    ],
    [
      280.4776611328125,
      294.7978210449219
    ],
    [
      280.30548095703125,
      297.00274658203125
    ],
    [
      279.91802978515625,
      298.81268310546875
    ],
    [
      279.34979248046875,
      300.3404235839844
    ],
    [
      278.6493225097656,
      301.6952209472656
    ],
    [
      277.84405517578125,
      302.9634094238281
    ],
    [
      276.9796142578125,
      304.1332702636719
    ],
    [
      276.283447265625,
      305.0530090332031
    ],
    [
      275.79376220703125,
      305.721435546875
    ],
    [
      275.4622802734375,
      306.20733642578125
    ],
    [
      275.22509765625,
      306.5848693847656
    ]
  ],
  "visible_prob": [
    1.0,
    1.0,
    1.0,
    1.0,
    1.0,
    1.0,
    1.0,
    1.0,
    1.0,
    1.0,
    1.0,
    1.0,
    1.0,
    1.0,
    1.0,
    1.0,
    1.0,
    1.0,
    1.0,
    1.0,
    1.0,
    1.0,
    1.0,
    1.0
  ],
  "ball_metrics": {
    "launch_angle_deg": 9.4,
    "launch_direction_deg": 0.1,
    "ball_speed_ms": 91.0,
    "carry_m": 275.9,
    "apex_m": 11.87,
    "descent_angle_deg": 9.6,
    "time_of_flight_s": 3.07
  },
  "spin": null,
  "metrics": {
    "sequence": 7,
    "rmse_2d_measured": 118.21902465820312,
    "rmse_2d_filtered": 118.22052764892578,
    "rmse_3d": 10.75304126739502,
    "visibility_f1": 1.0,
    "smoothness_filtered": 19.156343460083008,
    "carry_err_m": 23.079589999924266,
    "apex_err_m": 4.655100723728538,
    "visible_prob_mean": 1.0,
    "visible_prob_max": 1.0,
    "gt_visible_rate": 1.0,
    "ball_launch_angle_deg": 9.4,
    "ball_launch_direction_deg": 0.1,
    "ball_ball_speed_ms": 91.0,
    "ball_carry_m": 275.9,
    "ball_apex_m": 11.87,
    "ball_descent_angle_deg": 9.6,
    "ball_time_of_flight_s": 3.07,
    "spin_backspin_rpm": 0.0,
    "spin_sidespin_rpm": 0.0
  }
}