{
  "measured_uv": [
    [
      267.50762939453125,
      315.9847717285156
    ],
    [
      267.9705810546875,
      319.9705810546875
    ],
    [
      263.0,
      304.4347839355469
    ],
    [
      265.0,
      296.0
    ],
    [
      261.0,
      279.0
    ],
    [
      267.0,
      302.0
    ],
    [
      267.5,
      302.0
    ],
    [
      180.5,
      306.8269348144531
    ],
    [
      181.16326904296875,
      306.7414855957031
    ],
    [
      181.2265625,
      306.5546875
    ],
    [
      187.8222198486328,
      306.73333740234375
    ],
    [
      186.0,
      309.0
    ],
    [
      161.0430145263672,
      319.5376281738281
    ],
    [
      158.13461303710938,
      312.8990478515625
    ],
    [
      158.40087890625,
      312.6916198730469
    ],
    [
      158.4852294921875,
      312.4388122558594
    ],
    [
      154.5558319091797,
      315.1820373535156
    ],
    [
      155.28640747070312,
      315.2232971191406
    ],
    [
      155.95443725585938,
      315.4124755859375
    ],
    [
      156.05023193359375,
      315.30364990234375
    ],
    [
      155.7784881591797,
      315.3122253417969
    ],
    [
      155.7779998779297,
      315.1160888671875
    ],
    [
      155.81385803222656,
      315.1089172363281
    ],
    [
      155.732421875,
      315.080078125
    ]
  ],
  "filtered_uv": [
    [
      267.50762939453125,
      315.9847717285156
    ],
    [
      267.9489440917969,
      319.7843322753906
    ],
    [
      263.2253723144531,
      305.1337890625
    ],
    [
      264.9191589355469,
      296.4156188964844
    ],
    [
      261.1783447265625,
      279.7922058105469
    ],
    [
      266.7349548339844,
      300.988525390625
    ],
    [
      267.46533203125,
      301.95404052734375
    ],
    [
      184.454833984375,
      306.6054382324219
    ],
    [
      181.3068389892578,
      306.7357482910156
    ],
    [
      181.223876953125,
      306.5633850097656
    ],
    [
      187.51608276367188,
      306.72607421875
    ],
    [
      186.06326293945312,
      308.89715576171875
    ],
    [
      162.17347717285156,
      319.0551452636719
    ],
    [
      158.30897521972656,
      313.1806640625
    ],
    [
      158.3871612548828,
      312.7150573730469
    ],
    [
      158.47128295898438,
      312.4525146484375
    ],
    [
      154.7239990234375,
      315.059326171875
    ],
    [
      155.2508087158203,
      315.2174377441406
    ],
    [
      155.91258239746094,
      315.4052429199219
    ],
    [
      156.0342254638672,
      315.3099060058594
    ],
    [
      155.7803955078125,
      315.313720703125
    ],
    [
      155.76841735839844,
      315.12664794921875
    ],
    [
      155.80215454101562,
      315.11126708984375
    ],
    [
      155.7259979248047,
      315.0830383300781
    ]
  ],
  "xyz_pred": [
    [
      -0.19108766317367554,
      0.5943853259086609,
      6.922667026519775
    ],
    [
      -0.2381126433610916,
      0.8560597896575928,
      10.29051685333252
    ],
    [
      -0.21548748016357422,
      1.032301664352417,
      11.513421058654785
    ],
    [
      -0.21011660993099213,
      1.2352051734924316,
      12.274566650390625
    ],
    [
      -0.2290181815624237,
      1.4611124992370605,
      12.974394798278809
    ],
    [
      -0.30556368827819824,
      1.6882123947143555,
      14.205071449279785
    ],
    [
      -0.4019191861152649,
      1.8964779376983643,
      15.515122413635254
    ],
    [
      -0.517949104309082,
      2.1074063777923584,
      16.981172561645508
    ],
    [
      -0.6249608397483826,
      2.2922489643096924,
      18.33693504333496
    ],
    [
      -0.7264615297317505,
      2.465433359146118,
      19.656091690063477
    ],
    [
      -0.8095255494117737,
      2.6611156463623047,
      20.95781707763672
    ],
    [
      -0.8896734714508057,
      2.8529469966888428,
      22.258708953857422
    ],
    [
      -0.9655696749687195,
      3.045987844467163,
      23.57731056213379
    ],
    [
      -1.0300542116165161,
      3.251385450363159,
      24.867759704589844
    ],
    [
      -1.089133858680725,
      3.455151081085205,
      26.142560958862305
    ],
    [
      -1.1391996145248413,
      3.6469430923461914,
      27.37285041809082
    ],
    [
      -1.1783771514892578,
      3.8184831142425537,
      28.495561599731445
    ],
    [
      -1.2038261890411377,
      3.9639651775360107,
      29.42311668395996
    ],
    [
      -1.2162636518478394,
      4.084571838378906,
      30.141897201538086
    ],
    [
      -1.216873288154602,
      4.187496185302734,
      30.69608497619629
    ],
    [
      -1.2060075998306274,
      4.28240442276001,
      31.144521713256836
    ],
    [
      -1.1811554431915283,
      4.3793182373046875,
      31.52543067932129
    ],
    [
      -1.1522325277328491,
      4.470146179199219,
      31.853031158447266
    ],
    [
      -1.127928614616394,
      4.5456109046936035,
      32.12234878540039
    ]
  ],
  "uv_reprojected": [
    [
      271.7501525878906,
      195.4167938232422
    ],
    [
      269.0412292480469,
      227.93650817871094
    ],
    [
      266.35736083984375,
      238.6485137939453
    ],
    [
      265.3875732421875,
      248.12603759765625
    ],
    [
      265.7113037109375,
      257.4116516113281
    ],
    [
      268.05322265625,
      265.38818359375
    ],
    [
      270.71966552734375,
      271.3837890625
    ],
    [
      273.50885009765625,
      276.32904052734375
    ],
    [
      275.68170166015625,
      279.9131774902344
    ],
    [
      277.4272155761719,
      282.7523193359375
    ],
    [
      278.4393005371094,
      285.80908203125
    ],
    [
      279.25439453125,
      288.4210205078125
    ],
    [
      279.851318359375,
      290.7439270019531
    ],
    [
      280.13525390625,
      293.1180114746094
    ],
    [
      280.2809143066406,
      295.2499694824219
    ],
    [
      280.2545471191406,
      297.0283203125
    ],
    [
      280.0938415527344,
      298.45458984375
    ],
    [
      279.8276062011719,
      299.61627197265625
    ],
    [
      279.4859619140625,
      300.60101318359375
    ],
    [
      279.0559387207031,
      301.4944763183594
    ],
    [
      278.49786376953125,
      302.38525390625
    ],
    [
      277.7355651855469,
      303.3866882324219
    ],
    [
      276.95074462890625,
      304.3489990234375
    ],
    [
      276.3075866699219,
      305.1380615234375
    ]
  ],
  "visible_prob": [
    1.0,
    1.0,
    1.0,
    1.0,
    1.0,
    1.0,
    1.0,
    1.0,
    1.0,
    1.0,
    1.0,
    1.0,
    1.0,
    1.0,
    1.0,
    1.0,
    1.0,
    1.0,
    1.0,
    1.0,
    1.0,
    1.0,
    1.0,
    1.0
  ],
  "ball_metrics": {
    "launch_angle_deg": 8.2,
    "launch_direction_deg": -0.4,
    "ball_speed_ms": 91.0,
    "carry_m": 241.0,
    "apex_m": 9.08,
    "descent_angle_deg": 8.4,
    "time_of_flight_s": 2.68
  },
  "spin": null,
  "metrics": {
    "sequence": 2,
    "rmse_2d_measured": 106.34684753417969,
    "rmse_2d_filtered": 106.34276580810547,
    "rmse_3d": 9.80954360961914,
    "visibility_f1": 0.9565217391304348,
    "smoothness_filtered": 15.7420015335083,
    "carry_err_m": 21.447222273918435,
    "apex_err_m": 4.528523294255137,
    "visible_prob_mean": 1.0,
    "visible_prob_max": 1.0,
    "gt_visible_rate": 0.9166666865348816,
    "ball_launch_angle_deg": 8.2,
    "ball_launch_direction_deg": -0.4,
    "ball_ball_speed_ms": 91.0,
    "ball_carry_m": 241.0,
    "ball_apex_m": 9.08,
    "ball_descent_angle_deg": 8.4,
    "ball_time_of_flight_s": 2.68,
    "spin_backspin_rpm": 0.0,
    "spin_sidespin_rpm": 0.0
  }
}