{
  "rmse_2d_measured": 176.51864976149338,
  "rmse_2d_filtered": 176.29582273043118,
  "rmse_3d": 7.260618374897883,
  "visibility_f1": 0.777975083238241,
  "smoothness_filtered": 15.706816930037279,
  "carry_err_m": 16.505772561353925,
  "apex_err_m": 3.7165623703398385,
  "visible_prob_mean": 1.0,
  "visible_prob_max": 1.0,
  "gt_visible_rate": 0.6987179517745972,
  "ball_launch_angle_deg": 9.953846153846152,
  "ball_launch_direction_deg": 2.123076923076923,
  "ball_ball_speed_ms": 63.41538461538461,
  "ball_carry_m": 140.73076923076925,
  "ball_apex_m": 6.898461538461537,
  "ball_descent_angle_deg": 10.546153846153846,
  "ball_time_of_flight_s": 2.176923076923077,
  "spin_backspin_rpm": 0.0,
  "spin_sidespin_rpm": 0.0
}