{
  "native_resolution": {
    "width": 4032,
    "height": 3024
  },
  "native_intrinsics": {
    "fx": 8904.541932223465,
    "fy": 8649.308013311927,
    "cx": 3098.9958222213054,
    "cy": 92.49873579231345
  },
  "distortion_coefficients": [
    0.21024616809341173,
    -1.2439673339883777,
    -0.030412260582672473,
    0.023926348797491635,
    6.139102789379084
  ],
  "pipeline_intrinsics": {
    "fx": 1507.6473112759304,
    "fy": 1464.4331027829717,
    "cx": 439.36437201630565,
    "cy": 15.66116161562979,
    "camera_height_m": 0.9721
  },
  "target_size": 512
}