sequence,rmse_2d_measured,rmse_2d_filtered,rmse_3d,visibility_f1,smoothness_filtered,carry_err_m,apex_err_m,visible_prob_mean,visible_prob_max,gt_visible_rate,ball_launch_angle_deg,ball_launch_direction_deg,ball_ball_speed_ms,ball_carry_m,ball_apex_m,ball_descent_angle_deg,ball_time_of_flight_s,spin_backspin_rpm,spin_sidespin_rpm
0,0.0,0.0,6.650404453277588,1.0,4.8178486824035645,12.753325486404734,3.5104615315794945,1.0,1.0,1.0,6.5,-1.4,91.0,194.1,5.93,6.8,2.15,0.0,0.0
1,0.0,0.0,9.305586814880371,1.0,4.238452911376953,20.697676215602137,3.9298947863280773,1.0,1.0,1.0,6.8,-1.2,91.0,204.0,6.53,7.1,2.26,0.0,0.0
2,0.0,0.0,6.5009684562683105,1.0,53.17361831665039,11.08568026309565,3.6551428716629744,0.9166666865348816,1.0,0.9166666865348816,6.5,-1.3,91.0,194.8,5.97,6.8,2.15,0.0,0.0
3,0.0,0.0,6.387404441833496,1.0,4.195157527923584,10.674670289116927,3.39361372590065,1.0,1.0,1.0,7.1,-0.8,91.0,212.9,7.11,7.5,2.36,0.0,0.0
4,0.0,0.0,9.482715606689453,1.0,4.494393348693848,21.599581144090926,4.083868553861976,1.0,1.0,1.0,6.8,-1.3,91.0,201.9,6.4,7.1,2.23,0.0,0.0
5,0.0,0.0,9.813844680786133,1.0,4.238452911376953,20.654370230159998,3.9217426478862762,1.0,1.0,1.0,6.8,-1.2,91.0,204.0,6.53,7.1,2.26,0.0,0.0
6,0.0,0.0,7.0418009757995605,1.0,53.17361831665039,11.086334381087294,3.6449479293078184,0.9166666865348816,1.0,0.9166666865348816,6.5,-1.3,91.0,194.8,5.97,6.8,2.15,0.0,0.0
7,0.0,0.0,6.910678386688232,1.0,4.195157527923584,10.643726467165688,3.382697006687522,1.0,1.0,1.0,7.1,-0.8,91.0,212.9,7.11,7.5,2.36,0.0,0.0
8,0.0,0.0,9.98995304107666,1.0,4.494393348693848,21.542451306829044,4.090311573818326,1.0,1.0,1.0,6.8,-1.3,91.0,201.9,6.4,7.1,2.23,0.0,0.0
