{
  "measured_uv": [
    [
      276.0,
      434.0
    ],
    [
      293.0,
      351.0
    ],
    [
      305.0,
      286.0
    ],
    [
      315.0,
      234.0
    ],
    [
      323.0,
      197.0
    ],
    [
      329.0,
      165.0
    ],
    [
      334.0,
      139.0
    ],
    [
      340.0,
      116.0
    ],
    [
      344.0,
      96.0
    ],
    [
      348.0,
      79.0
    ],
    [
      352.0,
      66.0
    ],
    [
      353.0,
      53.0
    ],
    [
      356.0,
      41.0
    ],
    [
      359.0,
      30.0
    ],
    [
      361.0,
      21.0
    ],
    [
      364.0,
      13.0
    ],
    [
      367.0,
      6.0
    ],
    [
      369.0,
      1.0
    ],
    [
      0.0,
      0.0
    ],
    [
      0.0,
      0.0
    ],
    [
      0.0,
      0.0
    ],
    [
      0.0,
      0.0
    ],
    [
      0.0,
      0.0
    ],
    [
      0.0,
      0.0
    ]
  ],
  "filtered_uv": [
    [
      276.0,
      434.0
    ],
    [
      293.0,
      351.0
    ],
    [
      305.0,
      286.0
    ],
    [
      315.0,
      234.0
    ],
    [
      323.0,
      197.0
    ],
    [
      329.0,
      165.0
    ],
    [
      334.0,
      139.0
    ],
    [
      340.0,
      116.0
    ],
    [
      344.0,
      96.0
    ],
    [
      348.0,
      79.0
    ],
    [
      352.0,
      66.0
    ],
    [
      353.0,
      53.0
    ],
    [
      356.0,
      41.0
    ],
    [
      359.0,
      30.0
    ],
    [
      361.0,
      21.0
    ],
    [
      364.0,
      13.0
    ],
    [
      367.0,
      6.0
    ],
    [
      369.0,
      1.0
    ],
    [
      0.0,
      0.0
    ],
    [
      0.0,
      0.0
    ],
    [
      0.0,
      0.0
    ],
    [
      0.0,
      0.0
    ],
    [
      0.0,
      0.0
    ],
    [
      0.0,
      0.0
    ]
  ],
  "xyz_pred": [
    [
      -0.17521987855434418,
      0.3971741795539856,
      5.725608825683594
    ],
    [
      -0.1841733753681183,
      0.5778937339782715,
      8.379782676696777
    ],
    [
      0.01790262758731842,
      0.7762258648872375,
      7.848079204559326
    ],
    [
      0.2214452028274536,
      1.076817274093628,
      6.856820106506348
    ],
    [
      0.38980111479759216,
      1.4324345588684082,
      6.507754802703857
    ],
    [
      0.5611385703086853,
      1.8298239707946777,
      6.498340129852295
    ],
    [
      0.6892644166946411,
      2.2105352878570557,
      6.842924118041992
    ],
    [
      0.7756842374801636,
      2.5597922801971436,
      7.406097888946533
    ],
    [
      0.8370260000228882,
      2.8895256519317627,
      8.073037147521973
    ],
    [
      0.8873919248580933,
      3.21508526802063,
      8.790511131286621
    ],
    [
      0.9338643550872803,
      3.5199697017669678,
      9.477339744567871
    ],
    [
      0.9741733074188232,
      3.789914846420288,
      10.110869407653809
    ],
    [
      1.0110276937484741,
      4.035475730895996,
      10.716329574584961
    ],
    [
      1.0446958541870117,
      4.262202262878418,
      11.309922218322754
    ],
    [
      1.0773981809616089,
      4.4730753898620605,
      11.898128509521484
    ],
    [
      1.1050933599472046,
      4.671636581420898,
      12.487275123596191
    ],
    [
      1.1371668577194214,
      4.871243953704834,
      13.075102806091309
    ],
    [
      1.1657724380493164,
      5.06304931640625,
      13.663596153259277
    ],
    [
      1.1225242614746094,
      5.321537017822266,
      15.468039512634277
    ],
    [
      1.0474061965942383,
      5.496145248413086,
      17.058324813842773
    ],
    [
      0.9739295840263367,
      5.654389381408691,
      18.586763381958008
    ],
    [
      0.8991987109184265,
      5.786875247955322,
      20.084226608276367
    ],
    [
      0.8155398964881897,
      5.884067535400391,
      21.555707931518555
    ],
    [
      0.7147438526153564,
      5.9360785484313965,
      22.988508224487305
    ]
  ],
  "uv_reprojected": [
    [
      117.77391052246094,
      348.2906494140625
    ],
    [
      104.77114868164062,
      426.44818115234375
    ],
    [
      68.19646453857422,
      458.7891845703125
    ],
    [
      22.945236206054688,
      517.70361328125
    ],
    [
      -18.669342041015625,
      598.9274291992188
    ],
    [
      -58.55132293701172,
      688.6311645507812
    ],
    [
      -80.22455596923828,
      760.37255859375
    ],
    [
      -86.26915740966797,
      809.2786865234375
    ],
    [
      -84.67977142333984,
      843.1561279296875
    ],
    [
      -80.55962371826172,
      869.0032958984375
    ],
    [
      -76.92273712158203,
      889.0341796875
    ],
    [
      -73.6248550415039,
      903.464111328125
    ],
    [
      -70.60272979736328,
      913.9624633789062
    ],
    [
      -67.62554168701172,
      921.348388671875
    ],
    [
      -64.88471221923828,
      926.2422485351562
    ],
    [
      -61.78748321533203,
      929.1983642578125
    ],
    [
      -59.48735809326172,
      932.0494384765625
    ],
    [
      -56.99622344970703,
      933.7974853515625
    ],
    [
      -37.775184631347656,
      907.1207275390625
    ],
    [
      -20.936134338378906,
      883.7216796875
    ],
    [
      -7.3637237548828125,
      864.2518920898438
    ],
    [
      4.136161804199219,
      846.4061889648438
    ],
    [
      14.59521484375,
      829.0438232421875
    ],
    [
      24.76082992553711,
      811.558349609375
    ]
  ],
  "visible_prob": [
    1.0,
    1.0,
    1.0,
    1.0,
    1.0,
    1.0,
    1.0,
    1.0,
    1.0,
    1.0,
    1.0,
    1.0,
    1.0,
    1.0,
    1.0,
    1.0,
    1.0,
    1.0,
    0.0,
    0.0,
    0.0,
    0.0,
    0.0,
    0.0
  ],
  "ball_metrics": {
    "launch_angle_deg": 47.0,
    "launch_direction_deg": 35.8,
    "ball_speed_ms": 21.2,
    "carry_m": 46.2,
    "apex_m": 12.69,
    "descent_angle_deg": 47.5,
    "time_of_flight_s": 3.19
  },
  "spin": null,
  "metrics": {
    "sequence": 9,
    "rmse_2d_measured": 0.0,
    "rmse_2d_filtered": 0.0,
    "rmse_3d": 4.858165740966797,
    "visibility_f1": 1.0,
    "smoothness_filtered": 37.51583480834961,
    "carry_err_m": 13.555228759418132,
    "apex_err_m": 5.919688131660223,
    "visible_prob_mean": 0.75,
    "visible_prob_max": 1.0,
    "gt_visible_rate": 0.75,
    "ball_launch_angle_deg": 47.0,
    "ball_launch_direction_deg": 35.8,
    "ball_ball_speed_ms": 21.2,
    "ball_carry_m": 46.2,
    "ball_apex_m": 12.69,
    "ball_descent_angle_deg": 47.5,
    "ball_time_of_flight_s": 3.19,
    "spin_backspin_rpm": 0.0,
    "spin_sidespin_rpm": 0.0
  }
}