{
  "measured_uv": [
    [
      303.0,
      432.0
    ],
    [
      301.0,
      380.0
    ],
    [
      299.0,
      327.0
    ],
    [
      297.0,
      290.0
    ],
    [
      296.0,
      257.0
    ],
    [
      296.0,
      233.0
    ],
    [
      295.0,
      214.0
    ],
    [
      295.0,
      197.0
    ],
    [
      295.0,
      184.0
    ],
    [
      295.0,
      171.0
    ],
    [
      295.0,
      159.0
    ],
    [
      295.0,
      151.0
    ],
    [
      295.0,
      141.0
    ],
    [
      295.0,
      135.0
    ],
    [
      296.0,
      128.0
    ],
    [
      296.0,
      122.0
    ],
    [
      296.0,
      117.0
    ],
    [
      297.0,
      111.0
    ],
    [
      296.0,
      106.0
    ],
    [
      297.0,
      103.0
    ],
    [
      297.0,
      98.0
    ],
    [
      298.0,
      95.0
    ],
    [
      298.0,
      92.0
    ],
    [
      298.0,
      88.0
    ]
  ],
  "filtered_uv": [
    [
      303.0,
      432.0
    ],
    [
      301.0,
      380.0
    ],
    [
      299.0,
      327.0
    ],
    [
      297.0,
      290.0
    ],
    [
      296.0,
      257.0
    ],
    [
      296.0,
      233.0
    ],
    [
      295.0,
      214.0
    ],
    [
      295.0,
      197.0
    ],
    [
      295.0,
      184.0
    ],
    [
      295.0,
      171.0
    ],
    [
      295.0,
      159.0
    ],
    [
      295.0,
      151.0
    ],
    [
      295.0,
      141.0
    ],
    [
      295.0,
      135.0
    ],
    [
      296.0,
      128.0
    ],
    [
      296.0,
      122.0
    ],
    [
      296.0,
      117.0
    ],
    [
      297.0,
      111.0
    ],
    [
      296.0,
      106.0
    ],
    [
      297.0,
      103.0
    ],
    [
      297.0,
      98.0
    ],
    [
      298.0,
      95.0
    ],
    [
      298.0,
      92.0
    ],
    [
      298.0,
      88.0
    ]
  ],
  "xyz_pred": [
    [
      -0.18897391855716705,
      0.5142623782157898,
      6.582404613494873
    ],
    [
      -0.22164559364318848,
      0.720385730266571,
      9.45357608795166
    ],
    [
      -0.1363355964422226,
      0.8881118297576904,
      10.085967063903809
    ],
    [
      -0.0011932794004678726,
      1.121809482574463,
      9.514483451843262
    ],
    [
      0.09166091680526733,
      1.4104762077331543,
      9.28852367401123
    ],
    [
      0.1695617437362671,
      1.7425057888031006,
      9.617846488952637
    ],
    [
      0.31687217950820923,
      2.109624147415161,
      9.639067649841309
    ],
    [
      0.4271468222141266,
      2.4700372219085693,
      10.063016891479492
    ],
    [
      0.5140577554702759,
      2.812335729598999,
      10.651339530944824
    ],
    [
      0.5849571824073792,
      3.136800527572632,
      11.296257972717285
    ],
    [
      0.652745246887207,
      3.4441888332366943,
      11.908857345581055
    ],
    [
      0.7182910442352295,
      3.7394890785217285,
      12.49467945098877
    ],
    [
      0.7822640538215637,
      4.0261430740356445,
      13.06163215637207
    ],
    [
      0.8470486402511597,
      4.3036580085754395,
      13.65265941619873
    ],
    [
      0.9081037044525146,
      4.571435928344727,
      14.253401756286621
    ],
    [
      0.9645147919654846,
      4.827231407165527,
      14.858055114746094
    ],
    [
      1.017635464668274,
      5.071499824523926,
      15.45910930633545
    ],
    [
      1.069872260093689,
      5.303601264953613,
      16.03074073791504
    ],
    [
      1.1164875030517578,
      5.519010066986084,
      16.612016677856445
    ],
    [
      1.1504212617874146,
      5.708498001098633,
      17.194866180419922
    ],
    [
      1.1747764348983765,
      5.872318744659424,
      17.783201217651367
    ],
    [
      1.1873763799667358,
      6.008784294128418,
      18.377443313598633
    ],
    [
      1.1882678270339966,
      6.118341445922852,
      18.975000381469727
    ],
    [
      1.1771886348724365,
      6.200082302093506,
      19.57468605041504
    ]
  ],
  "uv_reprojected": [
    [
      114.91859436035156,
      393.48052978515625
    ],
    [
      106.98345947265625,
      456.3463134765625
    ],
    [
      92.01502990722656,
      483.1441650390625
    ],
    [
      71.82471466064453,
      518.3815307617188
    ],
    [
      56.757877349853516,
      564.4534301757812
    ],
    [
      45.055946350097656,
      612.6423950195312
    ],
    [
      22.073623657226562,
      668.1593017578125
    ],
    [
      7.640232086181641,
      713.3280029296875
    ],
    [
      -1.1268463134765625,
      748.3494873046875
    ],
    [
      -6.435279846191406,
      775.9679565429688
    ],
    [
      -11.001152038574219,
      799.331787109375
    ],
    [
      -15.035629272460938,
      819.6893920898438
    ],
    [
      -18.65770721435547,
      837.74951171875
    ],
    [
      -21.902969360351562,
      852.6936645507812
    ],
    [
      -24.41864013671875,
      865.1444091796875
    ],
    [
      -26.233718872070312,
      875.306640625
    ],
    [
      -27.609115600585938,
      883.6727294921875
    ],
    [
      -28.982933044433594,
      891.0281982421875
    ],
    [
      -29.692794799804688,
      896.1719360351562
    ],
    [
      -29.23340606689453,
      898.7230224609375
    ],
    [
      -27.961097717285156,
      898.8681640625
    ],
    [
      -25.774269104003906,
      896.6942749023438
    ],
    [
      -22.777481079101562,
      892.5101318359375
    ],
    [
      -19.03173828125,
      886.457763671875
    ]
  ],
  "visible_prob": [
    1.0,
    1.0,
    1.0,
    1.0,
    1.0,
    1.0,
    1.0,
    1.0,
    1.0,
    1.0,
    1.0,
    1.0,
    1.0,
    1.0,
    1.0,
    1.0,
    1.0,
    1.0,
    1.0,
    1.0,
    1.0,
    1.0,
    1.0,
    1.0
  ],
  "ball_metrics": {
    "launch_angle_deg": 18.2,
    "launch_direction_deg": 5.9,
    "ball_speed_ms": 43.0,
    "carry_m": 113.4,
    "apex_m": 9.73,
    "descent_angle_deg": 18.7,
    "time_of_flight_s": 2.78
  },
  "spin": null,
  "metrics": {
    "sequence": 3,
    "rmse_2d_measured": 0.0,
    "rmse_2d_filtered": 0.0,
    "rmse_3d": 5.193844318389893,
    "visibility_f1": 1.0,
    "smoothness_filtered": 3.149674892425537,
    "carry_err_m": 9.245683948987661,
    "apex_err_m": 6.1874841041862965,
    "visible_prob_mean": 1.0,
    "visible_prob_max": 1.0,
    "gt_visible_rate": 1.0,
    "ball_launch_angle_deg": 18.2,
    "ball_launch_direction_deg": 5.9,
    "ball_ball_speed_ms": 43.0,
    "ball_carry_m": 113.4,
    "ball_apex_m": 9.73,
    "ball_descent_angle_deg": 18.7,
    "ball_time_of_flight_s": 2.78,
    "spin_backspin_rpm": 0.0,
    "spin_sidespin_rpm": 0.0
  }
}