{
  "measured_uv": [
    [
      262.0,
      358.0
    ],
    [
      240.0,
      292.0
    ],
    [
      226.0,
      248.0
    ],
    [
      215.0,
      214.0
    ],
    [
      207.0,
      190.0
    ],
    [
      201.0,
      170.0
    ],
    [
      197.0,
      156.0
    ],
    [
      193.0,
      140.0
    ],
    [
      190.0,
      128.0
    ],
    [
      187.0,
      118.0
    ],
    [
      186.0,
      111.0
    ],
    [
      184.0,
      103.0
    ],
    [
      183.0,
      96.0
    ],
    [
      182.0,
      91.0
    ],
    [
      181.0,
      84.0
    ],
    [
      181.0,
      79.0
    ],
    [
      180.0,
      75.0
    ],
    [
      180.0,
      70.0
    ],
    [
      179.0,
      69.0
    ],
    [
      178.0,
      63.0
    ],
    [
      178.0,
      62.0
    ],
    [
      179.0,
      57.0
    ],
    [
      178.0,
      54.0
    ],
    [
      179.0,
      52.0
    ]
  ],
  "filtered_uv": [
    [
      262.0,
      358.0
    ],
    [
      240.0,
      292.0
    ],
    [
      226.0,
      248.0
    ],
    [
      215.0,
      214.0
    ],
    [
      207.0,
      190.0
    ],
    [
      201.0,
      170.0
    ],
    [
      197.0,
      156.0
    ],
    [
      193.0,
      140.0
    ],
    [
      190.0,
      128.0
    ],
    [
      187.0,
      118.0
    ],
    [
      186.0,
      111.0
    ],
    [
      184.0,
      103.0
    ],
    [
      183.0,
      96.0
    ],
    [
      182.0,
      91.0
    ],
    [
      181.0,
      84.0
    ],
    [
      181.0,
      79.0
    ],
    [
      180.0,
      75.0
    ],
    [
      180.0,
      70.0
    ],
    [
      179.0,
      69.0
    ],
    [
      178.0,
      63.0
    ],
    [
      178.0,
      62.0
    ],
    [
      179.0,
      57.0
    ],
    [
      178.0,
      54.0
    ],
    [
      179.0,
      52.0
    ]
  ],
  "xyz_pred": [
    [
      -0.20458877086639404,
      0.5938186645507812,
      6.860272407531738
    ],
    [
      -0.2198365181684494,
      0.833426833152771,
      9.891631126403809
    ],
    [
      -0.14789344370365143,
      1.0096306800842285,
      10.58901309967041
    ],
    [
      -0.0402972549200058,
      1.240415096282959,
      10.270472526550293
    ],
    [
      0.04649016261100769,
      1.526665449142456,
      10.127493858337402
    ],
    [
      0.11980557441711426,
      1.8528892993927002,
      10.492985725402832
    ],
    [
      0.15649090707302094,
      2.171513319015503,
      11.231208801269531
    ],
    [
      0.16968587040901184,
      2.4688496589660645,
      12.154610633850098
    ],
    [
      0.17044055461883545,
      2.746218681335449,
      13.146346092224121
    ],
    [
      0.1645691692829132,
      2.999772548675537,
      14.149495124816895
    ],
    [
      0.15417811274528503,
      3.2276580333709717,
      15.14554214477539
    ],
    [
      0.14782783389091492,
      3.4431984424591064,
      16.13164710998535
    ],
    [
      0.14350634813308716,
      3.6460988521575928,
      17.116918563842773
    ],
    [
      0.13738006353378296,
      3.8391354084014893,
      18.11229133605957
    ],
    [
      0.14238643646240234,
      4.040973663330078,
      19.075620651245117
    ],
    [
      0.2365064024925232,
      4.315068244934082,
      19.694868087768555
    ],
    [
      0.361528217792511,
      4.624360084533691,
      20.2359619140625
    ],
    [
      0.48127615451812744,
      4.931935787200928,
      20.81308937072754
    ],
    [
      0.5740469098091125,
      5.207803726196289,
      21.476736068725586
    ],
    [
      0.6413605809211731,
      5.440535545349121,
      22.167285919189453
    ],
    [
      0.6794514060020447,
      5.6158952713012695,
      22.862472534179688
    ],
    [
      0.6848915815353394,
      5.729091644287109,
      23.54652976989746
    ],
    [
      0.6624869704246521,
      5.786245346069336,
      24.224809646606445
    ],
    [
      0.6197554469108582,
      5.799347400665283,
      24.894426345825195
    ]
  ],
  "uv_reprojected": [
    [
      116.5970687866211,
      414.5887451171875
    ],
    [
      105.142333984375,
      474.80859375
    ],
    [
      92.69246673583984,
      500.52923583984375
    ],
    [
      77.55104064941406,
      533.5969848632812
    ],
    [
      64.71479034423828,
      575.5288696289062
    ],
    [
      54.421791076660156,
      618.2644653320312
    ],
    [
      50.62870788574219,
      651.7298583984375
    ],
    [
      50.58794021606445,
      675.6728515625
    ],
    [
      52.08918762207031,
      692.9662475585938
    ],
    [
      54.100563049316406,
      705.197265625
    ],
    [
      56.288124084472656,
      713.4302978515625
    ],
    [
      57.81978988647461,
      719.6654663085938
    ],
    [
      58.99568176269531,
      724.112060546875
    ],
    [
      60.20026397705078,
      727.147216796875
    ],
    [
      60.38207244873047,
      730.9359130859375
    ],
    [
      53.53099822998047,
      743.9088134765625
    ],
    [
      44.700557708740234,
      759.64501953125
    ],
    [
      36.7732048034668,
      773.9574584960938
    ],
    [
      31.338058471679688,
      784.1585693359375
    ],
    [
      28.015243530273438,
      790.5362548828125
    ],
    [
      26.829753875732422,
      792.7925415039062
    ],
    [
      27.783096313476562,
      791.191162109375
    ],
    [
      30.40530776977539,
      786.362548828125
    ],
    [
      34.10221862792969,
      779.3052978515625
    ]
  ],
  "visible_prob": [
    1.0,
    1.0,
    1.0,
    1.0,
    1.0,
    1.0,
    1.0,
    1.0,
    1.0,
    1.0,
    1.0,
    1.0,
    1.0,
    1.0,
    1.0,
    1.0,
    1.0,
    1.0,
    1.0,
    1.0,
    1.0,
    1.0,
    1.0,
    1.0
  ],
  "ball_metrics": {
    "launch_angle_deg": 15.9,
    "launch_direction_deg": 4.4,
    "ball_speed_ms": 51.1,
    "carry_m": 142.3,
    "apex_m": 10.57,
    "descent_angle_deg": 16.3,
    "time_of_flight_s": 2.89
  },
  "spin": null,
  "metrics": {
    "sequence": 11,
    "rmse_2d_measured": 0.0,
    "rmse_2d_filtered": 0.0,
    "rmse_3d": 6.960933208465576,
    "visibility_f1": 1.0,
    "smoothness_filtered": 4.641727924346924,
    "carry_err_m": 14.334481607371174,
    "apex_err_m": 5.758392050862312,
    "visible_prob_mean": 1.0,
    "visible_prob_max": 1.0,
    "gt_visible_rate": 1.0,
    "ball_launch_angle_deg": 15.9,
    "ball_launch_direction_deg": 4.4,
    "ball_ball_speed_ms": 51.1,
    "ball_carry_m": 142.3,
    "ball_apex_m": 10.57,
    "ball_descent_angle_deg": 16.3,
    "ball_time_of_flight_s": 2.89,
    "spin_backspin_rpm": 0.0,
    "spin_sidespin_rpm": 0.0
  }
}