{
  "measured_uv": [
    [
      0.0,
      0.0
    ],
    [
      0.0,
      0.0
    ],
    [
      0.0,
      0.0
    ],
    [
      0.0,
      0.0
    ],
    [
      0.0,
      0.0
    ],
    [
      0.0,
      0.0
    ],
    [
      0.0,
      0.0
    ],
    [
      0.0,
      0.0
    ],
    [
      0.0,
      0.0
    ],
    [
      0.0,
      0.0
    ],
    [
      0.0,
      0.0
    ],
    [
      0.0,
      0.0
    ],
    [
      0.0,
      0.0
    ],
    [
      0.0,
      0.0
    ],
    [
      0.0,
      0.0
    ],
    [
      0.0,
      0.0
    ],
    [
      0.0,
      0.0
    ],
    [
      0.0,
      0.0
    ],
    [
      0.0,
      0.0
    ],
    [
      0.0,
      0.0
    ],
    [
      0.0,
      0.0
    ],
    [
      0.0,
      0.0
    ],
    [
      0.0,
      0.0
    ],
    [
      0.0,
      0.0
    ]
  ],
  "filtered_uv": [
    [
      0.0,
      0.0
    ],
    [
      0.0,
      0.0
    ],
    [
      0.0,
      0.0
    ],
    [
      0.0,
      0.0
    ],
    [
      0.0,
      0.0
    ],
    [
      0.0,
      0.0
    ],
    [
      0.0,
      0.0
    ],
    [
      0.0,
      0.0
    ],
    [
      0.0,
      0.0
    ],
    [
      0.0,
      0.0
    ],
    [
      0.0,
      0.0
    ],
    [
      0.0,
      0.0
    ],
    [
      0.0,
      0.0
    ],
    [
      0.0,
      0.0
    ],
    [
      0.0,
      0.0
    ],
    [
      0.0,
      0.0
    ],
    [
      0.0,
      0.0
    ],
    [
      0.0,
      0.0
    ],
    [
      0.0,
      0.0
    ],
    [
      0.0,
      0.0
    ],
    [
      0.0,
      0.0
    ],
    [
      0.0,
      0.0
    ],
    [
      0.0,
      0.0
    ],
    [
      0.0,
      0.0
    ]
  ],
  "xyz_pred": [
    [
      -0.07003618031740189,
      0.5580594539642334,
      5.497049808502197
    ],
    [
      -0.0014618784189224243,
      0.8536281585693359,
      7.775172710418701
    ],
    [
      0.08019799739122391,
      1.0860676765441895,
      8.467564582824707
    ],
    [
      0.11468812078237534,
      1.3380844593048096,
      9.009905815124512
    ],
    [
      0.12682950496673584,
      1.6277656555175781,
      9.812049865722656
    ],
    [
      0.11310835182666779,
      1.9258220195770264,
      10.882952690124512
    ],
    [
      0.07766447961330414,
      2.2070071697235107,
      12.12439250946045
    ],
    [
      0.02815908007323742,
      2.4648096561431885,
      13.439600944519043
    ],
    [
      -0.029453637078404427,
      2.694913625717163,
      14.762434959411621
    ],
    [
      -0.0913432240486145,
      2.895155668258667,
      16.062496185302734
    ],
    [
      -0.144140362739563,
      3.0858218669891357,
      17.33354949951172
    ],
    [
      -0.19830209016799927,
      3.2616899013519287,
      18.590784072875977
    ],
    [
      -0.2546235918998718,
      3.4299404621124268,
      19.849056243896484
    ],
    [
      -0.3088487982749939,
      3.6014320850372314,
      21.121116638183594
    ],
    [
      -0.3558817207813263,
      3.7906181812286377,
      22.41322898864746
    ],
    [
      -0.39095550775527954,
      4.018584251403809,
      23.720674514770508
    ],
    [
      -0.4154302179813385,
      4.267282485961914,
      25.039655685424805
    ],
    [
      -0.4371960461139679,
      4.504692077636719,
      26.352298736572266
    ],
    [
      -0.472765177488327,
      4.694510459899902,
      27.622190475463867
    ],
    [
      -0.5323905348777771,
      4.810932159423828,
      28.79966163635254
    ],
    [
      -0.6080523729324341,
      4.8647966384887695,
      29.799480438232422
    ],
    [
      -0.6805025935173035,
      4.885773658752441,
      30.549427032470703
    ],
    [
      -0.7383250594139099,
      4.894448280334473,
      31.060632705688477
    ],
    [
      -0.7806827425956726,
      4.898920059204102,
      31.396787643432617
    ]
  ],
  "uv_reprojected": [
    [
      90.84408569335938,
      385.0369873046875
    ],
    [
      71.9190902709961,
      473.02496337890625
    ],
    [
      57.35639953613281,
      515.0491333007812
    ],
    [
      52.444610595703125,
      554.824462890625
    ],
    [
      52.14794158935547,
      593.1959228515625
    ],
    [
      55.96639633178711,
      623.6737060546875
    ],
    [
      61.97818374633789,
      644.4959106445312
    ],
    [
      68.47676086425781,
      657.990478515625
    ],
    [
      74.64364624023438,
      666.2418823242188
    ],
    [
      80.209228515625,
      670.6656494140625
    ],
    [
      84.1727523803711,
      673.9176025390625
    ],
    [
      87.71723175048828,
      675.6943969726562
    ],
    [
      90.97572326660156,
      676.674560546875
    ],
    [
      93.68157958984375,
      677.6436157226562
    ],
    [
      95.57435607910156,
      679.494873046875
    ],
    [
      96.48412322998047,
      683.4183349609375
    ],
    [
      96.64884185791016,
      688.0560913085938
    ],
    [
      96.64814758300781,
      691.6497802734375
    ],
    [
      97.43963623046875,
      692.6881713867188
    ],
    [
      99.50599670410156,
      690.5394897460938
    ],
    [
      102.39886474609375,
      686.6372680664062
    ],
    [
      105.21916198730469,
      682.9467163085938
    ],
    [
      107.47307586669922,
      680.2680053710938
    ],
    [
      109.12335205078125,
      678.49658203125
    ]
  ],
  "visible_prob": [
    0.0,
    0.0,
    0.0,
    0.0,
    0.0,
    0.0,
    0.0,
    0.0,
    0.0,
    0.0,
    0.0,
    0.0,
    0.0,
    0.0,
    0.0,
    0.0,
    0.0,
    0.0,
    0.0,
    0.0,
    0.0,
    0.0,
    0.0,
    0.0
  ],
  "ball_metrics": {
    "launch_angle_deg": 13.9,
    "launch_direction_deg": 2.6,
    "ball_speed_ms": 66.7,
    "carry_m": 214.2,
    "apex_m": 13.68,
    "descent_angle_deg": 14.2,
    "time_of_flight_s": 3.31
  },
  "spin": null,
  "metrics": {
    "sequence": 1,
    "rmse_2d_measured": 0.0,
    "rmse_2d_filtered": 0.0,
    "rmse_3d": 4.043189525604248,
    "visibility_f1": 0.0,
    "smoothness_filtered": 0.0,
    "carry_err_m": 8.158871986027702,
    "apex_err_m": 0.8141961097717285,
    "visible_prob_mean": 0.0,
    "visible_prob_max": 0.0,
    "gt_visible_rate": 0.0,
    "ball_launch_angle_deg": 13.9,
    "ball_launch_direction_deg": 2.6,
    "ball_ball_speed_ms": 66.7,
    "ball_carry_m": 214.2,
    "ball_apex_m": 13.68,
    "ball_descent_angle_deg": 14.2,
    "ball_time_of_flight_s": 3.31,
    "spin_backspin_rpm": 0.0,
    "spin_sidespin_rpm": 0.0
  }
}