{
  "measured_uv": [
    [
      285.0,
      391.0
    ],
    [
      281.0,
      336.0
    ],
    [
      279.0,
      297.0
    ],
    [
      277.0,
      267.0
    ],
    [
      275.0,
      241.0
    ],
    [
      275.0,
      223.0
    ],
    [
      275.0,
      208.0
    ],
    [
      275.0,
      195.0
    ],
    [
      275.0,
      183.0
    ],
    [
      275.0,
      174.0
    ],
    [
      275.0,
      165.0
    ],
    [
      275.0,
      157.0
    ],
    [
      275.0,
      151.0
    ],
    [
      276.0,
      144.0
    ],
    [
      276.0,
      139.0
    ],
    [
      277.0,
      133.0
    ],
    [
      277.0,
      131.0
    ],
    [
      277.0,
      127.0
    ],
    [
      277.0,
      123.0
    ],
    [
      279.0,
      117.0
    ],
    [
      279.0,
      115.0
    ],
    [
      279.0,
      112.0
    ],
    [
      280.0,
      108.0
    ],
    [
      281.0,
      106.0
    ]
  ],
  "filtered_uv": [
    [
      285.0,
      391.0
    ],
    [
      281.0,
      336.0
    ],
    [
      279.0,
      297.0
    ],
    [
      277.0,
      267.0
    ],
    [
      275.0,
      241.0
    ],
    [
      275.0,
      223.0
    ],
    [
      275.0,
      208.0
    ],
    [
      275.0,
      195.0
    ],
    [
      275.0,
      183.0
    ],
    [
      275.0,
      174.0
    ],
    [
      275.0,
      165.0
    ],
    [
      275.0,
      157.0
    ],
    [
      275.0,
      151.0
    ],
    [
      276.0,
      144.0
    ],
    [
      276.0,
      139.0
    ],
    [
      277.0,
      133.0
    ],
    [
      277.0,
      131.0
    ],
    [
      277.0,
      127.0
    ],
    [
      277.0,
      123.0
    ],
    [
      279.0,
      117.0
    ],
    [
      279.0,
      115.0
    ],
    [
      279.0,
      112.0
    ],
    [
      280.0,
      108.0
    ],
    [
      281.0,
      106.0
    ]
  ],
  "xyz_pred": [
    [
      -0.2072230875492096,
      0.5868885517120361,
      6.90722131729126
    ],
    [
      -0.22436189651489258,
      0.8198179006576538,
      9.927184104919434
    ],
    [
      -0.14965619146823883,
      0.9916219711303711,
      10.56977367401123
    ],
    [
      -0.018012097105383873,
      1.2299840450286865,
      10.04773235321045
    ],
    [
      0.07107158750295639,
      1.5186163187026978,
      9.898456573486328
    ],
    [
      0.139195054769516,
      1.8439090251922607,
      10.304070472717285
    ],
    [
      0.17348216474056244,
      2.162893772125244,
      11.063599586486816
    ],
    [
      0.2982274889945984,
      2.512016534805298,
      11.318934440612793
    ],
    [
      0.4060034155845642,
      2.859797716140747,
      11.781360626220703
    ],
    [
      0.4920886158943176,
      3.186126470565796,
      12.362662315368652
    ],
    [
      0.5600096583366394,
      3.486006498336792,
      13.007267951965332
    ],
    [
      0.6141193509101868,
      3.7631943225860596,
      13.692432403564453
    ],
    [
      0.6694464683532715,
      4.033565521240234,
      14.40229606628418
    ],
    [
      0.7242290377616882,
      4.295741081237793,
      15.124286651611328
    ],
    [
      0.7762133479118347,
      4.5532097816467285,
      15.859850883483887
    ],
    [
      0.8300456404685974,
      4.810498237609863,
      16.580774307250977
    ],
    [
      0.8796525597572327,
      5.061527729034424,
      17.333406448364258
    ],
    [
      0.9260575771331787,
      5.303227424621582,
      18.091108322143555
    ],
    [
      0.9657878875732422,
      5.527351379394531,
      18.85084342956543
    ],
    [
      0.9984971880912781,
      5.729219436645508,
      19.574459075927734
    ],
    [
      1.0120892524719238,
      5.886858940124512,
      20.303956985473633
    ],
    [
      1.0025564432144165,
      6.00039529800415,
      21.025510787963867
    ],
    [
      0.978330671787262,
      6.074286937713623,
      21.735010147094727
    ],
    [
      0.9414207339286804,
      6.113454818725586,
      22.43840980529785
    ]
  ],
  "uv_reprojected": [
    [
      116.866455078125,
      413.6683044433594
    ],
    [
      105.70960235595703,
      472.87457275390625
    ],
    [
      92.98223114013672,
      498.0435791015625
    ],
    [
      74.33831787109375,
      532.9248046875
    ],
    [
      60.81061935424805,
      576.1935424804688
    ],
    [
      51.269203186035156,
      619.2418823242188
    ],
    [
      47.99504852294922,
      652.958251953125
    ],
    [
      31.912639617919922,
      694.57177734375
    ],
    [
      19.679828643798828,
      729.9812622070312
    ],
    [
      11.624595642089844,
      757.6038818359375
    ],
    [
      6.725990295410156,
      778.368896484375
    ],
    [
      4.0161285400390625,
      793.8519287109375
    ],
    [
      1.5572738647460938,
      806.6302490234375
    ],
    [
      -0.558319091796875,
      817.1556396484375
    ],
    [
      -2.1516952514648438,
      826.0037231445312
    ],
    [
      -3.8382949829101562,
      834.3505859375
    ],
    [
      -4.875923156738281,
      840.8389892578125
    ],
    [
      -5.5386505126953125,
      845.9334716796875
    ],
    [
      -5.605873107910156,
      849.21484375
    ],
    [
      -5.269775390625,
      851.2354125976562
    ],
    [
      -3.5159149169921875,
      849.8182983398438
    ],
    [
      -0.2533111572265625,
      845.5611572265625
    ],
    [
      3.7737960815429688,
      839.1072998046875
    ],
    [
      8.381126403808594,
      830.8870849609375
    ]
  ],
  "visible_prob": [
    1.0,
    1.0,
    1.0,
    1.0,
    1.0,
    1.0,
    1.0,
    1.0,
    1.0,
    1.0,
    1.0,
    1.0,
    1.0,
    1.0,
    1.0,
    1.0,
    1.0,
    1.0,
    1.0,
    1.0,
    1.0,
    1.0,
    1.0,
    1.0
  ],
  "ball_metrics": {
    "launch_angle_deg": 17.2,
    "launch_direction_deg": 5.3,
    "ball_speed_ms": 47.2,
    "carry_m": 130.3,
    "apex_m": 10.54,
    "descent_angle_deg": 17.7,
    "time_of_flight_s": 2.89
  },
  "spin": null,
  "metrics": {
    "sequence": 5,
    "rmse_2d_measured": 0.0,
    "rmse_2d_filtered": 0.0,
    "rmse_3d": 6.020423412322998,
    "visibility_f1": 1.0,
    "smoothness_filtered": 3.2851409912109375,
    "carry_err_m": 11.75539363335849,
    "apex_err_m": 6.0969393867999315,
    "visible_prob_mean": 1.0,
    "visible_prob_max": 1.0,
    "gt_visible_rate": 1.0,
    "ball_launch_angle_deg": 17.2,
    "ball_launch_direction_deg": 5.3,
    "ball_ball_speed_ms": 47.2,
    "ball_carry_m": 130.3,
    "ball_apex_m": 10.54,
    "ball_descent_angle_deg": 17.7,
    "ball_time_of_flight_s": 2.89,
    "spin_backspin_rpm": 0.0,
    "spin_sidespin_rpm": 0.0
  }
}