{
  "measured_uv": [
    [
      271.0,
      432.0
    ],
    [
      285.0,
      346.0
    ],
    [
      298.0,
      272.0
    ],
    [
      308.0,
      217.0
    ],
    [
      316.0,
      175.0
    ],
    [
      321.0,
      139.0
    ],
    [
      326.0,
      109.0
    ],
    [
      331.0,
      86.0
    ],
    [
      335.0,
      64.0
    ],
    [
      338.0,
      47.0
    ],
    [
      343.0,
      31.0
    ],
    [
      344.0,
      16.0
    ],
    [
      348.0,
      5.0
    ],
    [
      0.0,
      0.0
    ],
    [
      0.0,
      0.0
    ],
    [
      0.0,
      0.0
    ],
    [
      0.0,
      0.0
    ],
    [
      0.0,
      0.0
    ],
    [
      0.0,
      0.0
    ],
    [
      0.0,
      0.0
    ],
    [
      0.0,
      0.0
    ],
    [
      0.0,
      0.0
    ],
    [
      0.0,
      0.0
    ],
    [
      0.0,
      0.0
    ]
  ],
  "filtered_uv": [
    [
      271.0,
      432.0
    ],
    [
      285.0,
      346.0
    ],
    [
      298.0,
      272.0
    ],
    [
      308.0,
      217.0
    ],
    [
      316.0,
      175.0
    ],
    [
      321.0,
      139.0
    ],
    [
      326.0,
      109.0
    ],
    [
      331.0,
      86.0
    ],
    [
      335.0,
      64.0
    ],
    [
      338.0,
      47.0
    ],
    [
      343.0,
      31.0
    ],
    [
      344.0,
      16.0
    ],
    [
      348.0,
      5.0
    ],
    [
      0.0,
      0.0
    ],
    [
      0.0,
      0.0
    ],
    [
      0.0,
      0.0
    ],
    [
      0.0,
      0.0
    ],
    [
      0.0,
      0.0
    ],
    [
      0.0,
      0.0
    ],
    [
      0.0,
      0.0
    ],
    [
      0.0,
      0.0
    ],
    [
      0.0,
      0.0
    ],
    [
      0.0,
      0.0
    ],
    [
      0.0,
      0.0
    ]
  ],
  "xyz_pred": [
    [
      -0.1756415069103241,
      0.3977977931499481,
      5.735270977020264
    ],
    [
      -0.1863267719745636,
      0.5797420740127563,
      8.394330024719238
    ],
    [
      0.022999390959739685,
      0.7792721390724182,
      7.8021416664123535
    ],
    [
      0.22554141283035278,
      1.0784014463424683,
      6.814065456390381
    ],
    [
      0.4078739285469055,
      1.442155361175537,
      6.386688709259033
    ],
    [
      0.5806900858879089,
      1.8398423194885254,
      6.375836372375488
    ],
    [
      0.7016781568527222,
      2.216060161590576,
      6.7567009925842285
    ],
    [
      0.7832996249198914,
      2.5630042552948,
      7.34031343460083
    ],
    [
      0.8440704941749573,
      2.8994593620300293,
      8.029129028320312
    ],
    [
      0.8960961103439331,
      3.230247974395752,
      8.750992774963379
    ],
    [
      0.9412912726402283,
      3.5292396545410156,
      9.422600746154785
    ],
    [
      0.9798601865768433,
      3.7933666706085205,
      10.051953315734863
    ],
    [
      1.0153911113739014,
      4.035356521606445,
      10.65912914276123
    ],
    [
      0.8953253030776978,
      4.240584373474121,
      12.552838325500488
    ],
    [
      0.8012219071388245,
      4.4135050773620605,
      14.135472297668457
    ],
    [
      0.7320919632911682,
      4.593835830688477,
      15.610443115234375
    ],
    [
      0.6612503528594971,
      4.757195472717285,
      17.07152557373047
    ],
    [
      0.5869037508964539,
      4.912052154541016,
      18.59287452697754
    ],
    [
      0.5117269158363342,
      5.0635786056518555,
      20.175683975219727
    ],
    [
      0.43808597326278687,
      5.20854377746582,
      21.7812442779541
    ],
    [
      0.3671056628227234,
      5.341464519500732,
      23.358383178710938
    ],
    [
      0.2824469804763794,
      5.429623603820801,
      24.859703063964844
    ],
    [
      0.1700229048728943,
      5.453049659729004,
      26.266103744506836
    ],
    [
      0.03174924850463867,
      5.422854900360107,
      27.572349548339844
    ]
  ],
  "uv_reprojected": [
    [
      117.80702209472656,
      348.6976318359375
    ],
    [
      105.1004867553711,
      426.8900146484375
    ],
    [
      67.19133758544922,
      459.145751953125
    ],
    [
      21.733421325683594,
      518.1844482421875
    ],
    [
      -24.64745330810547,
      603.1199951171875
    ],
    [
      -65.67591094970703,
      694.6461181640625
    ],
    [
      -84.93238067626953,
      764.9521484375
    ],
    [
      -89.24845123291016,
      812.7330322265625
    ],
    [
      -86.85736846923828,
      846.8699951171875
    ],
    [
      -82.74651336669922,
      873.2281494140625
    ],
    [
      -78.9740982055664,
      892.7620239257812
    ],
    [
      -75.3292007446289,
      906.3590698242188
    ],
    [
      -71.98320770263672,
      916.1925048828125
    ],
    [
      -35.89661407470703,
      876.6451416015625
    ],
    [
      -13.8203125,
      851.867919921875
    ],
    [
      0.9306259155273438,
      835.097900390625
    ],
    [
      13.238250732421875,
      820.0326538085938
    ],
    [
      24.045146942138672,
      805.661865234375
    ],
    [
      33.39634323120117,
      792.31494140625
    ],
    [
      41.31233215332031,
      780.1705322265625
    ],
    [
      47.94110107421875,
      769.2722778320312
    ],
    [
      54.506282806396484,
      757.9222412109375
    ],
    [
      61.876487731933594,
      745.16845703125
    ],
    [
      69.89958953857422,
      731.72900390625
    ]
  ],
  "visible_prob": [
    1.0,
    1.0,
    1.0,
    1.0,
    1.0,
    1.0,
    1.0,
    1.0,
    1.0,
    1.0,
    1.0,
    1.0,
    1.0,
    0.0,
    0.0,
    0.0,
    0.0,
    0.0,
    0.0,
    0.0,
    0.0,
    0.0,
    0.0,
    0.0
  ],
  "ball_metrics": {
    "launch_angle_deg": 50.1,
    "launch_direction_deg": 41.9,
    "ball_speed_ms": 20.4,
    "carry_m": 42.2,
    "apex_m": 12.91,
    "descent_angle_deg": 50.5,
    "time_of_flight_s": 3.22
  },
  "spin": null,
  "metrics": {
    "sequence": 8,
    "rmse_2d_measured": 0.0,
    "rmse_2d_filtered": 0.0,
    "rmse_3d": 6.154786109924316,
    "visibility_f1": 1.0,
    "smoothness_filtered": 35.54989242553711,
    "carry_err_m": 18.10459399605388,
    "apex_err_m": 5.440652160905302,
    "visible_prob_mean": 0.5416666865348816,
    "visible_prob_max": 1.0,
    "gt_visible_rate": 0.5416666865348816,
    "ball_launch_angle_deg": 50.1,
    "ball_launch_direction_deg": 41.9,
    "ball_ball_speed_ms": 20.4,
    "ball_carry_m": 42.2,
    "ball_apex_m": 12.91,
    "ball_descent_angle_deg": 50.5,
    "ball_time_of_flight_s": 3.22,
    "spin_backspin_rpm": 0.0,
    "spin_sidespin_rpm": 0.0
  }
}