{
  "measured_uv": [
    [
      303.0,
      345.0
    ],
    [
      288.0,
      280.0
    ],
    [
      279.0,
      236.0
    ],
    [
      273.0,
      203.0
    ],
    [
      268.0,
      177.0
    ],
    [
      265.0,
      157.0
    ],
    [
      262.0,
      142.0
    ],
    [
      261.0,
      125.0
    ],
    [
      259.0,
      114.0
    ],
    [
      258.0,
      104.0
    ],
    [
      258.0,
      95.0
    ],
    [
      258.0,
      88.0
    ],
    [
      257.0,
      81.0
    ],
    [
      258.0,
      75.0
    ],
    [
      258.0,
      69.0
    ],
    [
      258.0,
      63.0
    ],
    [
      259.0,
      59.0
    ],
    [
      258.0,
      55.0
    ],
    [
      259.0,
      51.0
    ],
    [
      260.0,
      47.0
    ],
    [
      260.0,
      44.0
    ],
    [
      261.0,
      40.0
    ],
    [
      262.0,
      37.0
    ],
    [
      263.0,
      36.0
    ]
  ],
  "filtered_uv": [
    [
      303.0,
      345.0
    ],
    [
      288.0,
      280.0
    ],
    [
      279.0,
      236.0
    ],
    [
      273.0,
      203.0
    ],
    [
      268.0,
      177.0
    ],
    [
      265.0,
      157.0
    ],
    [
      262.0,
      142.0
    ],
    [
      261.0,
      125.0
    ],
    [
      259.0,
      114.0
    ],
    [
      258.0,
      104.0
    ],
    [
      258.0,
      95.0
    ],
    [
      258.0,
      88.0
    ],
    [
      257.0,
      81.0
    ],
    [
      258.0,
      75.0
    ],
    [
      258.0,
      69.0
    ],
    [
      258.0,
      63.0
    ],
    [
      259.0,
      59.0
    ],
    [
      258.0,
      55.0
    ],
    [
      259.0,
      51.0
    ],
    [
      260.0,
      47.0
    ],
    [
      260.0,
      44.0
    ],
    [
      261.0,
      40.0
    ],
    [
      262.0,
      37.0
    ],
    [
      263.0,
      36.0
    ]
  ],
  "xyz_pred": [
    [
      -0.19148963689804077,
      0.5946542024612427,
      6.926619052886963
    ],
    [
      -0.10622888058423996,
      0.848785400390625,
      8.848381996154785
    ],
    [
      0.039357371628284454,
      1.0821056365966797,
      8.924251556396484
    ],
    [
      0.12300318479537964,
      1.3467605113983154,
      8.990618705749512
    ],
    [
      0.2791714668273926,
      1.6946611404418945,
      8.780563354492188
    ],
    [
      0.37738263607025146,
      2.046405792236328,
      9.146585464477539
    ],
    [
      0.4465429484844208,
      2.3869516849517822,
      9.792508125305176
    ],
    [
      0.502500593662262,
      2.717055559158325,
      10.549883842468262
    ],
    [
      0.5527358055114746,
      3.0333313941955566,
      11.333096504211426
    ],
    [
      0.6039941906929016,
      3.333505868911743,
      12.079559326171875
    ],
    [
      0.6605947017669678,
      3.6237893104553223,
      12.759126663208008
    ],
    [
      0.7163169980049133,
      3.905853509902954,
      13.423713684082031
    ],
    [
      0.7765648365020752,
      4.187419414520264,
      14.101950645446777
    ],
    [
      0.8340694904327393,
      4.460394859313965,
      14.79921817779541
    ],
    [
      0.8845789432525635,
      4.721702575683594,
      15.52209186553955
    ],
    [
      0.92917400598526,
      4.971001625061035,
      16.264808654785156
    ],
    [
      0.968600869178772,
      5.206528663635254,
      17.016542434692383
    ],
    [
      1.0006099939346313,
      5.423754692077637,
      17.785423278808594
    ],
    [
      1.0269149541854858,
      5.620072364807129,
      18.538372039794922
    ],
    [
      1.0430943965911865,
      5.788600921630859,
      19.2658748626709
    ],
    [
      1.0418529510498047,
      5.919886112213135,
      19.981977462768555
    ],
    [
      1.0315306186676025,
      6.01741361618042,
      20.67120933532715
    ],
    [
      1.0081177949905396,
      6.082001686096191,
      21.348739624023438
    ],
    [
      0.9723333716392517,
      6.112338542938232,
      22.01790428161621
    ]
  ],
  "uv_reprojected": [
    [
      113.31524658203125,
      415.5388488769531
    ],
    [
      89.73562622070312,
      474.9299011230469
    ],
    [
      64.98666381835938,
      513.3903198242188
    ],
    [
      51.00907897949219,
      556.365234375
    ],
    [
      23.70110321044922,
      615.8484497070312
    ],
    [
      9.43100357055664,
      667.3427734375
    ],
    [
      2.886199951171875,
      706.9246215820312
    ],
    [
      -0.17498779296875,
      737.5567626953125
    ],
    [
      -1.8950881958007812,
      761.685791015625
    ],
    [
      -3.7487640380859375,
      781.6175537109375
    ],
    [
      -6.4217376708984375,
      799.6873779296875
    ],
    [
      -8.815536499023438,
      815.3907470703125
    ],
    [
      -11.387344360351562,
      829.2373046875
    ],
    [
      -13.333908081054688,
      840.5175170898438
    ],
    [
      -14.282752990722656,
      849.0953979492188
    ],
    [
      -14.493064880371094,
      855.3875732421875
    ],
    [
      -14.181365966796875,
      859.7510986328125
    ],
    [
      -13.184791564941406,
      861.8834228515625
    ],
    [
      -11.879020690917969,
      862.5039672851562
    ],
    [
      -9.991523742675781,
      861.4495239257812
    ],
    [
      -6.9725494384765625,
      857.95068359375
    ],
    [
      -3.59869384765625,
      852.76953125
    ],
    [
      0.4423828125,
      845.8564453125
    ],
    [
      5.056365966796875,
      837.2213134765625
    ]
  ],
  "visible_prob": [
    1.0,
    1.0,
    1.0,
    1.0,
    1.0,
    1.0,
    1.0,
    1.0,
    1.0,
    1.0,
    1.0,
    1.0,
    1.0,
    1.0,
    1.0,
    1.0,
    1.0,
    1.0,
    1.0,
    1.0,
    1.0,
    1.0,
    1.0,
    1.0
  ],
  "ball_metrics": {
    "launch_angle_deg": 29.9,
    "launch_direction_deg": 14.2,
    "ball_speed_ms": 33.1,
    "carry_m": 97.5,
    "apex_m": 14.47,
    "descent_angle_deg": 30.4,
    "time_of_flight_s": 3.4
  },
  "spin": null,
  "metrics": {
    "sequence": 12,
    "rmse_2d_measured": 0.0,
    "rmse_2d_filtered": 0.0,
    "rmse_3d": 5.8359479904174805,
    "visibility_f1": 1.0,
    "smoothness_filtered": 3.7126312255859375,
    "carry_err_m": 11.333778958277502,
    "apex_err_m": 6.0837961211800575,
    "visible_prob_mean": 1.0,
    "visible_prob_max": 1.0,
    "gt_visible_rate": 1.0,
    "ball_launch_angle_deg": 29.9,
    "ball_launch_direction_deg": 14.2,
    "ball_ball_speed_ms": 33.1,
    "ball_carry_m": 97.5,
    "ball_apex_m": 14.47,
    "ball_descent_angle_deg": 30.4,
    "ball_time_of_flight_s": 3.4,
    "spin_backspin_rpm": 0.0,
    "spin_sidespin_rpm": 0.0
  }
}