{
  "measured_uv": [
    [
      345.0,
      427.0
    ],
    [
      345.0,
      346.0
    ],
    [
      347.0,
      279.0
    ],
    [
      347.0,
      227.0
    ],
    [
      347.0,
      186.0
    ],
    [
      347.0,
      151.0
    ],
    [
      349.0,
      121.0
    ],
    [
      349.0,
      97.0
    ],
    [
      350.0,
      75.0
    ],
    [
      351.0,
      57.0
    ],
    [
      351.0,
      39.0
    ],
    [
      352.0,
      23.0
    ],
    [
      352.0,
      10.0
    ],
    [
      0.0,
      0.0
    ],
    [
      0.0,
      0.0
    ],
    [
      0.0,
      0.0
    ],
    [
      0.0,
      0.0
    ],
    [
      0.0,
      0.0
    ],
    [
      0.0,
      0.0
    ],
    [
      0.0,
      0.0
    ],
    [
      0.0,
      0.0
    ],
    [
      0.0,
      0.0
    ],
    [
      0.0,
      0.0
    ],
    [
      0.0,
      0.0
    ]
  ],
  "filtered_uv": [
    [
      345.0,
      427.0
    ],
    [
      345.0,
      346.0
    ],
    [
      347.0,
      279.0
    ],
    [
      347.0,
      227.0
    ],
    [
      347.0,
      186.0
    ],
    [
      347.0,
      151.0
    ],
    [
      349.0,
      121.0
    ],
    [
      349.0,
      97.0
    ],
    [
      350.0,
      75.0
    ],
    [
      351.0,
      57.0
    ],
    [
      351.0,
      39.0
    ],
    [
      352.0,
      23.0
    ],
    [
      352.0,
      10.0
    ],
    [
      0.0,
      0.0
    ],
    [
      0.0,
      0.0
    ],
    [
      0.0,
      0.0
    ],
    [
      0.0,
      0.0
    ],
    [
      0.0,
      0.0
    ],
    [
      0.0,
      0.0
    ],
    [
      0.0,
      0.0
    ],
    [
      0.0,
      0.0
    ],
    [
      0.0,
      0.0
    ],
    [
      0.0,
      0.0
    ],
    [
      0.0,
      0.0
    ]
  ],
  "xyz_pred": [
    [
      -0.20814217627048492,
      0.583210289478302,
      6.9327473640441895
    ],
    [
      -0.13195186853408813,
      0.8056550621986389,
      8.87204647064209
    ],
    [
      0.13330471515655518,
      1.0688133239746094,
      7.90553617477417
    ],
    [
      0.33528149127960205,
      1.3893921375274658,
      7.2094244956970215
    ],
    [
      0.5195272564888,
      1.7648344039916992,
      6.9498162269592285
    ],
    [
      0.6482586860656738,
      2.1377623081207275,
      7.173784255981445
    ],
    [
      0.7414047122001648,
      2.5092239379882812,
      7.689351558685303
    ],
    [
      0.8150020837783813,
      2.881521463394165,
      8.340949058532715
    ],
    [
      0.8766358494758606,
      3.223825693130493,
      8.988362312316895
    ],
    [
      0.929568350315094,
      3.529297351837158,
      9.608986854553223
    ],
    [
      0.9744560122489929,
      3.8016951084136963,
      10.2145414352417
    ],
    [
      1.014129877090454,
      4.050050735473633,
      10.810834884643555
    ],
    [
      1.0496631860733032,
      4.278985977172852,
      11.40076732635498
    ],
    [
      0.9432849884033203,
      4.484975337982178,
      13.273345947265625
    ],
    [
      0.8622565269470215,
      4.67015266418457,
      14.861572265625
    ],
    [
      0.7951768040657043,
      4.855763912200928,
      16.364965438842773
    ],
    [
      0.7331944108009338,
      5.039211273193359,
      17.846738815307617
    ],
    [
      0.6682441830635071,
      5.208616733551025,
      19.333532333374023
    ],
    [
      0.5925427675247192,
      5.344919204711914,
      20.844223022460938
    ],
    [
      0.5112378001213074,
      5.456589698791504,
      22.39180564880371
    ],
    [
      0.4212011694908142,
      5.536348342895508,
      23.922517776489258
    ],
    [
      0.3087635040283203,
      5.563779830932617,
      25.371973037719727
    ],
    [
      0.16810238361358643,
      5.531654357910156,
      26.725975036621094
    ],
    [
      0.011326311156153679,
      5.46359920501709,
      27.974775314331055
    ]
  ],
  "uv_reprojected": [
    [
      116.89978790283203,
      413.1920471191406
    ],
    [
      94.05851745605469,
      467.86517333984375
    ],
    [
      46.21337890625,
      513.254150390625
    ],
    [
      1.5209808349609375,
      580.1023559570312
    ],
    [
      -41.06719970703125,
      662.380126953125
    ],
    [
      -64.60285186767578,
      733.2933349609375
    ],
    [
      -73.7312240600586,
      788.0833129882812
    ],
    [
      -75.67803192138672,
      830.578857421875
    ],
    [
      -75.40535736083984,
      862.2022705078125
    ],
    [
      -74.21338653564453,
      885.06201171875
    ],
    [
      -72.19226837158203,
      901.0107421875
    ],
    [
      -69.79195404052734,
      912.27734375
    ],
    [
      -67.17273712158203,
      920.109619140625
    ],
    [
      -35.506996154785156,
      882.910400390625
    ],
    [
      -15.836860656738281,
      859.7384033203125
    ],
    [
      -1.621246337890625,
      842.8718872070312
    ],
    [
      9.697219848632812,
      829.0699462890625
    ],
    [
      19.525306701660156,
      816.237060546875
    ],
    [
      28.777446746826172,
      802.555908203125
    ],
    [
      37.21382522583008,
      788.626220703125
    ],
    [
      45.09064483642578,
      774.7423706054688
    ],
    [
      53.28835678100586,
      760.3638916015625
    ],
    [
      62.15275192260742,
      745.1767578125
    ],
    [
      71.02521514892578,
      730.4613647460938
    ]
  ],
  "visible_prob": [
    1.0,
    1.0,
    1.0,
    1.0,
    1.0,
    1.0,
    1.0,
    1.0,
    1.0,
    1.0,
    1.0,
    1.0,
    1.0,
    0.0,
    0.0,
    0.0,
    0.0,
    0.0,
    0.0,
    0.0,
    0.0,
    0.0,
    0.0,
    0.0
  ],
  "ball_metrics": {
    "launch_angle_deg": 58.4,
    "launch_direction_deg": 88.7,
    "ball_speed_ms": 20.8,
    "carry_m": 39.8,
    "apex_m": 16.6,
    "descent_angle_deg": 58.8,
    "time_of_flight_s": 3.65
  },
  "spin": null,
  "metrics": {
    "sequence": 0,
    "rmse_2d_measured": 0.0,
    "rmse_2d_filtered": 0.0,
    "rmse_3d": 6.366974353790283,
    "visibility_f1": 1.0,
    "smoothness_filtered": 35.21699142456055,
    "carry_err_m": 17.3163928524166,
    "apex_err_m": 5.547382526099682,
    "visible_prob_mean": 0.5416666865348816,
    "visible_prob_max": 1.0,
    "gt_visible_rate": 0.5416666865348816,
    "ball_launch_angle_deg": 58.4,
    "ball_launch_direction_deg": 88.7,
    "ball_ball_speed_ms": 20.8,
    "ball_carry_m": 39.8,
    "ball_apex_m": 16.6,
    "ball_descent_angle_deg": 58.8,
    "ball_time_of_flight_s": 3.65,
    "spin_backspin_rpm": 0.0,
    "spin_sidespin_rpm": 0.0
  }
}