{
  "measured_uv": [
    [
      228.0,
      206.0
    ],
    [
      220.0,
      274.0
    ],
    [
      214.0,
      318.0
    ],
    [
      208.0,
      350.0
    ],
    [
      206.0,
      376.0
    ],
    [
      204.0,
      394.0
    ],
    [
      202.0,
      410.0
    ],
    [
      200.0,
      422.0
    ],
    [
      200.0,
      432.0
    ],
    [
      196.0,
      442.0
    ],
    [
      196.0,
      450.0
    ],
    [
      194.0,
      458.0
    ],
    [
      194.0,
      462.0
    ],
    [
      192.0,
      466.0
    ],
    [
      192.0,
      472.0
    ],
    [
      190.0,
      478.0
    ],
    [
      190.0,
      480.0
    ],
    [
      190.0,
      482.0
    ],
    [
      190.0,
      486.0
    ],
    [
      188.0,
      486.0
    ],
    [
      188.0,
      492.0
    ],
    [
      188.0,
      494.0
    ],
    [
      188.0,
      496.0
    ],
    [
      186.0,
      500.0
    ]
  ],
  "filtered_uv": [
    [
      228.0,
      206.0
    ],
    [
      220.0,
      274.0
    ],
    [
      214.0,
      318.0
    ],
    [
      208.0,
      350.0
    ],
    [
      206.0,
      376.0
    ],
    [
      204.0,
      394.0
    ],
    [
      202.0,
      410.0
    ],
    [
      200.0,
      422.0
    ],
    [
      200.0,
      432.0
    ],
    [
      196.0,
      442.0
    ],
    [
      196.0,
      450.0
    ],
    [
      194.0,
      458.0
    ],
    [
      194.0,
      462.0
    ],
    [
      192.0,
      466.0
    ],
    [
      192.0,
      472.0
    ],
    [
      190.0,
      478.0
    ],
    [
      190.0,
      480.0
    ],
    [
      190.0,
      482.0
    ],
    [
      190.0,
      486.0
    ],
    [
      188.0,
      486.0
    ],
    [
      188.0,
      492.0
    ],
    [
      188.0,
      494.0
    ],
    [
      188.0,
      496.0
    ],
    [
      186.0,
      500.0
    ]
  ],
  "xyz_pred": [
    [
      -0.0679917261004448,
      0.5577496290206909,
      5.476929187774658
    ],
    [
      -0.13895301520824432,
      0.8587462902069092,
      9.28095531463623
    ],
    [
      -0.17057940363883972,
      1.054074764251709,
      11.009150505065918
    ],
    [
      -0.1979723870754242,
      1.2493293285369873,
      12.105032920837402
    ],
    [
      -0.256092369556427,
      1.443791389465332,
      13.27685260772705
    ],
    [
      -0.3251105546951294,
      1.621124505996704,
      14.450545310974121
    ],
    [
      -0.4351891279220581,
      1.7196898460388184,
      15.633960723876953
    ],
    [
      -0.5279861688613892,
      1.8100742101669312,
      16.63612937927246
    ],
    [
      -0.6001870632171631,
      1.909654140472412,
      17.52572250366211
    ],
    [
      -0.6397205591201782,
      2.0266330242156982,
      18.204566955566406
    ],
    [
      -0.6566898226737976,
      2.1456964015960693,
      18.683021545410156
    ],
    [
      -0.6675810813903809,
      2.2409961223602295,
      18.975893020629883
    ],
    [
      -0.6709082722663879,
      2.340630054473877,
      19.222002029418945
    ],
    [
      -0.6589974164962769,
      2.4600727558135986,
      19.486047744750977
    ],
    [
      -0.6470698118209839,
      2.5799758434295654,
      19.753150939941406
    ],
    [
      -0.6327941417694092,
      2.7037723064422607,
      20.027027130126953
    ],
    [
      -0.6156957149505615,
      2.83808970451355,
      20.345029830932617
    ],
    [
      -0.5999622344970703,
      2.970059871673584,
      20.677021026611328
    ],
    [
      -0.5869373679161072,
      3.0949108600616455,
      21.011789321899414
    ],
    [
      -0.5752974152565002,
      3.2096526622772217,
      21.326005935668945
    ],
    [
      -0.5596941709518433,
      3.3118298053741455,
      21.566911697387695
    ],
    [
      -0.5401105284690857,
      3.399752140045166,
      21.717458724975586
    ],
    [
      -0.5272555947303772,
      3.4723002910614014,
      21.85554313659668
    ],
    [
      -0.5218294262886047,
      3.529263734817505,
      21.99439811706543
    ]
  ],
  "uv_reprojected": [
    [
      262.533203125,
      176.26388549804688
    ],
    [
      264.085205078125,
      225.14080810546875
    ],
    [
      264.40228271484375,
      238.91213989257812
    ],
    [
      264.92425537109375,
      248.62716674804688
    ],
    [
      266.7047424316406,
      256.6887512207031
    ],
    [
      268.65234375,
      262.834716796875
    ],
    [
      271.89154052734375,
      265.4696044921875
    ],
    [
      274.25885009765625,
      267.62060546875
    ],
    [
      275.78118896484375,
      269.8891296386719
    ],
    [
      276.3240661621094,
      272.6239318847656
    ],
    [
      276.3291320800781,
      275.43548583984375
    ],
    [
      276.34820556640625,
      277.6914367675781
    ],
    [
      276.179931640625,
      280.05474853515625
    ],
    [
      275.5220031738281,
      282.8536376953125
    ],
    [
      274.8780822753906,
      285.5848693847656
    ],
    [
      274.1737060546875,
      288.33154296875
    ],
    [
      273.364013671875,
      291.1907653808594
    ],
    [
      272.607421875,
      293.87750244140625
    ],
    [
      271.95074462890625,
      296.30035400390625
    ],
    [
      271.3697814941406,
      298.44659423828125
    ],
    [
      270.7478942871094,
      300.386962890625
    ],
    [
      270.091552734375,
      302.1451721191406
    ],
    [
      269.6392822265625,
      303.5468444824219
    ],
    [
      269.39715576171875,
      304.56640625
    ]
  ],
  "visible_prob": [
    1.0,
    1.0,
    1.0,
    1.0,
    1.0,
    1.0,
    1.0,
    1.0,
    1.0,
    1.0,
    1.0,
    1.0,
    1.0,
    1.0,
    1.0,
    1.0,
    1.0,
    1.0,
    1.0,
    1.0,
    1.0,
    1.0,
    1.0,
    1.0
  ],
  "ball_metrics": {
    "launch_angle_deg": 6.5,
    "launch_direction_deg": -1.4,
    "ball_speed_ms": 91.0,
    "carry_m": 194.1,
    "apex_m": 5.93,
    "descent_angle_deg": 6.8,
    "time_of_flight_s": 2.15
  },
  "spin": null,
  "metrics": {
    "sequence": 0,
    "rmse_2d_measured": 0.0,
    "rmse_2d_filtered": 0.0,
    "rmse_3d": 6.650404453277588,
    "visibility_f1": 1.0,
    "smoothness_filtered": 4.8178486824035645,
    "carry_err_m": 12.753325486404734,
    "apex_err_m": 3.5104615315794945,
    "visible_prob_mean": 1.0,
    "visible_prob_max": 1.0,
    "gt_visible_rate": 1.0,
    "ball_launch_angle_deg": 6.5,
    "ball_launch_direction_deg": -1.4,
    "ball_ball_speed_ms": 91.0,
    "ball_carry_m": 194.1,
    "ball_apex_m": 5.93,
    "ball_descent_angle_deg": 6.8,
    "ball_time_of_flight_s": 2.15,
    "spin_backspin_rpm": 0.0,
    "spin_sidespin_rpm": 0.0
  }
}