{
  "measured_uv": [
    [
      273.0,
      429.0
    ],
    [
      249.0,
      363.0
    ],
    [
      230.0,
      305.0
    ],
    [
      215.0,
      270.0
    ],
    [
      207.0,
      240.0
    ],
    [
      202.0,
      218.0
    ],
    [
      197.0,
      201.0
    ],
    [
      191.0,
      188.0
    ],
    [
      189.0,
      175.0
    ],
    [
      185.0,
      165.0
    ],
    [
      185.0,
      157.0
    ],
    [
      183.0,
      151.0
    ],
    [
      183.0,
      142.0
    ],
    [
      181.0,
      138.0
    ],
    [
      179.0,
      131.0
    ],
    [
      180.0,
      127.0
    ],
    [
      179.0,
      122.0
    ],
    [
      179.0,
      118.0
    ],
    [
      179.0,
      113.0
    ],
    [
      179.0,
      111.0
    ],
    [
      179.0,
      109.0
    ],
    [
      180.0,
      105.0
    ],
    [
      179.0,
      103.0
    ],
    [
      180.0,
      99.0
    ]
  ],
  "filtered_uv": [
    [
      273.0,
      429.0
    ],
    [
      249.0,
      363.0
    ],
    [
      230.0,
      305.0
    ],
    [
      215.0,
      270.0
    ],
    [
      207.0,
      240.0
    ],
    [
      202.0,
      218.0
    ],
    [
      197.0,
      201.0
    ],
    [
      191.0,
      188.0
    ],
    [
      189.0,
      175.0
    ],
    [
      185.0,
      165.0
    ],
    [
      185.0,
      157.0
    ],
    [
      183.0,
      151.0
    ],
    [
      183.0,
      142.0
    ],
    [
      181.0,
      138.0
    ],
    [
      179.0,
      131.0
    ],
    [
      180.0,
      127.0
    ],
    [
      179.0,
      122.0
    ],
    [
      179.0,
      118.0
    ],
    [
      179.0,
      113.0
    ],
    [
      179.0,
      111.0
    ],
    [
      179.0,
      109.0
    ],
    [
      180.0,
      105.0
    ],
    [
      179.0,
      103.0
    ],
    [
      180.0,
      99.0
    ]
  ],
  "xyz_pred": [
    [
      -0.18078236281871796,
      0.41268134117126465,
      5.904987812042236
    ],
    [
      -0.2002139687538147,
      0.6000901460647583,
      8.639944076538086
    ],
    [
      -0.12934978306293488,
      0.7875961661338806,
      9.48694133758545
    ],
    [
      -0.07269716262817383,
      1.0118193626403809,
      9.958239555358887
    ],
    [
      -0.07134437561035156,
      1.2639191150665283,
      10.653371810913086
    ],
    [
      -0.0760946199297905,
      1.520790457725525,
      11.19533634185791
    ],
    [
      -0.06395524740219116,
      1.7924941778182983,
      11.697663307189941
    ],
    [
      -0.027948858216404915,
      2.0826079845428467,
      12.281889915466309
    ],
    [
      0.030968068167567253,
      2.3867900371551514,
      12.862191200256348
    ],
    [
      0.075049489736557,
      2.6745378971099854,
      13.563382148742676
    ],
    [
      0.105457603931427,
      2.9410595893859863,
      14.332934379577637
    ],
    [
      0.12250891327857971,
      3.1801679134368896,
      15.150177955627441
    ],
    [
      0.1337089240550995,
      3.400433301925659,
      15.993573188781738
    ],
    [
      0.1436564028263092,
      3.6084792613983154,
      16.85871696472168
    ],
    [
      0.14840251207351685,
      3.8022942543029785,
      17.746904373168945
    ],
    [
      0.14814627170562744,
      3.991647958755493,
      18.663570404052734
    ],
    [
      0.14611846208572388,
      4.184324264526367,
      19.615453720092773
    ],
    [
      0.14520162343978882,
      4.385558128356934,
      20.606863021850586
    ],
    [
      0.14736950397491455,
      4.59567928314209,
      21.635385513305664
    ],
    [
      0.155850350856781,
      4.815269470214844,
      22.68840980529785
    ],
    [
      0.16547435522079468,
      5.026296615600586,
      23.751996994018555
    ],
    [
      0.16373568773269653,
      5.201833248138428,
      24.806901931762695
    ],
    [
      0.13802504539489746,
      5.313505172729492,
      25.83702278137207
    ],
    [
      0.07567137479782104,
      5.3596930503845215,
      26.835908889770508
    ]
  ],
  "uv_reprojected": [
    [
      117.79254913330078,
      356.6033630371094
    ],
    [
      106.57243347167969,
      432.2847900390625
    ],
    [
      92.19165802001953,
      466.8582763671875
    ],
    [
      82.64175415039062,
      501.17987060546875
    ],
    [
      81.73216247558594,
      535.452880859375
    ],
    [
      81.88309478759766,
      567.1116333007812
    ],
    [
      79.87846374511719,
      598.044189453125
    ],
    [
      75.06645202636719,
      627.7504272460938
    ],
    [
      68.00569152832031,
      656.4093017578125
    ],
    [
      63.29344940185547,
      679.150390625
    ],
    [
      60.54279327392578,
      696.5125732421875
    ],
    [
      59.4443359375,
      708.7731323242188
    ],
    [
      59.03144454956055,
      717.6864013671875
    ],
    [
      58.788673400878906,
      724.3480224609375
    ],
    [
      59.02843475341797,
      728.8798828125
    ],
    [
      59.668338775634766,
      732.2670288085938
    ],
    [
      60.404937744140625,
      735.1541748046875
    ],
    [
      61.0123291015625,
      737.9172973632812
    ],
    [
      61.36628341674805,
      740.6078491210938
    ],
    [
      61.279354095458984,
      743.3978271484375
    ],
    [
      61.13221740722656,
      745.3009033203125
    ],
    [
      61.684539794921875,
      745.033935546875
    ],
    [
      63.58156204223633,
      741.4080810546875
    ],
    [
      67.38439178466797,
      734.7694091796875
    ]
  ],
  "visible_prob": [
    1.0,
    1.0,
    1.0,
    1.0,
    1.0,
    1.0,
    1.0,
    1.0,
    1.0,
    1.0,
    1.0,
    1.0,
    1.0,
    1.0,
    1.0,
    1.0,
    1.0,
    1.0,
    1.0,
    1.0,
    1.0,
    1.0,
    1.0,
    1.0
  ],
  "ball_metrics": {
    "launch_angle_deg": 10.2,
    "launch_direction_deg": 1.3,
    "ball_speed_ms": 72.4,
    "carry_m": 187.7,
    "apex_m": 8.72,
    "descent_angle_deg": 10.4,
    "time_of_flight_s": 2.64
  },
  "spin": null,
  "metrics": {
    "sequence": 10,
    "rmse_2d_measured": 0.0,
    "rmse_2d_filtered": 0.0,
    "rmse_3d": 6.92827033996582,
    "visibility_f1": 1.0,
    "smoothness_filtered": 4.805969715118408,
    "carry_err_m": 17.14580539728463,
    "apex_err_m": 5.326001055538654,
    "visible_prob_mean": 1.0,
    "visible_prob_max": 1.0,
    "gt_visible_rate": 1.0,
    "ball_launch_angle_deg": 10.2,
    "ball_launch_direction_deg": 1.3,
    "ball_ball_speed_ms": 72.4,
    "ball_carry_m": 187.7,
    "ball_apex_m": 8.72,
    "ball_descent_angle_deg": 10.4,
    "ball_time_of_flight_s": 2.64,
    "spin_backspin_rpm": 0.0,
    "spin_sidespin_rpm": 0.0
  }
}