{
  "measured_uv": [
    [
      294.0,
      368.0
    ],
    [
      300.0,
      301.0
    ],
    [
      305.0,
      251.0
    ],
    [
      309.0,
      213.0
    ],
    [
      313.0,
      181.0
    ],
    [
      316.0,
      152.0
    ],
    [
      318.0,
      131.0
    ],
    [
      320.0,
      111.0
    ],
    [
      322.0,
      93.0
    ],
    [
      324.0,
      79.0
    ],
    [
      327.0,
      66.0
    ],
    [
      329.0,
      54.0
    ],
    [
      329.0,
      43.0
    ],
    [
      331.0,
      35.0
    ],
    [
      332.0,
      26.0
    ],
    [
      333.0,
      19.0
    ],
    [
      334.0,
      11.0
    ],
    [
      335.0,
      4.0
    ],
    [
      0.0,
      0.0
    ],
    [
      0.0,
      0.0
    ],
    [
      0.0,
      0.0
    ],
    [
      0.0,
      0.0
    ],
    [
      0.0,
      0.0
    ],
    [
      0.0,
      0.0
    ]
  ],
  "filtered_uv": [
    [
      294.0,
      368.0
    ],
    [
      300.0,
      301.0
    ],
    [
      305.0,
      251.0
    ],
    [
      309.0,
      213.0
    ],
    [
      313.0,
      181.0
    ],
    [
      316.0,
      152.0
    ],
    [
      318.0,
      131.0
    ],
    [
      320.0,
      111.0
    ],
    [
      322.0,
      93.0
    ],
    [
      324.0,
      79.0
    ],
    [
      327.0,
      66.0
    ],
    [
      329.0,
      54.0
    ],
    [
      329.0,
      43.0
    ],
    [
      331.0,
      35.0
    ],
    [
      332.0,
      26.0
    ],
    [
      333.0,
      19.0
    ],
    [
      334.0,
      11.0
    ],
    [
      335.0,
      4.0
    ],
    [
      0.0,
      0.0
    ],
    [
      0.0,
      0.0
    ],
    [
      0.0,
      0.0
    ],
    [
      0.0,
      0.0
    ],
    [
      0.0,
      0.0
    ],
    [
      0.0,
      0.0
    ]
  ],
  "xyz_pred": [
    [
      -0.2059246450662613,
      0.594538688659668,
      6.878036975860596
    ],
    [
      -0.12686841189861298,
      0.8279411196708679,
      8.836587905883789
    ],
    [
      0.04645124077796936,
      1.0588526725769043,
      8.665350914001465
    ],
    [
      0.23770156502723694,
      1.3568222522735596,
      7.908348560333252
    ],
    [
      0.3990285396575928,
      1.7167503833770752,
      7.721100330352783
    ],
    [
      0.5443164706230164,
      2.0976579189300537,
      7.844325065612793
    ],
    [
      0.667288601398468,
      2.469994068145752,
      8.1793794631958
    ],
    [
      0.755216658115387,
      2.818770170211792,
      8.699589729309082
    ],
    [
      0.8198062777519226,
      3.144829034805298,
      9.307143211364746
    ],
    [
      0.8767588138580322,
      3.462425947189331,
      9.956145286560059
    ],
    [
      0.932308554649353,
      3.766503095626831,
      10.586155891418457
    ],
    [
      0.982038676738739,
      4.0390520095825195,
      11.166548728942871
    ],
    [
      1.0261071920394897,
      4.285043716430664,
      11.725079536437988
    ],
    [
      1.0692194700241089,
      4.511075019836426,
      12.278197288513184
    ],
    [
      1.106956958770752,
      4.722283363342285,
      12.83273983001709
    ],
    [
      1.140516996383667,
      4.922084808349609,
      13.391533851623535
    ],
    [
      1.1709588766098022,
      5.113666534423828,
      13.953309059143066
    ],
    [
      1.1954740285873413,
      5.293499946594238,
      14.518084526062012
    ],
    [
      1.1535369157791138,
      5.548154830932617,
      16.324729919433594
    ],
    [
      1.0790678262710571,
      5.713109970092773,
      17.929506301879883
    ],
    [
      0.9983840584754944,
      5.84639835357666,
      19.47524642944336
    ],
    [
      0.909656286239624,
      5.94553279876709,
      20.98709487915039
    ],
    [
      0.8027732968330383,
      5.996267795562744,
      22.459699630737305
    ],
    [
      0.6702111959457397,
      5.990846157073975,
      23.8729305267334
    ]
  ],
  "uv_reprojected": [
    [
      116.77375793457031,
      414.9505920410156
    ],
    [
      93.28118133544922,
      471.4482727050781
    ],
    [
      63.553775787353516,
      509.9999084472656
    ],
    [
      26.320209503173828,
      566.5800170898438
    ],
    [
      -6.279991149902344,
      636.573974609375
    ],
    [
      -32.97978210449219,
      705.4658203125
    ],
    [
      -51.36097717285156,
      763.521240234375
    ],
    [
      -59.24414825439453,
      806.1954345703125
    ],
    [
      -61.163307189941406,
      837.20703125
    ],
    [
      -61.13092803955078,
      861.6368408203125
    ],
    [
      -61.140846252441406,
      881.90185546875
    ],
    [
      -60.953956604003906,
      897.55322265625
    ],
    [
      -60.30443572998047,
      909.1171875
    ],
    [
      -59.65448760986328,
      917.43603515625
    ],
    [
      -58.41460418701172,
      923.29833984375
    ],
    [
      -56.766197204589844,
      927.2899780273438
    ],
    [
      -54.885833740234375,
      930.006103515625
    ],
    [
      -52.509765625,
      931.2366333007812
    ],
    [
      -34.89764404296875,
      905.84033203125
    ],
    [
      -19.100486755371094,
      882.571533203125
    ],
    [
      -5.652793884277344,
      861.8596801757812
    ],
    [
      6.28875732421875,
      842.3739624023438
    ],
    [
      17.74803924560547,
      822.9281616210938
    ],
    [
      29.309776306152344,
      803.2029418945312
    ]
  ],
  "visible_prob": [
    1.0,
    1.0,
    1.0,
    1.0,
    1.0,
    1.0,
    1.0,
    1.0,
    1.0,
    1.0,
    1.0,
    1.0,
    1.0,
    1.0,
    1.0,
    1.0,
    1.0,
    1.0,
    0.0,
    0.0,
    0.0,
    0.0,
    0.0,
    0.0
  ],
  "ball_metrics": {
    "launch_angle_deg": 47.2,
    "launch_direction_deg": 35.7,
    "ball_speed_ms": 22.9,
    "carry_m": 54.0,
    "apex_m": 15.04,
    "descent_angle_deg": 47.8,
    "time_of_flight_s": 3.47
  },
  "spin": null,
  "metrics": {
    "sequence": 7,
    "rmse_2d_measured": 0.0,
    "rmse_2d_filtered": 0.0,
    "rmse_3d": 5.310497760772705,
    "visibility_f1": 1.0,
    "smoothness_filtered": 33.56441116333008,
    "carry_err_m": 13.276997350118652,
    "apex_err_m": 5.983903735876083,
    "visible_prob_mean": 0.75,
    "visible_prob_max": 1.0,
    "gt_visible_rate": 0.75,
    "ball_launch_angle_deg": 47.2,
    "ball_launch_direction_deg": 35.7,
    "ball_ball_speed_ms": 22.9,
    "ball_carry_m": 54.0,
    "ball_apex_m": 15.04,
    "ball_descent_angle_deg": 47.8,
    "ball_time_of_flight_s": 3.47,
    "spin_backspin_rpm": 0.0,
    "spin_sidespin_rpm": 0.0
  }
}