{
  "measured_uv": [
    [
      332.0,
      431.0
    ],
    [
      333.0,
      341.0
    ],
    [
      333.0,
      272.0
    ],
    [
      334.0,
      216.0
    ],
    [
      335.0,
      170.0
    ],
    [
      335.0,
      130.0
    ],
    [
      336.0,
      96.0
    ],
    [
      337.0,
      67.0
    ],
    [
      337.0,
      42.0
    ],
    [
      338.0,
      19.0
    ],
    [
      338.0,
      1.0
    ],
    [
      0.0,
      0.0
    ],
    [
      0.0,
      0.0
    ],
    [
      0.0,
      0.0
    ],
    [
      0.0,
      0.0
    ],
    [
      0.0,
      0.0
    ],
    [
      0.0,
      0.0
    ],
    [
      0.0,
      0.0
    ],
    [
      0.0,
      0.0
    ],
    [
      0.0,
      0.0
    ],
    [
      0.0,
      0.0
    ],
    [
      0.0,
      0.0
    ],
    [
      0.0,
      0.0
    ],
    [
      0.0,
      0.0
    ]
  ],
  "filtered_uv": [
    [
      332.0,
      431.0
    ],
    [
      333.0,
      341.0
    ],
    [
      333.0,
      272.0
    ],
    [
      334.0,
      216.0
    ],
    [
      335.0,
      170.0
    ],
    [
      335.0,
      130.0
    ],
    [
      336.0,
      96.0
    ],
    [
      337.0,
      67.0
    ],
    [
      337.0,
      42.0
    ],
    [
      338.0,
      19.0
    ],
    [
      338.0,
      1.0
    ],
    [
      0.0,
      0.0
    ],
    [
      0.0,
      0.0
    ],
    [
      0.0,
      0.0
    ],
    [
      0.0,
      0.0
    ],
    [
      0.0,
      0.0
    ],
    [
      0.0,
      0.0
    ],
    [
      0.0,
      0.0
    ],
    [
      0.0,
      0.0
    ],
    [
      0.0,
      0.0
    ],
    [
      0.0,
      0.0
    ],
    [
      0.0,
      0.0
    ],
    [
      0.0,
      0.0
    ],
    [
      0.0,
      0.0
    ]
  ],
  "xyz_pred": [
    [
      -0.20287813246250153,
      0.5720008611679077,
      6.882868766784668
    ],
    [
      -0.14900144934654236,
      0.7881702184677124,
      9.030050277709961
    ],
    [
      0.10832995921373367,
      1.0372323989868164,
      8.075231552124023
    ],
    [
      0.3014587163925171,
      1.3415861129760742,
      7.319502830505371
    ],
    [
      0.49462801218032837,
      1.7225247621536255,
      6.9872965812683105
    ],
    [
      0.6316009759902954,
      2.0998477935791016,
      7.162252902984619
    ],
    [
      0.7287083268165588,
      2.465824842453003,
      7.6394758224487305
    ],
    [
      0.8037477135658264,
      2.8338189125061035,
      8.27858829498291
    ],
    [
      0.8668457865715027,
      3.182697057723999,
      8.937649726867676
    ],
    [
      0.921201229095459,
      3.494060754776001,
      9.560603141784668
    ],
    [
      0.967531144618988,
      3.7710087299346924,
      10.162266731262207
    ],
    [
      0.8343183994293213,
      3.9821228981018066,
      12.086323738098145
    ],
    [
      0.7317322492599487,
      4.158130168914795,
      13.67451000213623
    ],
    [
      0.653356671333313,
      4.327427864074707,
      15.141114234924316
    ],
    [
      0.580435037612915,
      4.487689971923828,
      16.600889205932617
    ],
    [
      0.5071402192115784,
      4.648002624511719,
      18.12616539001465
    ],
    [
      0.43384885787963867,
      4.809950828552246,
      19.707265853881836
    ],
    [
      0.36120641231536865,
      4.968735218048096,
      21.31850814819336
    ],
    [
      0.296578049659729,
      5.129720687866211,
      22.916383743286133
    ],
    [
      0.2263241410255432,
      5.260372638702393,
      24.454946517944336
    ],
    [
      0.13527852296829224,
      5.333205223083496,
      25.905548095703125
    ],
    [
      0.015666721388697624,
      5.3447418212890625,
      27.256559371948242
    ],
    [
      -0.12451380491256714,
      5.307796478271484,
      28.469335556030273
    ],
    [
      -0.2657209038734436,
      5.242581367492676,
      29.455968856811523
    ]
  ],
  "uv_reprojected": [
    [
      116.07475280761719,
      410.2117614746094
    ],
    [
      96.51274871826172,
      465.5103454589844
    ],
    [
      51.410400390625,
      507.1505126953125
    ],
    [
      9.54214096069336,
      569.262939453125
    ],
    [
      -35.09014129638672,
      652.6166381835938
    ],
    [
      -61.315773010253906,
      725.9242553710938
    ],
    [
      -72.17464447021484,
      781.6752319335938
    ],
    [
      -74.73812103271484,
      824.6658935546875
    ],
    [
      -74.5882339477539,
      857.544921875
    ],
    [
      -73.63204193115234,
      881.636962890625
    ],
    [
      -71.9047622680664,
      898.6754760742188
    ],
    [
      -32.43720245361328,
      860.0466918945312
    ],
    [
      -9.039604187011719,
      836.5377197265625
    ],
    [
      6.578895568847656,
      819.8627319335938
    ],
    [
      18.922103881835938,
      805.4635620117188
    ],
    [
      29.454139709472656,
      792.319091796875
    ],
    [
      38.44527816772461,
      780.52685546875
    ],
    [
      46.091068267822266,
      769.8798828125
    ],
    [
      52.12403869628906,
      761.0245971679688
    ],
    [
      57.68274688720703,
      752.133056640625
    ],
    [
      63.7627067565918,
      741.870849609375
    ],
    [
      70.76905059814453,
      730.2709350585938
    ],
    [
      78.2294921875,
      718.362548828125
    ],
    [
      85.23604583740234,
      707.6500854492188
    ]
  ],
  "visible_prob": [
    1.0,
    1.0,
    1.0,
    1.0,
    1.0,
    1.0,
    1.0,
    1.0,
    1.0,
    1.0,
    1.0,
    0.0,
    0.0,
    0.0,
    0.0,
    0.0,
    0.0,
    0.0,
    0.0,
    0.0,
    0.0,
    0.0,
    0.0,
    0.0
  ],
  "ball_metrics": {
    "launch_angle_deg": 58.5,
    "launch_direction_deg": 81.5,
    "ball_speed_ms": 20.2,
    "carry_m": 37.6,
    "apex_m": 15.75,
    "descent_angle_deg": 59.0,
    "time_of_flight_s": 3.55
  },
  "spin": null,
  "metrics": {
    "sequence": 2,
    "rmse_2d_measured": 0.0,
    "rmse_2d_filtered": 0.0,
    "rmse_3d": 7.011005401611328,
    "visibility_f1": 1.0,
    "smoothness_filtered": 34.050662994384766,
    "carry_err_m": 18.845016159281347,
    "apex_err_m": 5.335372952744365,
    "visible_prob_mean": 0.4583333432674408,
    "visible_prob_max": 1.0,
    "gt_visible_rate": 0.4583333432674408,
    "ball_launch_angle_deg": 58.5,
    "ball_launch_direction_deg": 81.5,
    "ball_ball_speed_ms": 20.2,
    "ball_carry_m": 37.6,
    "ball_apex_m": 15.75,
    "ball_descent_angle_deg": 59.0,
    "ball_time_of_flight_s": 3.55,
    "spin_backspin_rpm": 0.0,
    "spin_sidespin_rpm": 0.0
  }
}