{
  "measured_uv": [
    [
      240.0,
      200.0
    ],
    [
      228.0,
      266.0
    ],
    [
      218.0,
      314.0
    ],
    [
      212.0,
      348.0
    ],
    [
      206.0,
      374.0
    ],
    [
      202.0,
      396.0
    ],
    [
      200.0,
      412.0
    ],
    [
      196.0,
      426.0
    ],
    [
      192.0,
      440.0
    ],
    [
      190.0,
      448.0
    ],
    [
      188.0,
      458.0
    ],
    [
      186.0,
      468.0
    ],
    [
      186.0,
      474.0
    ],
    [
      184.0,
      478.0
    ],
    [
      184.0,
      484.0
    ],
    [
      182.0,
      490.0
    ],
    [
      180.0,
      496.0
    ],
    [
      178.0,
      498.0
    ],
    [
      178.0,
      500.0
    ],
    [
      176.0,
      504.0
    ],
    [
      176.0,
      510.0
    ],
    [
      174.0,
      510.0
    ],
    [
      0.0,
      0.0
    ],
    [
      0.0,
      0.0
    ]
  ],
  "filtered_uv": [
    [
      240.0,
      200.0
    ],
    [
      228.0,
      266.0
    ],
    [
      218.0,
      314.0
    ],
    [
      212.0,
      348.0
    ],
    [
      206.0,
      374.0
    ],
    [
      202.0,
      396.0
    ],
    [
      200.0,
      412.0
    ],
    [
      196.0,
      426.0
    ],
    [
      192.0,
      440.0
    ],
    [
      190.0,
      448.0
    ],
    [
      188.0,
      458.0
    ],
    [
      186.0,
      468.0
    ],
    [
      186.0,
      474.0
    ],
    [
      184.0,
      478.0
    ],
    [
      184.0,
      484.0
    ],
    [
      182.0,
      490.0
    ],
    [
      180.0,
      496.0
    ],
    [
      178.0,
      498.0
    ],
    [
      178.0,
      500.0
    ],
    [
      176.0,
      504.0
    ],
    [
      176.0,
      510.0
    ],
    [
      174.0,
      510.0
    ],
    [
      0.0,
      0.0
    ],
    [
      0.0,
      0.0
    ]
  ],
  "xyz_pred": [
    [
      -0.06779950112104416,
      0.5576757192611694,
      5.474461078643799
    ],
    [
      -0.1192188709974289,
      0.8603841066360474,
      9.073121070861816
    ],
    [
      -0.15009915828704834,
      1.060373067855835,
      10.863236427307129
    ],
    [
      -0.18409372866153717,
      1.2565741539001465,
      12.036142349243164
    ],
    [
      -0.25185632705688477,
      1.4487448930740356,
      13.287753105163574
    ],
    [
      -0.32845550775527954,
      1.6184310913085938,
      14.515320777893066
    ],
    [
      -0.44024398922920227,
      1.7137539386749268,
      15.686600685119629
    ],
    [
      -0.5312675833702087,
      1.8071770668029785,
      16.68074607849121
    ],
    [
      -0.5843411684036255,
      1.9247760772705078,
      17.453001022338867
    ],
    [
      -0.6088727116584778,
      2.0457119941711426,
      17.987119674682617
    ],
    [
      -0.6295719742774963,
      2.1407039165496826,
      18.3546199798584
    ],
    [
      -0.6441410183906555,
      2.234295129776001,
      18.66652488708496
    ],
    [
      -0.6561979055404663,
      2.3244993686676025,
      18.91840934753418
    ],
    [
      -0.650510311126709,
      2.4461045265197754,
      19.223726272583008
    ],
    [
      -0.6396536231040955,
      2.581346273422241,
      19.565271377563477
    ],
    [
      -0.6216608881950378,
      2.7268989086151123,
      19.92204475402832
    ],
    [
      -0.6049358248710632,
      2.868489980697632,
      20.285531997680664
    ],
    [
      -0.5896982550621033,
      3.001164674758911,
      20.634687423706055
    ],
    [
      -0.5706292986869812,
      3.1212949752807617,
      20.91282081604004
    ],
    [
      -0.5477898716926575,
      3.224405288696289,
      21.08980369567871
    ],
    [
      -0.5347595810890198,
      3.307217836380005,
      21.247446060180664
    ],
    [
      -0.5307687520980835,
      3.373047351837158,
      21.413618087768555
    ],
    [
      -0.3629473149776459,
      3.529371976852417,
      20.694948196411133
    ],
    [
      -0.2553936243057251,
      3.6722304821014404,
      20.328824996948242
    ]
  ],
  "uv_reprojected": [
    [
      262.5152893066406,
      176.22146606445312
    ],
    [
      262.9734802246094,
      224.54925537109375
    ],
    [
      263.384521484375,
      238.99288940429688
    ],
    [
      264.2813720703125,
      248.8988800048828
    ],
    [
      266.5016784667969,
      256.87823486328125
    ],
    [
      268.7312316894531,
      262.7047424316406
    ],
    [
      272.0303955078125,
      265.24072265625
    ],
    [
      274.3266906738281,
      267.4979248046875
    ],
    [
      275.31683349609375,
      270.3948059082031
    ],
    [
      275.5411376953125,
      273.38006591796875
    ],
    [
      275.814208984375,
      275.661865234375
    ],
    [
      275.9400329589844,
      277.8836975097656
    ],
    [
      276.0479736328125,
      280.020263671875
    ],
    [
      275.5341491699219,
      282.8616943359375
    ],
    [
      274.8389587402344,
      285.9144287109375
    ],
    [
      273.93560791015625,
      289.1015319824219
    ],
    [
      273.09600830078125,
      292.064208984375
    ],
    [
      272.3417053222656,
      294.7290344238281
    ],
    [
      271.5577392578125,
      297.1417541503906
    ],
    [
      270.7616271972656,
      299.29132080078125
    ],
    [
      270.2725524902344,
      300.958251953125
    ],
    [
      270.04095458984375,
      302.17559814453125
    ],
    [
      265.64239501953125,
      307.681396484375
    ],
    [
      262.6235656738281,
      312.22821044921875
    ]
  ],
  "visible_prob": [
    1.0,
    1.0,
    1.0,
    1.0,
    1.0,
    1.0,
    1.0,
    1.0,
    1.0,
    1.0,
    1.0,
    1.0,
    1.0,
    1.0,
    1.0,
    1.0,
    1.0,
    1.0,
    1.0,
    1.0,
    1.0,
    1.0,
    0.0,
    0.0
  ],
  "ball_metrics": {
    "launch_angle_deg": 6.5,
    "launch_direction_deg": -1.3,
    "ball_speed_ms": 91.0,
    "carry_m": 194.8,
    "apex_m": 5.97,
    "descent_angle_deg": 6.8,
    "time_of_flight_s": 2.15
  },
  "spin": null,
  "metrics": {
    "sequence": 6,
    "rmse_2d_measured": 0.0,
    "rmse_2d_filtered": 0.0,
    "rmse_3d": 7.0418009757995605,
    "visibility_f1": 1.0,
    "smoothness_filtered": 53.17361831665039,
    "carry_err_m": 11.086334381087294,
    "apex_err_m": 3.6449479293078184,
    "visible_prob_mean": 0.9166666865348816,
    "visible_prob_max": 1.0,
    "gt_visible_rate": 0.9166666865348816,
    "ball_launch_angle_deg": 6.5,
    "ball_launch_direction_deg": -1.3,
    "ball_ball_speed_ms": 91.0,
    "ball_carry_m": 194.8,
    "ball_apex_m": 5.97,
    "ball_descent_angle_deg": 6.8,
    "ball_time_of_flight_s": 2.15,
    "spin_backspin_rpm": 0.0,
    "spin_sidespin_rpm": 0.0
  }
}