{
  "measured_uv": [
    [
      210.0,
      250.0
    ],
    [
      206.0,
      298.0
    ],
    [
      204.0,
      334.0
    ],
    [
      202.0,
      360.0
    ],
    [
      202.0,
      382.0
    ],
    [
      200.0,
      398.0
    ],
    [
      198.0,
      410.0
    ],
    [
      196.0,
      422.0
    ],
    [
      198.0,
      430.0
    ],
    [
      194.0,
      438.0
    ],
    [
      194.0,
      446.0
    ],
    [
      194.0,
      454.0
    ],
    [
      192.0,
      458.0
    ],
    [
      192.0,
      464.0
    ],
    [
      194.0,
      468.0
    ],
    [
      192.0,
      470.0
    ],
    [
      190.0,
      474.0
    ],
    [
      190.0,
      478.0
    ],
    [
      190.0,
      482.0
    ],
    [
      188.0,
      482.0
    ],
    [
      188.0,
      486.0
    ],
    [
      190.0,
      490.0
    ],
    [
      188.0,
      490.0
    ],
    [
      188.0,
      494.0
    ]
  ],
  "filtered_uv": [
    [
      210.0,
      250.0
    ],
    [
      206.0,
      298.0
    ],
    [
      204.0,
      334.0
    ],
    [
      202.0,
      360.0
    ],
    [
      202.0,
      382.0
    ],
    [
      200.0,
      398.0
    ],
    [
      198.0,
      410.0
    ],
    [
      196.0,
      422.0
    ],
    [
      198.0,
      430.0
    ],
    [
      194.0,
      438.0
    ],
    [
      194.0,
      446.0
    ],
    [
      194.0,
      454.0
    ],
    [
      192.0,
      458.0
    ],
    [
      192.0,
      464.0
    ],
    [
      194.0,
      468.0
    ],
    [
      192.0,
      470.0
    ],
    [
      190.0,
      474.0
    ],
    [
      190.0,
      478.0
    ],
    [
      190.0,
      482.0
    ],
    [
      188.0,
      482.0
    ],
    [
      188.0,
      486.0
    ],
    [
      190.0,
      490.0
    ],
    [
      188.0,
      490.0
    ],
    [
      188.0,
      494.0
    ]
  ],
  "xyz_pred": [
    [
      -0.17766675353050232,
      0.5870527029037476,
      6.730545520782471
    ],
    [
      -0.25268369913101196,
      0.8641692996025085,
      10.285721778869629
    ],
    [
      -0.23596259951591492,
      1.0404350757598877,
      11.524763107299805
    ],
    [
      -0.24232402443885803,
      1.2220919132232666,
      12.440300941467285
    ],
    [
      -0.2664673924446106,
      1.4135420322418213,
      13.324974060058594
    ],
    [
      -0.32760483026504517,
      1.570641040802002,
      14.37694263458252
    ],
    [
      -0.4206182062625885,
      1.6687321662902832,
      15.409872055053711
    ],
    [
      -0.5018501877784729,
      1.7589372396469116,
      16.304996490478516
    ],
    [
      -0.5679610967636108,
      1.8535196781158447,
      17.116193771362305
    ],
    [
      -0.6111875772476196,
      1.9608824253082275,
      17.79060935974121
    ],
    [
      -0.6275734305381775,
      2.0737783908843994,
      18.245569229125977
    ],
    [
      -0.6312939524650574,
      2.1726908683776855,
      18.49918556213379
    ],
    [
      -0.6339761018753052,
      2.266899585723877,
      18.710905075073242
    ],
    [
      -0.6264777779579163,
      2.375840187072754,
      18.943496704101562
    ],
    [
      -0.6124477386474609,
      2.4949493408203125,
      19.19761085510254
    ],
    [
      -0.5987741351127625,
      2.6125760078430176,
      19.457141876220703
    ],
    [
      -0.5837549567222595,
      2.724998950958252,
      19.697492599487305
    ],
    [
      -0.568329930305481,
      2.840914487838745,
      19.96544075012207
    ],
    [
      -0.5541201233863831,
      2.9570558071136475,
      20.254837036132812
    ],
    [
      -0.5414057970046997,
      3.068624258041382,
      20.544763565063477
    ],
    [
      -0.5294603705406189,
      3.1719424724578857,
      20.81454086303711
    ],
    [
      -0.5120508670806885,
      3.264580249786377,
      21.00303840637207
    ],
    [
      -0.4899609386920929,
      3.3444228172302246,
      21.095918655395508
    ],
    [
      -0.4745481014251709,
      3.40999698638916,
      21.175508499145508
    ]
  ],
  "uv_reprojected": [
    [
      271.0182800292969,
      193.158203125
    ],
    [
      269.90740966796875,
      228.3275604248047
    ],
    [
      267.4242858886719,
      239.02593994140625
    ],
    [
      266.8202209472656,
      247.67791748046875
    ],
    [
      267.13494873046875,
      255.5203399658203
    ],
    [
      268.8275146484375,
      261.07696533203125
    ],
    [
      271.5633850097656,
      263.9287414550781
    ],
    [
      273.6772766113281,
      266.2711486816406
    ],
    [
      275.13592529296875,
      268.56622314453125
    ],
    [
      275.8470153808594,
      271.1417541503906
    ],
    [
      275.87213134765625,
      273.9073181152344
    ],
    [
      275.7080383300781,
      276.38568115234375
    ],
    [
      275.5606994628906,
      278.7215881347656
    ],
    [
      275.06805419921875,
      281.374755859375
    ],
    [
      274.35894775390625,
      284.2022705078125
    ],
    [
      273.6742858886719,
      286.90802001953125
    ],
    [
      272.9837341308594,
      289.44091796875
    ],
    [
      272.2735595703125,
      291.9512634277344
    ],
    [
      271.6010437011719,
      294.359130859375
    ],
    [
      270.9912109375,
      296.5841064453125
    ],
    [
      270.4356994628906,
      298.5865783691406
    ],
    [
      269.794189453125,
      300.45367431640625
    ],
    [
      269.0936279296875,
      302.19134521484375
    ],
    [
      268.5989685058594,
      303.5994567871094
    ]
  ],
  "visible_prob": [
    1.0,
    1.0,
    1.0,
    1.0,
    1.0,
    1.0,
    1.0,
    1.0,
    1.0,
    1.0,
    1.0,
    1.0,
    1.0,
    1.0,
    1.0,
    1.0,
    1.0,
    1.0,
    1.0,
    1.0,
    1.0,
    1.0,
    1.0,
    1.0
  ],
  "ball_metrics": {
    "launch_angle_deg": 7.1,
    "launch_direction_deg": -0.8,
    "ball_speed_ms": 91.0,
    "carry_m": 212.9,
    "apex_m": 7.11,
    "descent_angle_deg": 7.5,
    "time_of_flight_s": 2.36
  },
  "spin": null,
  "metrics": {
    "sequence": 3,
    "rmse_2d_measured": 0.0,
    "rmse_2d_filtered": 0.0,
    "rmse_3d": 6.387404441833496,
    "visibility_f1": 1.0,
    "smoothness_filtered": 4.195157527923584,
    "carry_err_m": 10.674670289116927,
    "apex_err_m": 3.39361372590065,
    "visible_prob_mean": 1.0,
    "visible_prob_max": 1.0,
    "gt_visible_rate": 1.0,
    "ball_launch_angle_deg": 7.1,
    "ball_launch_direction_deg": -0.8,
    "ball_ball_speed_ms": 91.0,
    "ball_carry_m": 212.9,
    "ball_apex_m": 7.11,
    "ball_descent_angle_deg": 7.5,
    "ball_time_of_flight_s": 2.36,
    "spin_backspin_rpm": 0.0,
    "spin_sidespin_rpm": 0.0
  }
}