{
  "measured_uv": [
    [
      295.0,
      404.0
    ],
    [
      291.0,
      318.0
    ],
    [
      290.0,
      253.0
    ],
    [
      288.0,
      202.0
    ],
    [
      287.0,
      159.0
    ],
    [
      285.0,
      124.0
    ],
    [
      284.0,
      93.0
    ],
    [
      283.0,
      67.0
    ],
    [
      283.0,
      43.0
    ],
    [
      282.0,
      23.0
    ],
    [
      282.0,
      5.0
    ],
    [
      0.0,
      0.0
    ],
    [
      0.0,
      0.0
    ],
    [
      0.0,
      0.0
    ],
    [
      0.0,
      0.0
    ],
    [
      0.0,
      0.0
    ],
    [
      0.0,
      0.0
    ],
    [
      0.0,
      0.0
    ],
    [
      0.0,
      0.0
    ],
    [
      0.0,
      0.0
    ],
    [
      0.0,
      0.0
    ],
    [
      0.0,
      0.0
    ],
    [
      0.0,
      0.0
    ],
    [
      0.0,
      0.0
    ]
  ],
  "filtered_uv": [
    [
      295.0,
      404.0
    ],
    [
      291.0,
      318.0
    ],
    [
      290.0,
      253.0
    ],
    [
      288.0,
      202.0
    ],
    [
      287.0,
      159.0
    ],
    [
      285.0,
      124.0
    ],
    [
      284.0,
      93.0
    ],
    [
      283.0,
      67.0
    ],
    [
      283.0,
      43.0
    ],
    [
      282.0,
      23.0
    ],
    [
      282.0,
      5.0
    ],
    [
      0.0,
      0.0
    ],
    [
      0.0,
      0.0
    ],
    [
      0.0,
      0.0
    ],
    [
      0.0,
      0.0
    ],
    [
      0.0,
      0.0
    ],
    [
      0.0,
      0.0
    ],
    [
      0.0,
      0.0
    ],
    [
      0.0,
      0.0
    ],
    [
      0.0,
      0.0
    ],
    [
      0.0,
      0.0
    ],
    [
      0.0,
      0.0
    ],
    [
      0.0,
      0.0
    ],
    [
      0.0,
      0.0
    ]
  ],
  "xyz_pred": [
    [
      -0.20813468098640442,
      0.5817331075668335,
      6.934840679168701
    ],
    [
      -0.20058971643447876,
      0.8086705803871155,
      9.652095794677734
    ],
    [
      0.008396578952670097,
      1.0129600763320923,
      9.021065711975098
    ],
    [
      0.21095049381256104,
      1.2974708080291748,
      7.988593101501465
    ],
    [
      0.3630144000053406,
      1.6412701606750488,
      7.779146194458008
    ],
    [
      0.5030988454818726,
      2.0137555599212646,
      7.859626293182373
    ],
    [
      0.627801239490509,
      2.388176679611206,
      8.173877716064453
    ],
    [
      0.7310139536857605,
      2.7436106204986572,
      8.608470916748047
    ],
    [
      0.8036097884178162,
      3.0724284648895264,
      9.163466453552246
    ],
    [
      0.8573871850967407,
      3.372283697128296,
      9.768662452697754
    ],
    [
      0.9035300016403198,
      3.656726598739624,
      10.398270606994629
    ],
    [
      0.7459331154823303,
      3.837878942489624,
      12.411511421203613
    ],
    [
      0.6151795387268066,
      3.9882595539093018,
      14.1358003616333
    ],
    [
      0.5228809714317322,
      4.153597831726074,
      15.7499361038208
    ],
    [
      0.4416750967502594,
      4.322127342224121,
      17.33045196533203
    ],
    [
      0.36597567796707153,
      4.493706703186035,
      18.91636848449707
    ],
    [
      0.29352813959121704,
      4.667091369628906,
      20.521047592163086
    ],
    [
      0.22826462984085083,
      4.8451457023620605,
      22.12728500366211
    ],
    [
      0.16891705989837646,
      5.01741361618042,
      23.6976318359375
    ],
    [
      0.1012963056564331,
      5.14913272857666,
      25.20063591003418
    ],
    [
      0.01134931854903698,
      5.221282005310059,
      26.614294052124023
    ],
    [
      -0.10814833641052246,
      5.236536979675293,
      27.913915634155273
    ],
    [
      -0.24056273698806763,
      5.203668594360352,
      29.02147102355957
    ],
    [
      -0.36668872833251953,
      5.154356956481934,
      29.872278213500977
    ]
  ],
  "uv_reprojected": [
    [
      116.8844985961914,
      412.9049072265625
    ],
    [
      102.967529296875,
      470.54302978515625
    ],
    [
      70.23234558105469,
      501.9718322753906
    ],
    [
      31.823993682861328,
      554.984375
    ],
    [
      1.2811660766601562,
      621.3108520507812
    ],
    [
      -24.869674682617188,
      689.4237060546875
    ],
    [
      -44.160438537597656,
      749.0433349609375
    ],
    [
      -56.39073944091797,
      796.7000122070312
    ],
    [
      -60.580726623535156,
      830.996826171875
    ],
    [
      -60.689292907714844,
      855.153564453125
    ],
    [
      -59.36736297607422,
      873.4263305664062
    ],
    [
      -18.974136352539062,
      833.4718017578125
    ],
    [
      6.023933410644531,
      807.8052978515625
    ],
    [
      21.583351135253906,
      791.1553344726562
    ],
    [
      33.212493896484375,
      778.4180908203125
    ],
    [
      42.46711730957031,
      767.9682006835938
    ],
    [
      50.07060241699219,
      759.0226440429688
    ],
    [
      56.082767486572266,
      751.6656494140625
    ],
    [
      60.889095306396484,
      745.325439453125
    ],
    [
      65.57550048828125,
      738.0701904296875
    ],
    [
      70.99271392822266,
      729.1470947265625
    ],
    [
      77.4767837524414,
      719.061767578125
    ],
    [
      84.1327133178711,
      708.8651733398438
    ],
    [
      90.14232635498047,
      700.3662109375
    ]
  ],
  "visible_prob": [
    1.0,
    1.0,
    1.0,
    1.0,
    1.0,
    1.0,
    1.0,
    1.0,
    1.0,
    1.0,
    1.0,
    0.0,
    0.0,
    0.0,
    0.0,
    0.0,
    0.0,
    0.0,
    0.0,
    0.0,
    0.0,
    0.0,
    0.0,
    0.0
  ],
  "ball_metrics": {
    "launch_angle_deg": 46.1,
    "launch_direction_deg": 34.1,
    "ball_speed_ms": 22.1,
    "carry_m": 50.1,
    "apex_m": 13.46,
    "descent_angle_deg": 46.7,
    "time_of_flight_s": 3.28
  },
  "spin": null,
  "metrics": {
    "sequence": 4,
    "rmse_2d_measured": 0.0,
    "rmse_2d_filtered": 0.0,
    "rmse_3d": 7.348649024963379,
    "visibility_f1": 1.0,
    "smoothness_filtered": 28.792524337768555,
    "carry_err_m": 19.14700847931094,
    "apex_err_m": 5.224281718023121,
    "visible_prob_mean": 0.4583333432674408,
    "visible_prob_max": 1.0,
    "gt_visible_rate": 0.4583333432674408,
    "ball_launch_angle_deg": 46.1,
    "ball_launch_direction_deg": 34.1,
    "ball_ball_speed_ms": 22.1,
    "ball_carry_m": 50.1,
    "ball_apex_m": 13.46,
    "ball_descent_angle_deg": 46.7,
    "ball_time_of_flight_s": 3.28,
    "spin_backspin_rpm": 0.0,
    "spin_sidespin_rpm": 0.0
  }
}