{
  "measured_uv": [
    [
      250.0,
      240.0
    ],
    [
      254.0,
      292.0
    ],
    [
      258.0,
      324.0
    ],
    [
      262.0,
      348.0
    ],
    [
      262.0,
      364.0
    ],
    [
      264.0,
      378.0
    ],
    [
      264.0,
      388.0
    ],
    [
      264.0,
      396.0
    ],
    [
      266.0,
      404.0
    ],
    [
      264.0,
      410.0
    ],
    [
      264.0,
      414.0
    ],
    [
      266.0,
      418.0
    ],
    [
      266.0,
      424.0
    ],
    [
      264.0,
      428.0
    ],
    [
      266.0,
      430.0
    ],
    [
      264.0,
      434.0
    ],
    [
      262.0,
      436.0
    ],
    [
      262.0,
      440.0
    ],
    [
      264.0,
      442.0
    ],
    [
      264.0,
      442.0
    ],
    [
      262.0,
      446.0
    ],
    [
      264.0,
      448.0
    ],
    [
      262.0,
      448.0
    ],
    [
      262.0,
      450.0
    ]
  ],
  "filtered_uv": [
    [
      250.0,
      240.0
    ],
    [
      254.0,
      292.0
    ],
    [
      258.0,
      324.0
    ],
    [
      262.0,
      348.0
    ],
    [
      262.0,
      364.0
    ],
    [
      264.0,
      378.0
    ],
    [
      264.0,
      388.0
    ],
    [
      264.0,
      396.0
    ],
    [
      266.0,
      404.0
    ],
    [
      264.0,
      410.0
    ],
    [
      264.0,
      414.0
    ],
    [
      266.0,
      418.0
    ],
    [
      266.0,
      424.0
    ],
    [
      264.0,
      428.0
    ],
    [
      266.0,
      430.0
    ],
    [
      264.0,
      434.0
    ],
    [
      262.0,
      436.0
    ],
    [
      262.0,
      440.0
    ],
    [
      264.0,
      442.0
    ],
    [
      264.0,
      442.0
    ],
    [
      262.0,
      446.0
    ],
    [
      264.0,
      448.0
    ],
    [
      262.0,
      448.0
    ],
    [
      262.0,
      450.0
    ]
  ],
  "xyz_pred": [
    [
      -0.06985324621200562,
      0.5583159923553467,
      5.4986491203308105
    ],
    [
      -0.12883010506629944,
      0.8596470355987549,
      9.172682762145996
    ],
    [
      -0.15357686579227448,
      1.0499745607376099,
      10.981099128723145
    ],
    [
      -0.19406655430793762,
      1.256805419921875,
      12.170184135437012
    ],
    [
      -0.24656052887439728,
      1.4786401987075806,
      13.26451587677002
    ],
    [
      -0.3272772431373596,
      1.6921396255493164,
      14.5023832321167
    ],
    [
      -0.4351835548877716,
      1.8773386478424072,
      15.891203880310059
    ],
    [
      -0.5455783009529114,
      2.0366523265838623,
      17.237661361694336
    ],
    [
      -0.650055468082428,
      2.1808643341064453,
      18.51051139831543
    ],
    [
      -0.7475862503051758,
      2.3202431201934814,
      19.737356185913086
    ],
    [
      -0.8334499001502991,
      2.4794371128082275,
      20.95768165588379
    ],
    [
      -0.9102112054824829,
      2.652442216873169,
      22.191999435424805
    ],
    [
      -0.9851179718971252,
      2.826401948928833,
      23.431007385253906
    ],
    [
      -1.043151617050171,
      3.023751974105835,
      24.62749481201172
    ],
    [
      -1.0893430709838867,
      3.2347471714019775,
      25.79479217529297
    ],
    [
      -1.1265813112258911,
      3.4446794986724854,
      26.910093307495117
    ],
    [
      -1.155142903327942,
      3.6301581859588623,
      27.91855812072754
    ],
    [
      -1.1772836446762085,
      3.776698350906372,
      28.75861167907715
    ],
    [
      -1.19342839717865,
      3.8850715160369873,
      29.408132553100586
    ],
    [
      -1.204502820968628,
      3.963111639022827,
      29.88759422302246
    ],
    [
      -1.2111103534698486,
      4.019174575805664,
      30.234289169311523
    ],
    [
      -1.2145044803619385,
      4.059673309326172,
      30.483760833740234
    ],
    [
      -1.2151274681091309,
      4.090041637420654,
      30.66803550720215
    ],
    [
      -1.2125920057296753,
      4.111166954040527,
      30.794273376464844
    ]
  ],
  "uv_reprojected": [
    [
      262.7088623046875,
      176.62762451171875
    ],
    [
      263.52276611328125,
      224.838623046875
    ],
    [
      263.4867248535156,
      238.67987060546875
    ],
    [
      264.6763916015625,
      248.97579956054688
    ],
    [
      266.279541015625,
      258.03546142578125
    ],
    [
      268.6941833496094,
      265.3138427734375
    ],
    [
      271.6178894042969,
      270.3794250488281
    ],
    [
      274.2060852050781,
      273.91009521484375
    ],
    [
      276.3104248046875,
      276.5986633300781
    ],
    [
      277.9843444824219,
      278.8717041015625
    ],
    [
      279.1321716308594,
      281.370849609375
    ],
    [
      279.8888854980469,
      283.89556884765625
    ],
    [
      280.51275634765625,
      286.1688537597656
    ],
    [
      280.70318603515625,
      288.7574462890625
    ],
    [
      280.6266784667969,
      291.4178466796875
    ],
    [
      280.404296875,
      293.9027099609375
    ],
    [
      280.1074523925781,
      295.89898681640625
    ],
    [
      279.8412170410156,
      297.313232421875
    ],
    [
      279.6257019042969,
      298.2654724121094
    ],
    [
      279.45550537109375,
      298.9082946777344
    ],
    [
      279.3077087402344,
      299.35418701171875
    ],
    [
      279.17633056640625,
      299.6714172363281
    ],
    [
      279.04339599609375,
      299.9100036621094
    ],
    [
      278.8948669433594,
      300.0771179199219
    ]
  ],
  "visible_prob": [
    1.0,
    1.0,
    1.0,
    1.0,
    1.0,
    1.0,
    1.0,
    1.0,
    1.0,
    1.0,
    1.0,
    1.0,
    1.0,
    1.0,
    1.0,
    1.0,
    1.0,
    1.0,
    1.0,
    1.0,
    1.0,
    1.0,
    1.0,
    1.0
  ],
  "ball_metrics": {
    "launch_angle_deg": 6.8,
    "launch_direction_deg": -1.3,
    "ball_speed_ms": 91.0,
    "carry_m": 201.9,
    "apex_m": 6.4,
    "descent_angle_deg": 7.1,
    "time_of_flight_s": 2.23
  },
  "spin": null,
  "metrics": {
    "sequence": 8,
    "rmse_2d_measured": 0.0,
    "rmse_2d_filtered": 0.0,
    "rmse_3d": 9.98995304107666,
    "visibility_f1": 1.0,
    "smoothness_filtered": 4.494393348693848,
    "carry_err_m": 21.542451306829044,
    "apex_err_m": 4.090311573818326,
    "visible_prob_mean": 1.0,
    "visible_prob_max": 1.0,
    "gt_visible_rate": 1.0,
    "ball_launch_angle_deg": 6.8,
    "ball_launch_direction_deg": -1.3,
    "ball_ball_speed_ms": 91.0,
    "ball_carry_m": 201.9,
    "ball_apex_m": 6.4,
    "ball_descent_angle_deg": 7.1,
    "ball_time_of_flight_s": 2.23,
    "spin_backspin_rpm": 0.0,
    "spin_sidespin_rpm": 0.0
  }
}