{
  "measured_uv": [
    [
      236.0,
      222.0
    ],
    [
      240.0,
      274.0
    ],
    [
      240.0,
      308.0
    ],
    [
      242.0,
      332.0
    ],
    [
      242.0,
      354.0
    ],
    [
      242.0,
      368.0
    ],
    [
      242.0,
      380.0
    ],
    [
      242.0,
      390.0
    ],
    [
      244.0,
      400.0
    ],
    [
      242.0,
      406.0
    ],
    [
      242.0,
      412.0
    ],
    [
      242.0,
      420.0
    ],
    [
      244.0,
      422.0
    ],
    [
      242.0,
      428.0
    ],
    [
      242.0,
      432.0
    ],
    [
      242.0,
      434.0
    ],
    [
      244.0,
      438.0
    ],
    [
      244.0,
      442.0
    ],
    [
      242.0,
      444.0
    ],
    [
      242.0,
      448.0
    ],
    [
      244.0,
      450.0
    ],
    [
      242.0,
      452.0
    ],
    [
      242.0,
      454.0
    ],
    [
      244.0,
      456.0
    ]
  ],
  "filtered_uv": [
    [
      236.0,
      222.0
    ],
    [
      240.0,
      274.0
    ],
    [
      240.0,
      308.0
    ],
    [
      242.0,
      332.0
    ],
    [
      242.0,
      354.0
    ],
    [
      242.0,
      368.0
    ],
    [
      242.0,
      380.0
    ],
    [
      242.0,
      390.0
    ],
    [
      244.0,
      400.0
    ],
    [
      242.0,
      406.0
    ],
    [
      242.0,
      412.0
    ],
    [
      242.0,
      420.0
    ],
    [
      244.0,
      422.0
    ],
    [
      242.0,
      428.0
    ],
    [
      242.0,
      432.0
    ],
    [
      242.0,
      434.0
    ],
    [
      244.0,
      438.0
    ],
    [
      244.0,
      442.0
    ],
    [
      242.0,
      444.0
    ],
    [
      242.0,
      448.0
    ],
    [
      244.0,
      450.0
    ],
    [
      242.0,
      452.0
    ],
    [
      242.0,
      454.0
    ],
    [
      244.0,
      456.0
    ]
  ],
  "xyz_pred": [
    [
      -0.06867387145757675,
      0.5579701066017151,
      5.485023021697998
    ],
    [
      -0.11766750365495682,
      0.8600879907608032,
      9.054516792297363
    ],
    [
      -0.1213090717792511,
      1.0538017749786377,
      10.744780540466309
    ],
    [
      -0.17023885250091553,
      1.2611587047576904,
      12.014634132385254
    ],
    [
      -0.23145678639411926,
      1.4802157878875732,
      13.178709983825684
    ],
    [
      -0.3196863532066345,
      1.6902797222137451,
      14.470946311950684
    ],
    [
      -0.43275514245033264,
      1.8732054233551025,
      15.894669532775879
    ],
    [
      -0.5439120531082153,
      2.0325229167938232,
      17.24344825744629
    ],
    [
      -0.6456034779548645,
      2.1774179935455322,
      18.50105857849121
    ],
    [
      -0.743532121181488,
      2.3134472370147705,
      19.734622955322266
    ],
    [
      -0.832755446434021,
      2.461651563644409,
      20.967731475830078
    ],
    [
      -0.9145544767379761,
      2.6008713245391846,
      22.154356002807617
    ],
    [
      -0.9789131879806519,
      2.772660970687866,
      23.279890060424805
    ],
    [
      -1.0287666320800781,
      2.9722752571105957,
      24.382844924926758
    ],
    [
      -1.0695395469665527,
      3.183457851409912,
      25.4739933013916
    ],
    [
      -1.1041252613067627,
      3.389080762863159,
      26.533010482788086
    ],
    [
      -1.1324095726013184,
      3.5716519355773926,
      27.51365852355957
    ],
    [
      -1.1553643941879272,
      3.716928243637085,
      28.355249404907227
    ],
    [
      -1.1719409227371216,
      3.8255503177642822,
      29.01637840270996
    ],
    [
      -1.1813862323760986,
      3.902470827102661,
      29.488195419311523
    ],
    [
      -1.185922384262085,
      3.952065944671631,
      29.79720687866211
    ],
    [
      -1.1841588020324707,
      3.970825433731079,
      29.93064308166504
    ],
    [
      -1.1776691675186157,
      3.966240406036377,
      29.931848526000977
    ],
    [
      -1.1678732633590698,
      3.951937437057495,
      29.875322341918945
    ]
  ],
  "uv_reprojected": [
    [
      262.5975341796875,
      176.400634765625
    ],
    [
      262.8858947753906,
      224.46994018554688
    ],
    [
      261.85101318359375,
      238.5032958984375
    ],
    [
      263.59820556640625,
      249.0833282470703
    ],
    [
      265.65753173828125,
      258.1164245605469
    ],
    [
      268.4056396484375,
      265.27044677734375
    ],
    [
      271.52154541015625,
      270.242919921875
    ],
    [
      274.1409912109375,
      273.7811584472656
    ],
    [
      276.17529296875,
      276.51434326171875
    ],
    [
      277.8628845214844,
      278.6986999511719
    ],
    [
      279.1004943847656,
      280.9239196777344
    ],
    [
      280.0501403808594,
      282.7528381347656
    ],
    [
      280.5166320800781,
      285.1892395019531
    ],
    [
      280.60308837890625,
      288.0152282714844
    ],
    [
      280.4776611328125,
      290.8455810546875
    ],
    [
      280.25177001953125,
      293.3827209472656
    ],
    [
      279.9755554199219,
      295.4121398925781
    ],
    [
      279.72552490234375,
      296.8359069824219
    ],
    [
      279.5088195800781,
      297.7993469238281
    ],
    [
      279.31103515625,
      298.4501037597656
    ],
    [
      279.15130615234375,
      298.8516845703125
    ],
    [
      279.00787353515625,
      298.9770812988281
    ],
    [
      278.8753356933594,
      298.8968811035156
    ],
    [
      278.7215576171875,
      298.7348327636719
    ]
  ],
  "visible_prob": [
    1.0,
    1.0,
    1.0,
    1.0,
    1.0,
    1.0,
    1.0,
    1.0,
    1.0,
    1.0,
    1.0,
    1.0,
    1.0,
    1.0,
    1.0,
    1.0,
    1.0,
    1.0,
    1.0,
    1.0,
    1.0,
    1.0,
    1.0,
    1.0
  ],
  "ball_metrics": {
    "launch_angle_deg": 6.8,
    "launch_direction_deg": -1.2,
    "ball_speed_ms": 91.0,
    "carry_m": 204.0,
    "apex_m": 6.53,
    "descent_angle_deg": 7.1,
    "time_of_flight_s": 2.26
  },
  "spin": null,
  "metrics": {
    "sequence": 5,
    "rmse_2d_measured": 0.0,
    "rmse_2d_filtered": 0.0,
    "rmse_3d": 9.813844680786133,
    "visibility_f1": 1.0,
    "smoothness_filtered": 4.238452911376953,
    "carry_err_m": 20.654370230159998,
    "apex_err_m": 3.9217426478862762,
    "visible_prob_mean": 1.0,
    "visible_prob_max": 1.0,
    "gt_visible_rate": 1.0,
    "ball_launch_angle_deg": 6.8,
    "ball_launch_direction_deg": -1.2,
    "ball_ball_speed_ms": 91.0,
    "ball_carry_m": 204.0,
    "ball_apex_m": 6.53,
    "ball_descent_angle_deg": 7.1,
    "ball_time_of_flight_s": 2.26,
    "spin_backspin_rpm": 0.0,
    "spin_sidespin_rpm": 0.0
  }
}