{
  "measured_uv": [
    [
      294.0,
      390.0
    ],
    [
      311.0,
      309.0
    ],
    [
      327.0,
      247.0
    ],
    [
      337.0,
      201.0
    ],
    [
      347.0,
      163.0
    ],
    [
      355.0,
      134.0
    ],
    [
      361.0,
      106.0
    ],
    [
      367.0,
      84.0
    ],
    [
      370.0,
      66.0
    ],
    [
      376.0,
      49.0
    ],
    [
      380.0,
      36.0
    ],
    [
      384.0,
      21.0
    ],
    [
      387.0,
      11.0
    ],
    [
      389.0,
      1.0
    ],
    [
      0.0,
      0.0
    ],
    [
      0.0,
      0.0
    ],
    [
      0.0,
      0.0
    ],
    [
      0.0,
      0.0
    ],
    [
      0.0,
      0.0
    ],
    [
      0.0,
      0.0
    ],
    [
      0.0,
      0.0
    ],
    [
      0.0,
      0.0
    ],
    [
      0.0,
      0.0
    ],
    [
      0.0,
      0.0
    ]
  ],
  "filtered_uv": [
    [
      294.0,
      390.0
    ],
    [
      311.0,
      309.0
    ],
    [
      327.0,
      247.0
    ],
    [
      337.0,
      201.0
    ],
    [
      347.0,
      163.0
    ],
    [
      355.0,
      134.0
    ],
    [
      361.0,
      106.0
    ],
    [
      367.0,
      84.0
    ],
    [
      370.0,
      66.0
    ],
    [
      376.0,
      49.0
    ],
    [
      380.0,
      36.0
    ],
    [
      384.0,
      21.0
    ],
    [
      387.0,
      11.0
    ],
    [
      389.0,
      1.0
    ],
    [
      0.0,
      0.0
    ],
    [
      0.0,
      0.0
    ],
    [
      0.0,
      0.0
    ],
    [
      0.0,
      0.0
    ],
    [
      0.0,
      0.0
    ],
    [
      0.0,
      0.0
    ],
    [
      0.0,
      0.0
    ],
    [
      0.0,
      0.0
    ],
    [
      0.0,
      0.0
    ],
    [
      0.0,
      0.0
    ]
  ],
  "xyz_pred": [
    [
      -0.20574010908603668,
      0.5914709568023682,
      6.880408763885498
    ],
    [
      -0.11480633169412613,
      0.8227604627609253,
      8.708251953125
    ],
    [
      0.1449679732322693,
      1.089000940322876,
      7.804372310638428
    ],
    [
      0.35747215151786804,
      1.420250654220581,
      7.093506813049316
    ],
    [
      0.5386599898338318,
      1.7965574264526367,
      6.877729892730713
    ],
    [
      0.6627852320671082,
      2.173288106918335,
      7.155507564544678
    ],
    [
      0.7538214325904846,
      2.5557377338409424,
      7.715916156768799
    ],
    [
      0.8263431787490845,
      2.926917791366577,
      8.372261047363281
    ],
    [
      0.8860966563224792,
      3.2624306678771973,
      9.020767211914062
    ],
    [
      0.9369389414787292,
      3.5634686946868896,
      9.656899452209473
    ],
    [
      0.9798077940940857,
      3.8339054584503174,
      10.285605430603027
    ],
    [
      1.017979621887207,
      4.0837249755859375,
      10.911155700683594
    ],
    [
      1.0525187253952026,
      4.316091060638428,
      11.535564422607422
    ],
    [
      1.0853632688522339,
      4.535030364990234,
      12.160943984985352
    ],
    [
      0.9984914660453796,
      4.753473281860352,
      14.007787704467773
    ],
    [
      0.9209690690040588,
      4.938539505004883,
      15.603841781616211
    ],
    [
      0.8512977361679077,
      5.118927001953125,
      17.13090705871582
    ],
    [
      0.7844277024269104,
      5.292773246765137,
      18.638635635375977
    ],
    [
      0.7158045172691345,
      5.450720310211182,
      20.14085578918457
    ],
    [
      0.6391976475715637,
      5.575740814208984,
      21.63736915588379
    ],
    [
      0.5499070286750793,
      5.657341480255127,
      23.114782333374023
    ],
    [
      0.4366533160209656,
      5.679256916046143,
      24.5515079498291
    ],
    [
      0.29730308055877686,
      5.647860527038574,
      25.92314338684082
    ],
    [
      0.1358572244644165,
      5.572072982788086,
      27.2139949798584
    ]
  ],
  "uv_reprojected": [
    [
      116.71776580810547,
      414.32537841796875
    ],
    [
      91.51188659667969,
      470.2249755859375
    ],
    [
      43.6307373046875,
      517.2744140625
    ],
    [
      -4.3411712646484375,
      587.858154296875
    ],
    [
      -46.442474365234375,
      670.885498046875
    ],
    [
      -68.01154327392578,
      741.1718139648438
    ],
    [
      -75.65689849853516,
      795.9034423828125
    ],
    [
      -77.16934967041016,
      837.265625
    ],
    [
      -76.4583511352539,
      867.151611328125
    ],
    [
      -74.64046478271484,
      888.310302734375
    ],
    [
      -71.9830093383789,
      902.7939453125
    ],
    [
      -69.02355194091797,
      912.96337890625
    ],
    [
      -65.9239273071289,
      919.8565673828125
    ],
    [
      -62.921775817871094,
      924.3905029296875
    ],
    [
      -35.83123779296875,
      890.6595458984375
    ],
    [
      -17.348648071289062,
      867.5924072265625
    ],
    [
      -3.284912109375,
      849.8297119140625
    ],
    [
      8.184612274169922,
      834.8130493164062
    ],
    [
      18.053951263427734,
      820.9774169921875
    ],
    [
      27.097652435302734,
      806.9166259765625
    ],
    [
      35.76828384399414,
      792.1715087890625
    ],
    [
      44.82183074951172,
      776.1083984375
    ],
    [
      54.344970703125,
      759.478759765625
    ],
    [
      64.10917663574219,
      742.8714599609375
    ]
  ],
  "visible_prob": [
    1.0,
    1.0,
    1.0,
    1.0,
    1.0,
    1.0,
    1.0,
    1.0,
    1.0,
    1.0,
    1.0,
    1.0,
    1.0,
    1.0,
    0.0,
    0.0,
    0.0,
    0.0,
    0.0,
    0.0,
    0.0,
    0.0,
    0.0,
    0.0
  ],
  "ball_metrics": {
    "launch_angle_deg": 58.3,
    "launch_direction_deg": 90.0,
    "ball_speed_ms": 21.2,
    "carry_m": 41.5,
    "apex_m": 17.25,
    "descent_angle_deg": 58.7,
    "time_of_flight_s": 3.72
  },
  "spin": null,
  "metrics": {
    "sequence": 6,
    "rmse_2d_measured": 0.0,
    "rmse_2d_filtered": 0.0,
    "rmse_3d": 6.233053684234619,
    "visibility_f1": 1.0,
    "smoothness_filtered": 39.200374603271484,
    "carry_err_m": 16.605747199650338,
    "apex_err_m": 5.667006951756775,
    "visible_prob_mean": 0.5833333134651184,
    "visible_prob_max": 1.0,
    "gt_visible_rate": 0.5833333134651184,
    "ball_launch_angle_deg": 58.3,
    "ball_launch_direction_deg": 90.0,
    "ball_ball_speed_ms": 21.2,
    "ball_carry_m": 41.5,
    "ball_apex_m": 17.25,
    "ball_descent_angle_deg": 58.7,
    "ball_time_of_flight_s": 3.72,
    "spin_backspin_rpm": 0.0,
    "spin_sidespin_rpm": 0.0
  }
}