{
  "rmse_2d_measured": 0.0,
  "rmse_2d_filtered": 0.0,
  "rmse_3d": 6.020441605494573,
  "visibility_f1": 0.9230769230769231,
  "smoothness_filtered": 20.268141269683838,
  "carry_err_m": 14.525000025196693,
  "apex_err_m": 5.337315154261887,
  "visible_prob_mean": 0.6987179517745972,
  "visible_prob_max": 0.9230769230769231,
  "gt_visible_rate": 0.6987179517745972,
  "ball_launch_angle_deg": 36.223076923076924,
  "ball_launch_direction_deg": 33.95384615384615,
  "ball_ball_speed_ms": 35.56153846153847,
  "ball_carry_m": 92.06153846153846,
  "ball_apex_m": 13.185384615384615,
  "ball_descent_angle_deg": 36.669230769230765,
  "ball_time_of_flight_s": 3.2299999999999995,
  "spin_backspin_rpm": 0.0,
  "spin_sidespin_rpm": 0.0
}