sequence,rmse_2d_measured,rmse_2d_filtered,rmse_3d,visibility_f1,smoothness_filtered,carry_err_m,apex_err_m,visible_prob_mean,visible_prob_max,gt_visible_rate,ball_launch_angle_deg,ball_launch_direction_deg,ball_ball_speed_ms,ball_carry_m,ball_apex_m,ball_descent_angle_deg,ball_time_of_flight_s,spin_backspin_rpm,spin_sidespin_rpm
0,220.46006774902344,179.70559692382812,7.815541744232178,1.0,35.461265563964844,14.080704218574535,4.391018353402615,1.0,1.0,1.0,7.7,-0.1,84.4,196.6,7.07,8.0,2.35,0.0,0.0
1,212.2847900390625,205.43386840820312,6.340620994567871,1.0,54.354713439941406,14.40339626867518,5.3793393187224865,1.0,1.0,1.0,8.4,-0.0,86.6,225.9,8.83,8.7,2.64,0.0,0.0
2,205.99502563476562,236.04287719726562,6.872523307800293,0.9565217391304348,49.540626525878906,17.06962698493091,5.284054605290294,1.0,1.0,0.9166666865348816,12.2,2.8,57.0,139.6,7.98,12.7,2.5,0.0,0.0
3,228.4559783935547,218.59706115722656,9.266519546508789,1.0,59.70256042480469,20.772346684800397,5.209323316812515,1.0,1.0,1.0,20.0,6.2,67.0,295.7,27.39,20.2,4.7,0.0,0.0
4,211.86050415039062,213.5224609375,9.489601135253906,1.0,103.70870971679688,22.96740814513763,4.832708885893226,1.0,1.0,1.0,9.7,0.4,85.7,252.7,11.27,10.0,2.99,0.0,0.0
5,212.2847900390625,205.43386840820312,6.8574113845825195,1.0,54.354713439941406,14.360090283233042,5.371187180280685,1.0,1.0,1.0,8.4,-0.0,86.6,225.9,8.83,8.7,2.64,0.0,0.0
6,205.99502563476562,236.04287719726562,7.372520923614502,0.9565217391304348,49.540626525878906,17.070281102922554,5.273859662935138,1.0,1.0,0.9166666865348816,12.2,2.8,57.0,139.6,7.98,12.7,2.5,0.0,0.0
7,228.4559783935547,218.59706115722656,9.723140716552734,1.0,59.70256042480469,20.741402862849156,5.198406597599387,1.0,1.0,1.0,20.0,6.2,67.0,295.7,27.39,20.2,4.7,0.0,0.0
8,211.86050415039062,213.5224609375,9.972394943237305,1.0,103.70870971679688,22.910278307875746,4.839151905849576,1.0,1.0,1.0,9.7,0.4,85.7,252.7,11.27,10.0,2.99,0.0,0.0
