sequence,rmse_2d_measured,rmse_2d_filtered,rmse_3d,visibility_f1,smoothness_filtered,carry_err_m,apex_err_m,visible_prob_mean,visible_prob_max,gt_visible_rate,ball_launch_angle_deg,ball_launch_direction_deg,ball_ball_speed_ms,ball_carry_m,ball_apex_m,ball_descent_angle_deg,ball_time_of_flight_s,spin_backspin_rpm,spin_sidespin_rpm
0,230.12344360351562,198.79995727539062,9.027022361755371,1.0,71.79004669189453,19.27662772113063,4.805895768105984,1.0,1.0,1.0,17.1,5.7,44.4,114.8,9.29,17.7,2.71,0.0,0.0
1,216.67666625976562,207.72622680664062,6.441819190979004,1.0,38.6461181640625,14.645617886542642,5.316636186093092,1.0,1.0,1.0,8.4,-0.0,86.6,225.9,8.83,8.7,2.64,0.0,0.0
2,215.3539276123047,240.48880004882812,6.761942386627197,0.9565217391304348,51.720237731933594,16.841984301787676,5.315545408055186,1.0,1.0,0.9166666865348816,12.2,2.8,57.0,139.6,7.98,12.7,2.5,0.0,0.0
3,234.99151611328125,228.60086059570312,8.556273460388184,1.0,69.9112777709961,19.342485569475794,5.496255308389664,1.0,1.0,1.0,20.0,6.2,67.0,295.7,27.39,20.2,4.7,0.0,0.0
4,222.04806518554688,226.88719177246094,9.489680290222168,1.0,94.00334930419922,22.85243680243472,4.838401844725013,1.0,1.0,1.0,10.4,0.7,81.7,245.5,11.72,10.7,3.05,0.0,0.0
5,216.67666625976562,207.72622680664062,6.95851469039917,1.0,38.6461181640625,14.602311901100503,5.308484047651291,1.0,1.0,1.0,8.4,-0.0,86.6,225.9,8.83,8.7,2.64,0.0,0.0
6,215.3539276123047,240.48880004882812,7.2613420486450195,0.9565217391304348,51.720237731933594,16.84263841977932,5.30535046570003,1.0,1.0,0.9166666865348816,12.2,2.8,57.0,139.6,7.98,12.7,2.5,0.0,0.0
7,234.99151611328125,228.60086059570312,9.0135498046875,1.0,69.9112777709961,19.311541747524554,5.485338589176536,1.0,1.0,1.0,20.0,6.2,67.0,295.7,27.39,20.2,4.7,0.0,0.0
8,222.04806518554688,226.88719177246094,9.972586631774902,1.0,94.00334930419922,22.795306965172838,4.844844864681363,1.0,1.0,1.0,10.4,0.7,81.7,245.5,11.72,10.7,3.05,0.0,0.0
