{
  "measured_uv": [
    [
      167.66976928710938,
      339.7166442871094
    ],
    [
      292.3189392089844,
      237.02748107910156
    ],
    [
      204.00399780273438,
      220.0773162841797
    ],
    [
      175.990234375,
      92.03218841552734
    ],
    [
      175.95855712890625,
      96.10911560058594
    ],
    [
      159.97938537597656,
      324.04736328125
    ],
    [
      143.978515625,
      320.0134582519531
    ],
    [
      147.98507690429688,
      323.8807067871094
    ],
    [
      147.99093627929688,
      316.05853271484375
    ],
    [
      156.1567840576172,
      96.10498046875
    ],
    [
      203.9508514404297,
      111.96553802490234
    ],
    [
      147.9958953857422,
      75.92643737792969
    ],
    [
      140.1902618408203,
      68.8648681640625
    ],
    [
      155.9751739501953,
      312.0309753417969
    ],
    [
      135.96609497070312,
      63.91669464111328
    ],
    [
      216.0084991455078,
      104.01846313476562
    ],
    [
      180.05088806152344,
      72.02454376220703
    ],
    [
      207.998046875,
      103.99002838134766
    ],
    [
      204.03228759765625,
      103.9763412475586
    ],
    [
      172.00350952148438,
      116.0670166015625
    ],
    [
      120.01213836669922,
      44.01333236694336
    ],
    [
      128.04217529296875,
      36.02546691894531
    ],
    [
      128.06382751464844,
      40.1806526184082
    ],
    [
      128.01979064941406,
      44.1169548034668
    ]
  ],
  "filtered_uv": [
    [
      167.66976928710938,
      339.7166442871094
    ],
    [
      167.66976928710938,
      339.7166442871094
    ],
    [
      203.12649536132812,
      222.96673583984375
    ],
    [
      203.13156127929688,
      222.95004272460938
    ],
    [
      176.60523986816406,
      99.1268081665039
    ],
    [
      176.5921173095703,
      99.02519989013672
    ],
    [
      176.57899475097656,
      98.92359161376953
    ],
    [
      176.5658721923828,
      98.82198333740234
    ],
    [
      148.33749389648438,
      313.42144775390625
    ],
    [
      148.28164672851562,
      313.6448974609375
    ],
    [
      148.22579956054688,
      313.86834716796875
    ],
    [
      148.16995239257812,
      314.091796875
    ],
    [
      148.11410522460938,
      314.31524658203125
    ],
    [
      155.8985137939453,
      312.0552673339844
    ],
    [
      155.86404418945312,
      312.2719421386719
    ],
    [
      155.82957458496094,
      312.4886169433594
    ],
    [
      155.79510498046875,
      312.7052917480469
    ],
    [
      207.3704376220703,
      106.50025939941406
    ],
    [
      204.1909942626953,
      104.06387329101562
    ],
    [
      173.46942138671875,
      115.49578094482422
    ],
    [
      122.434814453125,
      47.228233337402344
    ],
    [
      127.7764892578125,
      36.4929084777832
    ],
    [
      128.04052734375,
      39.97113037109375
    ],
    [
      128.0105743408203,
      43.88785934448242
    ]
  ],
  "xyz_pred": [
    [
      -0.2079533040523529,
      0.5815943479537964,
      6.924581527709961
    ],
    [
      -0.2597275376319885,
      0.800042450428009,
      10.09007740020752
    ],
    [
      -0.12010575085878372,
      0.956427812576294,
      10.119070053100586
    ],
    [
      -0.03654959052801132,
      1.1835143566131592,
      10.19176197052002
    ],
    [
      0.07178227603435516,
      1.4528412818908691,
      9.737521171569824
    ],
    [
      0.14814983308315277,
      1.7736966609954834,
      10.008172035217285
    ],
    [
      0.18810686469078064,
      2.0958778858184814,
      10.700643539428711
    ],
    [
      0.203547865152359,
      2.400604724884033,
      11.603954315185547
    ],
    [
      -0.07459914684295654,
      2.6093921661376953,
      14.563706398010254
    ],
    [
      -0.32406675815582275,
      2.7508106231689453,
      16.995681762695312
    ],
    [
      -0.5316388010978699,
      2.8869478702545166,
      19.1247501373291
    ],
    [
      -0.7003668546676636,
      3.037259340286255,
      21.060380935668945
    ],
    [
      -0.8384846448898315,
      3.218397617340088,
      22.848237991333008
    ],
    [
      -0.9420694708824158,
      3.424302816390991,
      24.481504440307617
    ],
    [
      -1.0279955863952637,
      3.634084463119507,
      26.01104164123535
    ],
    [
      -1.0969616174697876,
      3.824366807937622,
      27.44407081604004
    ],
    [
      -1.1493715047836304,
      3.9856722354888916,
      28.73666763305664
    ],
    [
      -1.0233367681503296,
      4.125786781311035,
      28.563722610473633
    ],
    [
      -0.8813806772232056,
      4.300661087036133,
      28.51028060913086
    ],
    [
      -0.8136891722679138,
      4.448988914489746,
      28.91534996032715
    ],
    [
      -0.7503110766410828,
      4.579926013946533,
      29.240495681762695
    ],
    [
      -0.7027023434638977,
      4.687382221221924,
      29.528120040893555
    ],
    [
      -0.673276960849762,
      4.767528533935547,
      29.769445419311523
    ],
    [
      -0.6579282879829407,
      4.824697971343994,
      29.967193603515625
    ]
  ],
  "uv_reprojected": [
    [
      273.2235107421875,
      194.4875030517578
    ],
    [
      270.6200866699219,
      224.556396484375
    ],
    [
      262.2024841308594,
      232.55633544921875
    ],
    [
      257.1761779785156,
      244.12448120117188
    ],
    [
      250.5266876220703,
      257.7784118652344
    ],
    [
      246.01731872558594,
      274.1176452636719
    ],
    [
      244.33270263671875,
      288.29608154296875
    ],
    [
      244.35562133789062,
      299.1495666503906
    ],
    [
      258.1083068847656,
      297.5172424316406
    ],
    [
      266.5705871582031,
      295.6935729980469
    ],
    [
      271.86865234375,
      294.8079528808594
    ],
    [
      275.1799011230469,
      294.8034973144531
    ],
    [
      277.2690734863281,
      295.74798583984375
    ],
    [
      278.3509521484375,
      297.33575439453125
    ],
    [
      278.9824523925781,
      298.9756164550781
    ],
    [
      279.2550964355469,
      300.2292785644531
    ],
    [
      279.2707824707031,
      301.0688171386719
    ],
    [
      276.7402038574219,
      303.8592834472656
    ],
    [
      273.759521484375,
      307.0913391113281
    ],
    [
      272.0761413574219,
      308.9880065917969
    ],
    [
      270.5710144042969,
      310.6803894042969
    ],
    [
      269.4409484863281,
      312.0012512207031
    ],
    [
      268.72406005859375,
      312.9176025390625
    ],
    [
      268.32269287109375,
      313.51214599609375
    ]
  ],
  "visible_prob": [
    1.0,
    1.0,
    1.0,
    1.0,
    1.0,
    1.0,
    1.0,
    1.0,
    1.0,
    1.0,
    1.0,
    1.0,
    1.0,
    1.0,
    1.0,
    1.0,
    1.0,
    1.0,
    1.0,
    1.0,
    1.0,
    1.0,
    1.0,
    1.0
  ],
  "ball_metrics": {
    "launch_angle_deg": 17.1,
    "launch_direction_deg": 5.7,
    "ball_speed_ms": 44.4,
    "carry_m": 114.8,
    "apex_m": 9.29,
    "descent_angle_deg": 17.7,
    "time_of_flight_s": 2.71
  },
  "spin": null,
  "metrics": {
    "sequence": 0,
    "rmse_2d_measured": 230.12344360351562,
    "rmse_2d_filtered": 198.79995727539062,
    "rmse_3d": 9.027022361755371,
    "visibility_f1": 1.0,
    "smoothness_filtered": 71.79004669189453,
    "carry_err_m": 19.27662772113063,
    "apex_err_m": 4.805895768105984,
    "visible_prob_mean": 1.0,
    "visible_prob_max": 1.0,
    "gt_visible_rate": 1.0,
    "ball_launch_angle_deg": 17.1,
    "ball_launch_direction_deg": 5.7,
    "ball_ball_speed_ms": 44.4,
    "ball_carry_m": 114.8,
    "ball_apex_m": 9.29,
    "ball_descent_angle_deg": 17.7,
    "ball_time_of_flight_s": 2.71,
    "spin_backspin_rpm": 0.0,
    "spin_sidespin_rpm": 0.0
  }
}