{
  "measured_uv": [
    [
      303.9389343261719,
      428.0346984863281
    ],
    [
      300.1658630371094,
      380.1971130371094
    ],
    [
      299.9618835449219,
      327.9794616699219
    ],
    [
      296.1531677246094,
      288.27056884765625
    ],
    [
      296.0395202636719,
      256.1787414550781
    ],
    [
      296.0298767089844,
      232.18838500976562
    ],
    [
      292.73876953125,
      212.06863403320312
    ],
    [
      295.9875183105469,
      196.08045959472656
    ],
    [
      296.02960205078125,
      184.08645629882812
    ],
    [
      296.0321350097656,
      172.14405822753906
    ],
    [
      296.0140686035156,
      160.12216186523438
    ],
    [
      296.04608154296875,
      152.14405822753906
    ],
    [
      296.0342712402344,
      144.1194305419922
    ],
    [
      296.0658874511719,
      136.2550048828125
    ],
    [
      296.0447998046875,
      132.0564422607422
    ],
    [
      296.07763671875,
      124.24803161621094
    ],
    [
      296.0464782714844,
      120.07333374023438
    ],
    [
      296.0599670410156,
      112.19393157958984
    ],
    [
      296.0975646972656,
      108.2367935180664
    ],
    [
      296.2029724121094,
      104.25425720214844
    ],
    [
      296.42047119140625,
      100.13093566894531
    ],
    [
      300.0230712890625,
      96.05348205566406
    ],
    [
      300.02630615234375,
      92.06494903564453
    ],
    [
      300.03289794921875,
      92.04275512695312
    ]
  ],
  "filtered_uv": [
    [
      303.9389343261719,
      428.0346984863281
    ],
    [
      300.3421630859375,
      382.4324951171875
    ],
    [
      299.97918701171875,
      330.459228515625
    ],
    [
      296.32733154296875,
      290.1905212402344
    ],
    [
      296.0525207519531,
      257.72503662109375
    ],
    [
      296.0307922363281,
      233.347412109375
    ],
    [
      292.8883972167969,
      213.03244018554688
    ],
    [
      295.8462829589844,
      196.84597778320312
    ],
    [
      296.02117919921875,
      184.65997314453125
    ],
    [
      296.0315856933594,
      172.70529174804688
    ],
    [
      296.0148010253906,
      160.68511962890625
    ],
    [
      296.0445861816406,
      152.5219268798828
    ],
    [
      296.03466796875,
      144.4899139404297
    ],
    [
      296.06439208984375,
      136.61671447753906
    ],
    [
      296.0456237792969,
      132.25013732910156
    ],
    [
      296.07611083984375,
      124.59719848632812
    ],
    [
      296.0477600097656,
      120.26335144042969
    ],
    [
      296.0593566894531,
      112.54396057128906
    ],
    [
      296.09576416015625,
      108.41471099853516
    ],
    [
      296.19805908203125,
      104.42469787597656
    ],
    [
      296.4103698730469,
      100.30658721923828
    ],
    [
      299.8594055175781,
      96.22639465332031
    ],
    [
      300.01959228515625,
      92.2327880859375
    ],
    [
      300.0331726074219,
      92.02981567382812
    ]
  ],
  "xyz_pred": [
    [
      -0.19231435656547546,
      0.5428225994110107,
      6.720496654510498
    ],
    [
      -0.23069430887699127,
      0.7556959390640259,
      9.663138389587402
    ],
    [
      -0.15203969180583954,
      0.9202420115470886,
      10.35618782043457
    ],
    [
      -0.025124359875917435,
      1.1489986181259155,
      9.843304634094238
    ],
    [
      0.06797466427087784,
      1.4350835084915161,
      9.602017402648926
    ],
    [
      0.14793649315834045,
      1.7620410919189453,
      9.88025188446045
    ],
    [
      0.29919686913490295,
      2.1270406246185303,
      9.861065864562988
    ],
    [
      0.4135490953922272,
      2.4863409996032715,
      10.253252029418945
    ],
    [
      0.5039216876029968,
      2.828874349594116,
      10.817137718200684
    ],
    [
      0.5773722529411316,
      3.152991533279419,
      11.4442720413208
    ],
    [
      0.6468630433082581,
      3.460096597671509,
      12.04377269744873
    ],
    [
      0.7140164375305176,
      3.755624532699585,
      12.617093086242676
    ],
    [
      0.7774502038955688,
      4.040407180786133,
      13.18520450592041
    ],
    [
      0.844893217086792,
      4.320176124572754,
      13.765458106994629
    ],
    [
      0.9050812125205994,
      4.5871429443359375,
      14.372354507446289
    ],
    [
      0.9612619876861572,
      4.84322452545166,
      14.98171615600586
    ],
    [
      1.01320219039917,
      5.087353706359863,
      15.596575736999512
    ],
    [
      1.0642787218093872,
      5.319370269775391,
      16.18265724182129
    ],
    [
      1.1105797290802002,
      5.534777641296387,
      16.769086837768555
    ],
    [
      1.1445188522338867,
      5.723878860473633,
      17.357362747192383
    ],
    [
      1.1684653759002686,
      5.8868608474731445,
      17.94938087463379
    ],
    [
      1.1805737018585205,
      6.021154403686523,
      18.537355422973633
    ],
    [
      1.1805275678634644,
      6.127745628356934,
      19.131277084350586
    ],
    [
      1.1684095859527588,
      6.205600738525391,
      19.731548309326172
    ]
  ],
  "uv_reprojected": [
    [
      268.02032470703125,
      222.29556274414062
    ],
    [
      265.8625183105469,
      243.5338592529297
    ],
    [
      261.67987060546875,
      252.43618774414062
    ],
    [
      256.1613464355469,
      264.2013854980469
    ],
    [
      251.77896118164062,
      279.687255859375
    ],
    [
      248.1873016357422,
      295.9351806640625
    ],
    [
      241.19473266601562,
      314.9660949707031
    ],
    [
      236.64828491210938,
      330.61419677734375
    ],
    [
      233.80360412597656,
      342.8854064941406
    ],
    [
      232.04490661621094,
      352.56988525390625
    ],
    [
      230.562255859375,
      360.7687072753906
    ],
    [
      229.25100708007812,
      367.955078125
    ],
    [
      228.17144775390625,
      374.14666748046875
    ],
    [
      227.07310485839844,
      379.5301818847656
    ],
    [
      226.34693908691406,
      383.7821044921875
    ],
    [
      225.80613708496094,
      387.295654296875
    ],
    [
      225.44178771972656,
      390.0943603515625
    ],
    [
      225.07618713378906,
      392.5424499511719
    ],
    [
      224.86634826660156,
      394.3093566894531
    ],
    [
      224.9979705810547,
      395.1658935546875
    ],
    [
      225.3804931640625,
      395.19189453125
    ],
    [
      226.0227813720703,
      394.45440673828125
    ],
    [
      226.9234619140625,
      392.97772216796875
    ],
    [
      228.05703735351562,
      390.8004150390625
    ]
  ],
  "visible_prob": [
    0.9999746084213257,
    1.0,
    1.0,
    1.0,
    1.0,
    1.0,
    1.0,
    1.0,
    1.0,
    1.0,
    1.0,
    1.0,
    1.0,
    0.9241844415664673,
    1.0,
    1.0,
    0.999998927116394,
    1.0,
    1.0,
    1.0,
    1.0,
    1.0,
    1.0,
    1.0
  ],
  "ball_metrics": {
    "launch_angle_deg": 17.1,
    "launch_direction_deg": 5.2,
    "ball_speed_ms": 45.4,
    "carry_m": 120.2,
    "apex_m": 9.67,
    "descent_angle_deg": 17.6,
    "time_of_flight_s": 2.77
  },
  "spin": null,
  "metrics": {
    "sequence": 3,
    "rmse_2d_measured": 1.6566575765609741,
    "rmse_2d_filtered": 1.798517107963562,
    "rmse_3d": 3.189768075942993,
    "visibility_f1": 1.0,
    "smoothness_filtered": 3.886570930480957,
    "carry_err_m": 4.7665799561515545,
    "apex_err_m": 1.235548496246338,
    "visible_prob_mean": 0.9968399405479431,
    "visible_prob_max": 1.0,
    "gt_visible_rate": 1.0,
    "ball_launch_angle_deg": 17.1,
    "ball_launch_direction_deg": 5.2,
    "ball_ball_speed_ms": 45.4,
    "ball_carry_m": 120.2,
    "ball_apex_m": 9.67,
    "ball_descent_angle_deg": 17.6,
    "ball_time_of_flight_s": 2.77,
    "spin_backspin_rpm": 0.0,
    "spin_sidespin_rpm": 0.0
  }
}