{
  "measured_uv": [
    [
      160.165771484375,
      328.2739562988281
    ],
    [
      284.0825500488281,
      244.17593383789062
    ],
    [
      293.1907958984375,
      197.7052764892578
    ],
    [
      167.95706176757812,
      100.1295166015625
    ],
    [
      167.96432495117188,
      104.08006286621094
    ],
    [
      140.0161895751953,
      311.7699890136719
    ],
    [
      139.9091796875,
      307.893798828125
    ],
    [
      143.9855499267578,
      307.9082946777344
    ],
    [
      180.10360717773438,
      116.18494415283203
    ],
    [
      131.9951171875,
      136.0094451904297
    ],
    [
      147.994384765625,
      307.86572265625
    ],
    [
      143.96527099609375,
      91.96732330322266
    ],
    [
      140.0011444091797,
      83.9295654296875
    ],
    [
      131.97239685058594,
      87.97064208984375
    ],
    [
      151.98599243164062,
      307.80377197265625
    ],
    [
      152.05003356933594,
      304.04876708984375
    ],
    [
      192.03811645507812,
      116.05113983154297
    ],
    [
      192.0236053466797,
      115.96926879882812
    ],
    [
      187.99256896972656,
      115.96253204345703
    ],
    [
      123.9737319946289,
      35.97150802612305
    ],
    [
      135.9461212158203,
      63.96577072143555
    ],
    [
      123.9499282836914,
      59.941986083984375
    ],
    [
      124.59899139404297,
      64.68397521972656
    ],
    [
      168.0430450439453,
      132.1293182373047
    ]
  ],
  "filtered_uv": [
    [
      160.165771484375,
      328.2739562988281
    ],
    [
      160.165771484375,
      328.2739562988281
    ],
    [
      160.165771484375,
      328.2739562988281
    ],
    [
      160.165771484375,
      328.2739562988281
    ],
    [
      167.8686065673828,
      106.83160400390625
    ],
    [
      167.87184143066406,
      106.73866271972656
    ],
    [
      167.8750762939453,
      106.64572143554688
    ],
    [
      167.87831115722656,
      106.55278015136719
    ],
    [
      179.955322265625,
      116.06695556640625
    ],
    [
      134.172607421875,
      135.10086059570312
    ],
    [
      134.09423828125,
      135.0640869140625
    ],
    [
      143.7293243408203,
      92.98847961425781
    ],
    [
      140.16787719726562,
      84.33390808105469
    ],
    [
      132.34158325195312,
      87.7977294921875
    ],
    [
      132.25254821777344,
      87.63777160644531
    ],
    [
      132.16351318359375,
      87.47781372070312
    ],
    [
      191.08090209960938,
      115.59246063232422
    ],
    [
      191.9870147705078,
      115.94981384277344
    ],
    [
      188.17994689941406,
      115.95964813232422
    ],
    [
      126.88958740234375,
      39.595008850097656
    ],
    [
      135.52767944335938,
      62.84232711791992
    ],
    [
      124.46849060058594,
      60.05982971191406
    ],
    [
      124.58445739746094,
      64.46036529541016
    ],
    [
      166.0665283203125,
      129.05203247070312
    ]
  ],
  "xyz_pred": [
    [
      -0.20740464329719543,
      0.5837932825088501,
      6.907925605773926
    ],
    [
      -0.25589701533317566,
      0.8094972968101501,
      10.055859565734863
    ],
    [
      -0.22013765573501587,
      0.965521514415741,
      11.063614845275879
    ],
    [
      -0.19483639299869537,
      1.1574326753616333,
      11.689643859863281
    ],
    [
      -0.025660978630185127,
      1.3871439695358276,
      10.620213508605957
    ],
    [
      0.06792958825826645,
      1.6649754047393799,
      10.411210060119629
    ],
    [
      0.13724243640899658,
      1.9732028245925903,
      10.763092041015625
    ],
    [
      0.17429161071777344,
      2.2755367755889893,
      11.455037117004395
    ],
    [
      0.1923985630273819,
      2.5626189708709717,
      12.309915542602539
    ],
    [
      0.1264980435371399,
      2.7934017181396484,
      13.638493537902832
    ],
    [
      0.0620650053024292,
      3.001514434814453,
      14.925000190734863
    ],
    [
      0.07747462391853333,
      3.233656406402588,
      15.749442100524902
    ],
    [
      0.09446093440055847,
      3.4574320316314697,
      16.596620559692383
    ],
    [
      0.1049303412437439,
      3.6629817485809326,
      17.469728469848633
    ],
    [
      0.11026406288146973,
      3.8587820529937744,
      18.370882034301758
    ],
    [
      0.1120561957359314,
      4.053996562957764,
      19.306909561157227
    ],
    [
      0.113400399684906,
      4.255563735961914,
      20.284900665283203
    ],
    [
      0.11692225933074951,
      4.466592788696289,
      21.304460525512695
    ],
    [
      0.12563151121139526,
      4.688343524932861,
      22.356416702270508
    ],
    [
      0.13867908716201782,
      4.910735130310059,
      23.423669815063477
    ],
    [
      0.1440366506576538,
      5.106077671051025,
      24.48969841003418
    ],
    [
      0.1293756365776062,
      5.244596481323242,
      25.532812118530273
    ],
    [
      0.08061575889587402,
      5.314144134521484,
      26.54434585571289
    ],
    [
      -0.003092648461461067,
      5.332633018493652,
      27.51876449584961
    ]
  ],
  "uv_reprojected": [
    [
      273.2192687988281,
      194.50457763671875
    ],
    [
      270.44207763671875,
      224.9342041015625
    ],
    [
      267.07415771484375,
      234.89328002929688
    ],
    [
      265.1141357421875,
      244.3756866455078
    ],
    [
      256.4662170410156,
      254.38021850585938
    ],
    [
      251.04071044921875,
      268.0308837890625
    ],
    [
      247.26231384277344,
      282.2672424316406
    ],
    [
      245.76705932617188,
      294.1334228515625
    ],
    [
      245.5156707763672,
      303.356201171875
    ],
    [
      249.3717041015625,
      307.3094177246094
    ],
    [
      252.4765625,
      309.9397277832031
    ],
    [
      252.0149383544922,
      314.6105041503906
    ],
    [
      251.54623413085938,
      318.4710693359375
    ],
    [
      251.35519409179688,
      321.3231201171875
    ],
    [
      251.35780334472656,
      323.5267333984375
    ],
    [
      251.47805786132812,
      325.38134765625
    ],
    [
      251.60763549804688,
      327.0757141113281
    ],
    [
      251.669677734375,
      328.6979675292969
    ],
    [
      251.58998107910156,
      330.30865478515625
    ],
    [
      251.4073486328125,
      331.73846435546875
    ],
    [
      251.43096923828125,
      332.4820556640625
    ],
    [
      251.9252166748047,
      332.0942687988281
    ],
    [
      253.15707397460938,
      330.49786376953125
    ],
    [
      255.0681915283203,
      328.1685485839844
    ]
  ],
  "visible_prob": [
    1.0,
    1.0,
    1.0,
    1.0,
    1.0,
    1.0,
    1.0,
    1.0,
    1.0,
    1.0,
    1.0,
    1.0,
    1.0,
    1.0,
    1.0,
    1.0,
    1.0,
    1.0,
    1.0,
    1.0,
    1.0,
    1.0,
    1.0,
    1.0
  ],
  "ball_metrics": {
    "launch_angle_deg": 12.2,
    "launch_direction_deg": 2.8,
    "ball_speed_ms": 57.0,
    "carry_m": 139.6,
    "apex_m": 7.98,
    "descent_angle_deg": 12.7,
    "time_of_flight_s": 2.5
  },
  "spin": null,
  "metrics": {
    "sequence": 2,
    "rmse_2d_measured": 215.3539276123047,
    "rmse_2d_filtered": 240.48880004882812,
    "rmse_3d": 6.761942386627197,
    "visibility_f1": 0.9565217391304348,
    "smoothness_filtered": 51.720237731933594,
    "carry_err_m": 16.841984301787676,
    "apex_err_m": 5.315545408055186,
    "visible_prob_mean": 1.0,
    "visible_prob_max": 1.0,
    "gt_visible_rate": 0.9166666865348816,
    "ball_launch_angle_deg": 12.2,
    "ball_launch_direction_deg": 2.8,
    "ball_ball_speed_ms": 57.0,
    "ball_carry_m": 139.6,
    "ball_apex_m": 7.98,
    "ball_descent_angle_deg": 12.7,
    "ball_time_of_flight_s": 2.5,
    "spin_backspin_rpm": 0.0,
    "spin_sidespin_rpm": 0.0
  }
}