{
  "measured_uv": [
    [
      167.79638671875,
      323.83209228515625
    ],
    [
      272.2792663574219,
      237.4999237060547
    ],
    [
      143.918212890625,
      307.77294921875
    ],
    [
      192.72994995117188,
      185.83474731445312
    ],
    [
      147.9246368408203,
      303.9659729003906
    ],
    [
      199.95333862304688,
      139.94703674316406
    ],
    [
      151.93603515625,
      303.8948059082031
    ],
    [
      200.04989624023438,
      159.92205810546875
    ],
    [
      204.26455688476562,
      156.1077880859375
    ],
    [
      155.9758758544922,
      303.90771484375
    ],
    [
      159.9430389404297,
      103.94326782226562
    ],
    [
      152.16265869140625,
      92.71240997314453
    ],
    [
      152.00001525878906,
      96.09453582763672
    ],
    [
      147.9759063720703,
      92.0810546875
    ],
    [
      212.26101684570312,
      104.24330139160156
    ],
    [
      132.56826782226562,
      96.71533203125
    ],
    [
      140.00225830078125,
      107.952392578125
    ],
    [
      195.98114013671875,
      112.01081085205078
    ],
    [
      133.75502014160156,
      4.555530071258545
    ],
    [
      149.94952392578125,
      29.251052856445312
    ],
    [
      136.06704711914062,
      56.006614685058594
    ],
    [
      140.0351104736328,
      60.34931945800781
    ],
    [
      175.92137145996094,
      87.82738494873047
    ],
    [
      187.96710205078125,
      108.1506576538086
    ]
  ],
  "filtered_uv": [
    [
      167.79638671875,
      323.83209228515625
    ],
    [
      167.79638671875,
      323.83209228515625
    ],
    [
      144.49490356445312,
      308.1607971191406
    ],
    [
      144.4915771484375,
      308.1585693359375
    ],
    [
      147.84286499023438,
      304.065673828125
    ],
    [
      147.84182739257812,
      304.0606384277344
    ],
    [
      151.8386993408203,
      303.89862060546875
    ],
    [
      151.84262084960938,
      303.89337158203125
    ],
    [
      203.0200653076172,
      159.6163330078125
    ],
    [
      203.11544799804688,
      159.35324096679688
    ],
    [
      160.9691619873047,
      105.25111389160156
    ],
    [
      152.56216430664062,
      93.26377868652344
    ],
    [
      152.02435302734375,
      95.94689178466797
    ],
    [
      148.158447265625,
      92.23790740966797
    ],
    [
      209.34970092773438,
      103.67925262451172
    ],
    [
      136.06033325195312,
      97.01409149169922
    ],
    [
      139.8187713623047,
      107.43787384033203
    ],
    [
      193.43008422851562,
      111.78710174560547
    ],
    [
      193.57513427734375,
      111.44776153564453
    ],
    [
      150.98316955566406,
      31.184112548828125
    ],
    [
      136.7398223876953,
      54.85044860839844
    ],
    [
      139.88002014160156,
      60.073402404785156
    ],
    [
      174.28387451171875,
      86.54489135742188
    ],
    [
      187.3511962890625,
      107.15373229980469
    ]
  ],
  "xyz_pred": [
    [
      -0.2046392858028412,
      0.5900882482528687,
      6.863529682159424
    ],
    [
      -0.2501864433288574,
      0.8303968906402588,
      10.015448570251465
    ],
    [
      -0.21156132221221924,
      1.0041401386260986,
      11.039102554321289
    ],
    [
      -0.18790048360824585,
      1.2115511894226074,
      11.714306831359863
    ],
    [
      -0.20622003078460693,
      1.437788486480713,
      12.573396682739258
    ],
    [
      -0.2596496045589447,
      1.65724515914917,
      13.626741409301758
    ],
    [
      -0.3330037593841553,
      1.8593946695327759,
      14.750927925109863
    ],
    [
      -0.41659367084503174,
      2.0443363189697266,
      15.885298728942871
    ],
    [
      -0.3043506443500519,
      2.255742311477661,
      15.436280250549316
    ],
    [
      -0.20220613479614258,
      2.507507562637329,
      15.421402931213379
    ],
    [
      -0.12401682138442993,
      2.756101131439209,
      15.686335563659668
    ],
    [
      -0.06578502058982849,
      2.991854429244995,
      16.129060745239258
    ],
    [
      -0.019317151978611946,
      3.2147891521453857,
      16.676021575927734
    ],
    [
      0.01715904287993908,
      3.4232733249664307,
      17.289236068725586
    ],
    [
      0.20292264223098755,
      3.7243776321411133,
      17.21233558654785
    ],
    [
      0.19486385583877563,
      3.9080283641815186,
      18.096105575561523
    ],
    [
      0.19095981121063232,
      4.08152437210083,
      18.926820755004883
    ],
    [
      0.18916237354278564,
      4.259939670562744,
      19.766719818115234
    ],
    [
      0.1897173523902893,
      4.447504043579102,
      20.638805389404297
    ],
    [
      0.35789018869400024,
      4.759744644165039,
      20.815773010253906
    ],
    [
      0.34429681301116943,
      4.952705383300781,
      21.89008903503418
    ],
    [
      0.34028756618499756,
      5.140592575073242,
      22.917879104614258
    ],
    [
      0.33092647790908813,
      5.304889678955078,
      23.949140548706055
    ],
    [
      0.3036782145500183,
      5.420269966125488,
      24.9771728515625
    ]
  ],
  "uv_reprojected": [
    [
      273.0926208496094,
      194.58285522460938
    ],
    [
      270.15838623046875,
      225.8813018798828
    ],
    [
      266.6295471191406,
      236.63978576660156
    ],
    [
      264.7335510253906,
      246.763427734375
    ],
    [
      264.95263671875,
      256.5387878417969
    ],
    [
      266.5625915527344,
      264.66552734375
    ],
    [
      268.69903564453125,
      270.9454345703125
    ],
    [
      270.9139099121094,
      275.76763916015625
    ],
    [
      266.96441650390625,
      283.3837890625
    ],
    [
      262.9566650390625,
      291.7699279785156
    ],
    [
      259.79754638671875,
      299.2629699707031
    ],
    [
      257.4750061035156,
      305.53173828125
    ],
    [
      255.7029266357422,
      310.71905517578125
    ],
    [
      254.3977508544922,
      314.91680908203125
    ],
    [
      247.84597778320312,
      324.14117431640625
    ],
    [
      248.46559143066406,
      325.9606018066406
    ],
    [
      248.8775634765625,
      327.5394287109375
    ],
    [
      249.19288635253906,
      329.0784912109375
    ],
    [
      249.4219512939453,
      330.60137939453125
    ],
    [
      244.56680297851562,
      337.63873291015625
    ],
    [
      245.45567321777344,
      338.0962829589844
    ],
    [
      245.98985290527344,
      338.56719970703125
    ],
    [
      246.6150360107422,
      338.481201171875
    ],
    [
      247.6221466064453,
      337.4103698730469
    ]
  ],
  "visible_prob": [
    1.0,
    1.0,
    1.0,
    1.0,
    1.0,
    1.0,
    1.0,
    1.0,
    1.0,
    1.0,
    1.0,
    1.0,
    1.0,
    1.0,
    1.0,
    1.0,
    1.0,
    1.0,
    1.0,
    1.0,
    1.0,
    1.0,
    1.0,
    1.0
  ],
  "ball_metrics": {
    "launch_angle_deg": 8.4,
    "launch_direction_deg": -0.0,
    "ball_speed_ms": 86.6,
    "carry_m": 225.9,
    "apex_m": 8.83,
    "descent_angle_deg": 8.7,
    "time_of_flight_s": 2.64
  },
  "spin": null,
  "metrics": {
    "sequence": 1,
    "rmse_2d_measured": 212.2847900390625,
    "rmse_2d_filtered": 205.43386840820312,
    "rmse_3d": 6.340620994567871,
    "visibility_f1": 1.0,
    "smoothness_filtered": 54.354713439941406,
    "carry_err_m": 14.40339626867518,
    "apex_err_m": 5.3793393187224865,
    "visible_prob_mean": 1.0,
    "visible_prob_max": 1.0,
    "gt_visible_rate": 1.0,
    "ball_launch_angle_deg": 8.4,
    "ball_launch_direction_deg": -0.0,
    "ball_ball_speed_ms": 86.6,
    "ball_carry_m": 225.9,
    "ball_apex_m": 8.83,
    "ball_descent_angle_deg": 8.7,
    "ball_time_of_flight_s": 2.64,
    "spin_backspin_rpm": 0.0,
    "spin_sidespin_rpm": 0.0
  }
}