{
  "measured_uv": [
    [
      459.9705505371094,
      495.9744567871094
    ],
    [
      151.9010772705078,
      435.9364929199219
    ],
    [
      155.947509765625,
      435.8883972167969
    ],
    [
      159.9640350341797,
      435.81011962890625
    ],
    [
      159.92991638183594,
      431.86358642578125
    ],
    [
      163.9728240966797,
      427.91650390625
    ],
    [
      167.955810546875,
      427.8736572265625
    ],
    [
      171.97227478027344,
      427.86859130859375
    ],
    [
      175.9662322998047,
      423.8834228515625
    ],
    [
      183.99009704589844,
      423.7197265625
    ],
    [
      183.94581604003906,
      415.9162902832031
    ],
    [
      191.9705047607422,
      419.8175964355469
    ],
    [
      191.98220825195312,
      408.0764465332031
    ],
    [
      179.9479217529297,
      431.93817138671875
    ],
    [
      183.9691925048828,
      431.9458923339844
    ],
    [
      203.96795654296875,
      403.938720703125
    ],
    [
      188.009521484375,
      423.9195251464844
    ],
    [
      200.55337524414062,
      444.9483642578125
    ],
    [
      219.97576904296875,
      407.9842224121094
    ],
    [
      219.96627807617188,
      403.9866943359375
    ],
    [
      223.97816467285156,
      407.9892883300781
    ],
    [
      223.96409606933594,
      412.0474548339844
    ],
    [
      227.9999237060547,
      407.97674560546875
    ],
    [
      227.9872589111328,
      407.9736328125
    ]
  ],
  "filtered_uv": [
    [
      459.9705505371094,
      495.9744567871094
    ],
    [
      459.9705505371094,
      495.9744567871094
    ],
    [
      459.9705505371094,
      495.9744567871094
    ],
    [
      459.9705505371094,
      495.9744567871094
    ],
    [
      459.9705505371094,
      495.9744567871094
    ],
    [
      459.9705505371094,
      495.9744567871094
    ],
    [
      459.9705505371094,
      495.9744567871094
    ],
    [
      174.00167846679688,
      428.3485107421875
    ],
    [
      175.8662567138672,
      424.0835266113281
    ],
    [
      183.6102294921875,
      423.73333740234375
    ],
    [
      183.92071533203125,
      416.2685241699219
    ],
    [
      191.59506225585938,
      419.652587890625
    ],
    [
      191.95582580566406,
      408.5987854003906
    ],
    [
      180.48435974121094,
      430.87371826171875
    ],
    [
      183.8006134033203,
      431.8957214355469
    ],
    [
      203.0430145263672,
      405.2059631347656
    ],
    [
      188.68502807617188,
      423.06463623046875
    ],
    [
      200.0060272216797,
      443.9532470703125
    ],
    [
      219.06350708007812,
      409.6165771484375
    ],
    [
      219.92251586914062,
      404.2362365722656
    ],
    [
      223.791748046875,
      407.8124084472656
    ],
    [
      223.95455932617188,
      411.8496398925781
    ],
    [
      227.8150177001953,
      408.147216796875
    ],
    [
      227.97877502441406,
      407.97564697265625
    ]
  ],
  "xyz_pred": [
    [
      -0.14801494777202606,
      0.40432029962539673,
      5.348840236663818
    ],
    [
      -0.1735319048166275,
      0.5241091251373291,
      7.74247407913208
    ],
    [
      -0.13447871804237366,
      0.5982855558395386,
      8.393237113952637
    ],
    [
      -0.10901038348674774,
      0.7160511016845703,
      8.725171089172363
    ],
    [
      -0.11257710307836533,
      0.8629745244979858,
      9.222834587097168
    ],
    [
      -0.1386730968952179,
      1.0205538272857666,
      9.923005104064941
    ],
    [
      -0.17886625230312347,
      1.1777349710464478,
      10.75805377960205
    ],
    [
      -0.22638988494873047,
      1.3011953830718994,
      11.549593925476074
    ],
    [
      -0.2652597427368164,
      1.397256851196289,
      12.150511741638184
    ],
    [
      -0.30026775598526,
      1.488701343536377,
      12.710516929626465
    ],
    [
      -0.3354896605014801,
      1.5774328708648682,
      13.261954307556152
    ],
    [
      -0.37006041407585144,
      1.6644598245620728,
      13.821084022521973
    ],
    [
      -0.4019717872142792,
      1.753124713897705,
      14.413622856140137
    ],
    [
      -0.42812269926071167,
      1.84747314453125,
      14.937655448913574
    ],
    [
      -0.4535452723503113,
      1.9346386194229126,
      15.431954383850098
    ],
    [
      -0.481589138507843,
      2.0161173343658447,
      16.003631591796875
    ],
    [
      -0.516392171382904,
      2.0915348529815674,
      16.568906784057617
    ],
    [
      -0.5184683203697205,
      2.1911568641662598,
      16.97505760192871
    ],
    [
      -0.5450114607810974,
      2.271557569503784,
      17.553300857543945
    ],
    [
      -0.5625315308570862,
      2.3787620067596436,
      18.18144416809082
    ],
    [
      -0.5932252407073975,
      2.469897508621216,
      18.832847595214844
    ],
    [
      -0.6321440935134888,
      2.5443689823150635,
      19.473697662353516
    ],
    [
      -0.659985363483429,
      2.644465684890747,
      20.115720748901367
    ],
    [
      -0.6895207166671753,
      2.745009183883667,
      20.761308670043945
    ]
  ],
  "uv_reprojected": [
    [
      113.35575866699219,
      339.88916015625
    ],
    [
      105.42649841308594,
      410.6045837402344
    ],
    [
      95.79156494140625,
      430.11651611328125
    ],
    [
      90.47184753417969,
      452.36358642578125
    ],
    [
      90.03849029541016,
      478.0115051269531
    ],
    [
      92.70486450195312,
      502.4896240234375
    ],
    [
      96.7021713256836,
      523.3307495117188
    ],
    [
      101.1878433227539,
      537.0665283203125
    ],
    [
      104.54931640625,
      546.5806274414062
    ],
    [
      107.25163269042969,
      554.8587036132812
    ],
    [
      109.77481079101562,
      562.181884765625
    ],
    [
      112.00298309326172,
      568.6988525390625
    ],
    [
      113.68138122558594,
      574.69140625
    ],
    [
      114.84576416015625,
      581.1572265625
    ],
    [
      115.94539642333984,
      586.6800537109375
    ],
    [
      117.0044937133789,
      590.8729858398438
    ],
    [
      118.62347412109375,
      594.2794189453125
    ],
    [
      117.68362426757812,
      600.5064697265625
    ],
    [
      118.44648742675781,
      603.7496948242188
    ],
    [
      118.28204345703125,
      608.6390991210938
    ],
    [
      119.12576293945312,
      611.8068237304688
    ],
    [
      120.57601928710938,
      613.5743408203125
    ],
    [
      121.10067749023438,
      617.0877685546875
    ],
    [
      121.70732879638672,
      620.3939208984375
    ]
  ],
  "visible_prob": [
    1.0,
    1.0,
    1.0,
    1.0,
    1.0,
    1.0,
    1.0,
    1.0,
    1.0,
    1.0,
    1.0,
    1.0,
    1.0,
    1.0,
    1.0,
    1.0,
    1.0,
    1.0,
    1.0,
    1.0,
    1.0,
    1.0,
    1.0,
    1.0
  ],
  "ball_metrics": {
    "launch_angle_deg": 6.8,
    "launch_direction_deg": 0.5,
    "ball_speed_ms": 58.5,
    "carry_m": 84.8,
    "apex_m": 2.82,
    "descent_angle_deg": 7.3,
    "time_of_flight_s": 1.46
  },
  "spin": null,
  "metrics": {
    "sequence": 2,
    "rmse_2d_measured": 240.02442932128906,
    "rmse_2d_filtered": 250.5434112548828,
    "rmse_3d": 5.081275463104248,
    "visibility_f1": 0.6285714285714286,
    "smoothness_filtered": 42.13388442993164,
    "carry_err_m": 11.693805801276007,
    "apex_err_m": 2.7356403153389692,
    "visible_prob_mean": 1.0,
    "visible_prob_max": 1.0,
    "gt_visible_rate": 0.4583333432674408,
    "ball_launch_angle_deg": 6.8,
    "ball_launch_direction_deg": 0.5,
    "ball_ball_speed_ms": 58.5,
    "ball_carry_m": 84.8,
    "ball_apex_m": 2.82,
    "ball_descent_angle_deg": 7.3,
    "ball_time_of_flight_s": 1.46,
    "spin_backspin_rpm": 0.0,
    "spin_sidespin_rpm": 0.0
  }
}