{
  "measured_uv": [
    [
      463.979736328125,
      383.96746826171875
    ],
    [
      304.0379943847656,
      212.22621154785156
    ],
    [
      220.57180786132812,
      192.23876953125
    ],
    [
      216.55233764648438,
      181.59947204589844
    ],
    [
      207.9732666015625,
      104.09207153320312
    ],
    [
      203.92616271972656,
      104.01512145996094
    ],
    [
      228.14144897460938,
      160.24855041503906
    ],
    [
      175.886474609375,
      299.8644714355469
    ],
    [
      191.99803161621094,
      303.9577331542969
    ],
    [
      179.9300994873047,
      299.7964782714844
    ],
    [
      181.4844512939453,
      100.16402435302734
    ],
    [
      176.08848571777344,
      88.26895141601562
    ],
    [
      175.95217895507812,
      92.02652740478516
    ],
    [
      184.0178680419922,
      231.9918670654297
    ],
    [
      243.99913024902344,
      112.09407043457031
    ],
    [
      200.10865783691406,
      124.67101287841797
    ],
    [
      236.118408203125,
      103.73776245117188
    ],
    [
      207.9237518310547,
      127.8890380859375
    ],
    [
      231.97821044921875,
      112.02313995361328
    ],
    [
      201.32846069335938,
      8.85169506072998
    ],
    [
      168.05276489257812,
      48.11138153076172
    ],
    [
      172.0755157470703,
      52.03244400024414
    ],
    [
      168.8494110107422,
      57.08231735229492
    ],
    [
      175.9772186279297,
      59.9265251159668
    ]
  ],
  "filtered_uv": [
    [
      463.979736328125,
      383.96746826171875
    ],
    [
      463.979736328125,
      383.96746826171875
    ],
    [
      463.979736328125,
      383.96746826171875
    ],
    [
      463.979736328125,
      383.96746826171875
    ],
    [
      463.979736328125,
      383.96746826171875
    ],
    [
      463.979736328125,
      383.96746826171875
    ],
    [
      463.979736328125,
      383.96746826171875
    ],
    [
      463.979736328125,
      383.96746826171875
    ],
    [
      193.67501831054688,
      304.4510498046875
    ],
    [
      180.5418243408203,
      300.004150390625
    ],
    [
      180.251708984375,
      299.91754150390625
    ],
    [
      179.9615936279297,
      299.8309326171875
    ],
    [
      179.67147827148438,
      299.74432373046875
    ],
    [
      183.96189880371094,
      232.80862426757812
    ],
    [
      183.68492126464844,
      232.5301971435547
    ],
    [
      199.71376037597656,
      127.21485900878906
    ],
    [
      234.45870971679688,
      104.77168273925781
    ],
    [
      209.12376403808594,
      126.80652618408203
    ],
    [
      230.93360900878906,
      112.663818359375
    ],
    [
      202.66664123535156,
      13.524986267089844
    ],
    [
      169.6114044189453,
      46.49003219604492
    ],
    [
      171.9463348388672,
      51.735252380371094
    ],
    [
      168.97280883789062,
      56.79555892944336
    ],
    [
      175.6425018310547,
      59.741722106933594
    ]
  ],
  "xyz_pred": [
    [
      0.06940614432096481,
      0.6676139235496521,
      4.507702350616455
    ],
    [
      0.21389523148536682,
      1.116451621055603,
      6.580385684967041
    ],
    [
      0.35708087682724,
      1.4775028228759766,
      7.349298000335693
    ],
    [
      0.45579993724823,
      1.830045223236084,
      7.94476842880249
    ],
    [
      0.5235724449157715,
      2.194246530532837,
      8.679823875427246
    ],
    [
      0.5774893164634705,
      2.56516695022583,
      9.551541328430176
    ],
    [
      0.6267935633659363,
      2.9314310550689697,
      10.496865272521973
    ],
    [
      0.6737185716629028,
      3.2858426570892334,
      11.473359107971191
    ],
    [
      0.308157742023468,
      3.4413163661956787,
      14.67807674407959
    ],
    [
      0.012387929484248161,
      3.5513060092926025,
      17.261335372924805
    ],
    [
      -0.2214440107345581,
      3.6798386573791504,
      19.64036750793457
    ],
    [
      -0.43767479062080383,
      3.804049253463745,
      21.973756790161133
    ],
    [
      -0.6090434789657593,
      3.9598324298858643,
      24.127155303955078
    ],
    [
      -0.7101870179176331,
      4.145923614501953,
      25.928834915161133
    ],
    [
      -0.8096806406974792,
      4.31943416595459,
      27.66250991821289
    ],
    [
      -0.8028170466423035,
      4.440393447875977,
      28.416696548461914
    ],
    [
      -0.7139496803283691,
      4.585555076599121,
      28.749773025512695
    ],
    [
      -0.7078227400779724,
      4.696376800537109,
      29.506681442260742
    ],
    [
      -0.6082220673561096,
      4.816529750823975,
      29.541290283203125
    ],
    [
      -0.5023303627967834,
      4.927245616912842,
      29.446435928344727
    ],
    [
      -0.417217493057251,
      5.016915798187256,
      29.396268844604492
    ],
    [
      -0.33466821908950806,
      5.09464693069458,
      29.292024612426758
    ],
    [
      -0.2580193877220154,
      5.163020133972168,
      29.180200576782227
    ],
    [
      -0.18322813510894775,
      5.225706577301025,
      29.052091598510742
    ]
  ],
  "uv_reprojected": [
    [
      245.65664672851562,
      171.81312561035156
    ],
    [
      235.27532958984375,
      232.93795776367188
    ],
    [
      225.51638793945312,
      260.39935302734375
    ],
    [
      220.1860809326172,
      282.7142333984375
    ],
    [
      218.396240234375,
      301.85052490234375
    ],
    [
      218.31146240234375,
      317.45751953125
    ],
    [
      218.76528930664062,
      329.69781494140625
    ],
    [
      219.36737060546875,
      339.15594482421875
    ],
    [
      242.26016235351562,
      326.2051086425781
    ],
    [
      254.5644989013672,
      318.81134033203125
    ],
    [
      261.84185791015625,
      314.43255615234375
    ],
    [
      267.086669921875,
      311.0155944824219
    ],
    [
      270.3179931640625,
      309.32196044921875
    ],
    [
      271.6207275390625,
      309.22198486328125
    ],
    [
      272.7615966796875,
      309.0352478027344
    ],
    [
      272.1436462402344,
      309.780517578125
    ],
    [
      270.0693054199219,
      311.73101806640625
    ],
    [
      269.5567321777344,
      312.19873046875
    ],
    [
      267.4937438964844,
      314.21417236328125
    ],
    [
      265.351806640625,
      316.3299865722656
    ],
    [
      263.6125183105469,
      317.9964599609375
    ],
    [
      261.9330749511719,
      319.5793151855469
    ],
    [
      260.36566162109375,
      321.0264892578125
    ],
    [
      258.8271484375,
      322.4223937988281
    ]
  ],
  "visible_prob": [
    1.0,
    1.0,
    1.0,
    1.0,
    1.0,
    1.0,
    1.0,
    1.0,
    1.0,
    1.0,
    1.0,
    1.0,
    1.0,
    1.0,
    1.0,
    1.0,
    1.0,
    1.0,
    1.0,
    1.0,
    1.0,
    1.0,
    1.0,
    1.0
  ],
  "ball_metrics": {
    "launch_angle_deg": 20.0,
    "launch_direction_deg": 6.2,
    "ball_speed_ms": 67.0,
    "carry_m": 295.7,
    "apex_m": 27.39,
    "descent_angle_deg": 20.2,
    "time_of_flight_s": 4.7
  },
  "spin": null,
  "metrics": {
    "sequence": 7,
    "rmse_2d_measured": 228.4559783935547,
    "rmse_2d_filtered": 218.59706115722656,
    "rmse_3d": 9.723140716552734,
    "visibility_f1": 1.0,
    "smoothness_filtered": 59.70256042480469,
    "carry_err_m": 20.741402862849156,
    "apex_err_m": 5.198406597599387,
    "visible_prob_mean": 1.0,
    "visible_prob_max": 1.0,
    "gt_visible_rate": 1.0,
    "ball_launch_angle_deg": 20.0,
    "ball_launch_direction_deg": 6.2,
    "ball_ball_speed_ms": 67.0,
    "ball_carry_m": 295.7,
    "ball_apex_m": 27.39,
    "ball_descent_angle_deg": 20.2,
    "ball_time_of_flight_s": 4.7,
    "spin_backspin_rpm": 0.0,
    "spin_sidespin_rpm": 0.0
  }
}