{
  "measured_uv": [
    [
      216.2775421142578,
      436.8377990722656
    ],
    [
      344.3311767578125,
      345.5483703613281
    ],
    [
      224.0252227783203,
      244.19798278808594
    ],
    [
      175.90328979492188,
      411.92938232421875
    ],
    [
      179.9423065185547,
      411.86297607421875
    ],
    [
      179.9300079345703,
      407.94744873046875
    ],
    [
      183.9513702392578,
      407.8851013183594
    ],
    [
      187.9459686279297,
      407.8558044433594
    ],
    [
      188.00450134277344,
      400.14862060546875
    ],
    [
      195.97506713867188,
      403.8967590332031
    ],
    [
      203.99920654296875,
      403.7611389160156
    ],
    [
      188.2235107421875,
      416.9338684082031
    ],
    [
      191.91183471679688,
      412.00360107421875
    ],
    [
      228.1411895751953,
      424.9980773925781
    ],
    [
      219.9771728515625,
      388.03521728515625
    ],
    [
      227.9615478515625,
      392.01824951171875
    ],
    [
      252.09478759765625,
      144.2820281982422
    ],
    [
      235.96517944335938,
      388.0067138671875
    ],
    [
      239.98468017578125,
      387.9964294433594
    ],
    [
      224.00326538085938,
      407.9802551269531
    ],
    [
      228.0413818359375,
      420.1995849609375
    ],
    [
      248.16383361816406,
      136.23004150390625
    ],
    [
      172.0101776123047,
      64.06586456298828
    ],
    [
      172.00991821289062,
      68.01507568359375
    ]
  ],
  "filtered_uv": [
    [
      216.2775421142578,
      436.8377990722656
    ],
    [
      216.2775421142578,
      436.8377990722656
    ],
    [
      216.2775421142578,
      436.8377990722656
    ],
    [
      176.560546875,
      412.3348693847656
    ],
    [
      179.7880859375,
      411.8841247558594
    ],
    [
      179.92315673828125,
      408.126220703125
    ],
    [
      183.76776123046875,
      407.8955383300781
    ],
    [
      187.75582885742188,
      407.8570861816406
    ],
    [
      187.9933624267578,
      400.49853515625
    ],
    [
      195.61248779296875,
      403.74114990234375
    ],
    [
      203.61907958984375,
      403.7593688964844
    ],
    [
      188.9246826171875,
      416.3345642089844
    ],
    [
      191.77618408203125,
      412.20098876953125
    ],
    [
      226.4906005859375,
      424.417236328125
    ],
    [
      220.27835083007812,
      389.6885070800781
    ],
    [
      227.61744689941406,
      391.9089050292969
    ],
    [
      227.74490356445312,
      391.83795166015625
    ],
    [
      235.77386474609375,
      388.0956115722656
    ],
    [
      239.8012237548828,
      387.99700927734375
    ],
    [
      224.72744750976562,
      407.0705261230469
    ],
    [
      227.89593505859375,
      419.6048889160156
    ],
    [
      228.01602172851562,
      419.67486572265625
    ],
    [
      228.1361083984375,
      419.7448425292969
    ],
    [
      228.25619506835938,
      419.8148193359375
    ]
  ],
  "xyz_pred": [
    [
      -0.1554735004901886,
      0.3860853314399719,
      5.433774948120117
    ],
    [
      -0.16030356287956238,
      0.44559580087661743,
      7.2937798500061035
    ],
    [
      -0.09158313274383545,
      0.4666248559951782,
      7.321823596954346
    ],
    [
      -0.04234504699707031,
      0.5257550477981567,
      7.133988857269287
    ],
    [
      -0.023753026500344276,
      0.6127275228500366,
      7.19633150100708
    ],
    [
      -0.026267196983098984,
      0.7119144201278687,
      7.499207973480225
    ],
    [
      -0.0396888330578804,
      0.8152587413787842,
      7.931748390197754
    ],
    [
      -0.058466680347919464,
      0.918553352355957,
      8.430049896240234
    ],
    [
      -0.07735353708267212,
      1.0275100469589233,
      8.998391151428223
    ],
    [
      -0.10233081132173538,
      1.1331851482391357,
      9.601778984069824
    ],
    [
      -0.12810342013835907,
      1.2408428192138672,
      10.22879695892334
    ],
    [
      -0.16663046181201935,
      1.3228811025619507,
      10.807847023010254
    ],
    [
      -0.20141173899173737,
      1.4002524614334106,
      11.374974250793457
    ],
    [
      -0.2342846691608429,
      1.473766803741455,
      11.911934852600098
    ],
    [
      -0.24272039532661438,
      1.616102933883667,
      12.491568565368652
    ],
    [
      -0.2736542820930481,
      1.7615165710449219,
      13.250511169433594
    ],
    [
      -0.31868091225624084,
      1.8974090814590454,
      14.087088584899902
    ],
    [
      -0.37455809116363525,
      2.021562337875366,
      14.98376750946045
    ],
    [
      -0.4303644895553589,
      2.1397855281829834,
      15.894072532653809
    ],
    [
      -0.4863998293876648,
      2.2374231815338135,
      16.814987182617188
    ],
    [
      -0.5514889359474182,
      2.3005778789520264,
      17.63057518005371
    ],
    [
      -0.5986522436141968,
      2.3762001991271973,
      18.352968215942383
    ],
    [
      -0.6353330016136169,
      2.4576404094696045,
      19.009321212768555
    ],
    [
      -0.6662718653678894,
      2.5437734127044678,
      19.62017250061035
    ]
  ],
  "uv_reprojected": [
    [
      114.77308654785156,
      337.404541015625
    ],
    [
      104.77088165283203,
      389.628173828125
    ],
    [
      90.49364471435547,
      394.23907470703125
    ],
    [
      80.58453369140625,
      403.71514892578125
    ],
    [
      76.6119384765625,
      422.2075500488281
    ],
    [
      76.9164047241211,
      444.53021240234375
    ],
    [
      79.17958068847656,
      466.38134765625
    ],
    [
      82.09192657470703,
      486.03692626953125
    ],
    [
      84.59593200683594,
      504.3564758300781
    ],
    [
      87.70335388183594,
      519.9070434570312
    ],
    [
      90.51710510253906,
      533.8140869140625
    ],
    [
      94.87984466552734,
      542.8687133789062
    ],
    [
      98.33088684082031,
      550.4598999023438
    ],
    [
      101.28813171386719,
      557.0128784179688
    ],
    [
      100.93032836914062,
      570.8377075195312
    ],
    [
      102.7720947265625,
      582.5843505859375
    ],
    [
      105.74192810058594,
      591.5299682617188
    ],
    [
      109.32318115234375,
      597.9076538085938
    ],
    [
      112.45825958251953,
      602.9259643554688
    ],
    [
      115.24668884277344,
      605.5370483398438
    ],
    [
      118.79522705078125,
      605.68505859375
    ],
    [
      120.81330871582031,
      607.3757934570312
    ],
    [
      122.02449035644531,
      609.7813720703125
    ],
    [
      122.83308410644531,
      612.647216796875
    ]
  ],
  "visible_prob": [
    1.0,
    1.0,
    1.0,
    1.0,
    1.0,
    1.0,
    1.0,
    1.0,
    1.0,
    1.0,
    1.0,
    1.0,
    1.0,
    1.0,
    1.0,
    1.0,
    1.0,
    1.0,
    1.0,
    1.0,
    1.0,
    1.0,
    1.0,
    1.0
  ],
  "ball_metrics": {
    "launch_angle_deg": 7.3,
    "launch_direction_deg": 4.3,
    "ball_speed_ms": 26.7,
    "carry_m": 21.0,
    "apex_m": 0.98,
    "descent_angle_deg": 9.4,
    "time_of_flight_s": 0.79
  },
  "spin": null,
  "metrics": {
    "sequence": 0,
    "rmse_2d_measured": 223.7512664794922,
    "rmse_2d_filtered": 228.0540771484375,
    "rmse_3d": 4.010884761810303,
    "visibility_f1": 0.7027027027027027,
    "smoothness_filtered": 18.125064849853516,
    "carry_err_m": 10.468810344074587,
    "apex_err_m": 2.5273761078715324,
    "visible_prob_mean": 1.0,
    "visible_prob_max": 1.0,
    "gt_visible_rate": 0.5416666865348816,
    "ball_launch_angle_deg": 7.3,
    "ball_launch_direction_deg": 4.3,
    "ball_ball_speed_ms": 26.7,
    "ball_carry_m": 21.0,
    "ball_apex_m": 0.98,
    "ball_descent_angle_deg": 9.4,
    "ball_time_of_flight_s": 0.79,
    "spin_backspin_rpm": 0.0,
    "spin_sidespin_rpm": 0.0
  }
}