{
  "measured_uv": [
    [
      332.0580139160156,
      428.0950622558594
    ],
    [
      332.07489013671875,
      340.1456298828125
    ],
    [
      283.97918701171875,
      359.96221923828125
    ],
    [
      332.1383972167969,
      216.15582275390625
    ],
    [
      333.4697265625,
      169.28810119628906
    ],
    [
      336.0356140136719,
      132.08460998535156
    ],
    [
      335.9920959472656,
      96.23719787597656
    ],
    [
      336.092041015625,
      68.44136810302734
    ],
    [
      336.1929931640625,
      44.16322326660156
    ],
    [
      340.0361633300781,
      24.007225036621094
    ],
    [
      157.14305114746094,
      93.27466583251953
    ],
    [
      167.98179626464844,
      148.02931213378906
    ],
    [
      312.0058898925781,
      211.97235107421875
    ],
    [
      428.0154724121094,
      500.01318359375
    ],
    [
      140.00608825683594,
      184.0025177001953
    ],
    [
      408.0282897949219,
      188.19509887695312
    ],
    [
      312.0124816894531,
      180.03329467773438
    ],
    [
      304.0420227050781,
      184.0035858154297
    ],
    [
      304.0707702636719,
      180.07171630859375
    ],
    [
      304.0234375,
      180.01292419433594
    ],
    [
      419.9922790527344,
      172.283447265625
    ],
    [
      264.00177001953125,
      40.0023307800293
    ],
    [
      303.9224853515625,
      171.98814392089844
    ],
    [
      308.0240783691406,
      171.97718811035156
    ]
  ],
  "filtered_uv": [
    [
      332.0580139160156,
      428.0950622558594
    ],
    [
      332.0740966796875,
      344.2554016113281
    ],
    [
      286.1694030761719,
      359.2469177246094
    ],
    [
      286.156982421875,
      359.2505187988281
    ],
    [
      286.1445617675781,
      359.2541198730469
    ],
    [
      286.13214111328125,
      359.2577209472656
    ],
    [
      286.1197204589844,
      359.2613220214844
    ],
    [
      286.1072998046875,
      359.2649230957031
    ],
    [
      286.0948791503906,
      359.2685241699219
    ],
    [
      286.08245849609375,
      359.2721252441406
    ],
    [
      157.93182373046875,
      94.90203857421875
    ],
    [
      157.72569274902344,
      94.50597381591797
    ],
    [
      157.51956176757812,
      94.10990905761719
    ],
    [
      157.3134307861328,
      93.7138442993164
    ],
    [
      157.1072998046875,
      93.31777954101562
    ],
    [
      156.9011688232422,
      92.92171478271484
    ],
    [
      156.69503784179688,
      92.52565002441406
    ],
    [
      156.48890686035156,
      92.12958526611328
    ],
    [
      156.28277587890625,
      91.7335205078125
    ],
    [
      304.0234375,
      180.01292419433594
    ],
    [
      304.0234375,
      180.01292419433594
    ],
    [
      304.0234375,
      180.01292419433594
    ],
    [
      304.0234375,
      180.01292419433594
    ],
    [
      304.0234375,
      180.01292419433594
    ]
  ],
  "xyz_pred": [
    [
      -0.20540958642959595,
      0.5766863226890564,
      6.912862300872803
    ],
    [
      -0.17145220935344696,
      0.7971535921096802,
      9.30125904083252
    ],
    [
      -0.17327262461185455,
      0.9988985061645508,
      10.748156547546387
    ],
    [
      -0.18017706274986267,
      1.214280605316162,
      11.689688682556152
    ],
    [
      -0.2173464000225067,
      1.4449644088745117,
      12.712105751037598
    ],
    [
      -0.2825501263141632,
      1.6681747436523438,
      13.86418628692627
    ],
    [
      -0.3648166060447693,
      1.8745819330215454,
      15.06297779083252
    ],
    [
      -0.45476236939430237,
      2.061499834060669,
      16.258859634399414
    ],
    [
      -0.548055112361908,
      2.2308237552642822,
      17.452001571655273
    ],
    [
      -0.642816960811615,
      2.3899123668670654,
      18.659025192260742
    ],
    [
      -0.5423259735107422,
      2.5735785961151123,
      18.382102966308594
    ],
    [
      -0.4640362560749054,
      2.7822089195251465,
      18.49698257446289
    ],
    [
      -0.39267587661743164,
      2.98980450630188,
      18.736663818359375
    ],
    [
      -0.31423354148864746,
      3.19378924369812,
      18.96481704711914
    ],
    [
      -0.23872721195220947,
      3.391374349594116,
      19.241119384765625
    ],
    [
      -0.17497718334197998,
      3.579045057296753,
      19.596790313720703
    ],
    [
      -0.12313354015350342,
      3.758721351623535,
      20.019968032836914
    ],
    [
      -0.08080172538757324,
      3.9354512691497803,
      20.50356101989746
    ],
    [
      -0.04410696029663086,
      4.114109039306641,
      21.046066284179688
    ],
    [
      0.17320209741592407,
      4.432314872741699,
      20.88120460510254
    ],
    [
      0.3522055745124817,
      4.736629486083984,
      20.94744300842285
    ],
    [
      0.49454110860824585,
      5.011556625366211,
      21.168920516967773
    ],
    [
      0.6033089756965637,
      5.252405166625977,
      21.523847579956055
    ],
    [
      0.6828559637069702,
      5.457602500915527,
      21.993999481201172
    ]
  ],
  "uv_reprojected": [
    [
      268.5199279785156,
      225.7137451171875
    ],
    [
      263.3871154785156,
      245.36984252929688
    ],
    [
      262.3351135253906,
      256.2765808105469
    ],
    [
      262.0130615234375,
      265.6073303222656
    ],
    [
      262.7794189453125,
      274.04534912109375
    ],
    [
      264.2728271484375,
      280.705810546875
    ],
    [
      266.01983642578125,
      285.6759338378906
    ],
    [
      267.7264099121094,
      289.3057861328125
    ],
    [
      269.28863525390625,
      291.9279479980469
    ],
    [
      270.6750793457031,
      293.90447998046875
    ],
    [
      268.423828125,
      299.60626220703125
    ],
    [
      266.4146423339844,
      305.1041564941406
    ],
    [
      264.53570556640625,
      310.135986328125
    ],
    [
      262.5390319824219,
      314.979736328125
    ],
    [
      260.6452331542969,
      319.3760986328125
    ],
    [
      259.0626220703125,
      323.1109313964844
    ],
    [
      257.7984924316406,
      326.266357421875
    ],
    [
      256.7930908203125,
      328.9986572265625
    ],
    [
      255.95355224609375,
      331.4375
    ],
    [
      251.22593688964844,
      339.8432922363281
    ],
    [
      247.3497314453125,
      347.0130920410156
    ],
    [
      244.37045288085938,
      352.6999206542969
    ],
    [
      242.24644470214844,
      356.81805419921875
    ],
    [
      240.87344360351562,
      359.4183349609375
    ]
  ],
  "visible_prob": [
    1.0,
    1.0,
    1.0,
    1.0,
    1.0,
    1.0,
    0.9999932050704956,
    0.9999998807907104,
    1.0,
    1.0,
    0.46332108974456787,
    1.4312174698716262e-06,
    1.6121208545882837e-07,
    3.153084264795325e-07,
    8.919842642285403e-11,
    7.170826710201084e-10,
    1.3993812775225933e-09,
    1.289022999451106e-09,
    7.056610851208234e-10,
    9.11422586707955e-12,
    4.1540243467252935e-12,
    1.239179071854668e-11,
    2.2321797188418202e-11,
    8.091025766043813e-11
  ],
  "ball_metrics": {
    "launch_angle_deg": 8.5,
    "launch_direction_deg": -0.1,
    "ball_speed_ms": 88.0,
    "carry_m": 234.8,
    "apex_m": 9.22,
    "descent_angle_deg": 8.8,
    "time_of_flight_s": 2.7
  },
  "spin": null,
  "metrics": {
    "sequence": 2,
    "rmse_2d_measured": 48.34701156616211,
    "rmse_2d_filtered": 157.90713500976562,
    "rmse_3d": 5.6773858070373535,
    "visibility_f1": 1.0,
    "smoothness_filtered": 49.49935531616211,
    "carry_err_m": 6.046349382048158,
    "apex_err_m": 4.852546691894531,
    "visible_prob_mean": 0.4359714984893799,
    "visible_prob_max": 1.0,
    "gt_visible_rate": 0.4583333432674408,
    "ball_launch_angle_deg": 8.5,
    "ball_launch_direction_deg": -0.1,
    "ball_ball_speed_ms": 88.0,