{
  "measured_uv": [
    [
      92.04319763183594,
      472.026123046875
    ],
    [
      51.982540130615234,
      443.91192626953125
    ],
    [
      80.0359878540039,
      439.9608154296875
    ],
    [
      56.04636764526367,
      436.1023254394531
    ],
    [
      60.00700759887695,
      439.95745849609375
    ],
    [
      139.92172241210938,
      219.8148193359375
    ],
    [
      156.02716064453125,
      164.04222106933594
    ],
    [
      55.997074127197266,
      187.97137451171875
    ],
    [
      63.975311279296875,
      427.9554138183594
    ],
    [
      59.99540328979492,
      187.96267700195312
    ],
    [
      63.976375579833984,
      116.13104248046875
    ],
    [
      72.07025146484375,
      432.0968933105469
    ],
    [
      51.95413589477539,
      187.8772430419922
    ],
    [
      76.0451431274414,
      432.0718688964844
    ],
    [
      75.98342895507812,
      423.9898681640625
    ],
    [
      140.06845092773438,
      268.15875244140625
    ],
    [
      63.99370574951172,
      188.00567626953125
    ],
    [
      144.01953125,
      147.96971130371094
    ],
    [
      59.95159149169922,
      183.732421875
    ],
    [
      63.999691009521484,
      183.97218322753906
    ],
    [
      44.20675277709961,
      88.07865905761719
    ],
    [
      143.90724182128906,
      167.85855102539062
    ],
    [
      124.09857940673828,
      156.23641967773438
    ],
    [
      120.01277923583984,
      156.03854370117188
    ]
  ],
  "filtered_uv": [
    [
      92.04319763183594,
      472.026123046875
    ],
    [
      53.85452651977539,
      445.2256774902344
    ],
    [
      78.84368896484375,
      440.2005615234375
    ],
    [
      57.084503173828125,
      436.288818359375
    ],
    [
      59.873756408691406,
      439.7903137207031
    ],
    [
      59.870697021484375,
      439.78955078125
    ],
    [
      59.867637634277344,
      439.7887878417969
    ],
    [
      59.86457824707031,
      439.78802490234375
    ],
    [
      63.925384521484375,
      428.0989990234375
    ],
    [
      63.92848587036133,
      428.0805358886719
    ],
    [
      63.93158721923828,
      428.06207275390625
    ],
    [
      71.93992614746094,
      432.0319519042969
    ],
    [
      71.96273803710938,
      432.0232849121094
    ],
    [
      75.94903564453125,
      432.0705261230469
    ],
    [
      75.98346710205078,
      424.35589599609375
    ],
    [
      76.0186996459961,
      424.3201599121094
    ],
    [
      76.0539321899414,
      424.284423828125
    ],
    [
      76.08916473388672,
      424.2486877441406
    ],
    [
      76.12439727783203,
      424.21295166015625
    ],
    [
      64.11653137207031,
      186.28025817871094
    ],
    [
      45.106842041015625,
      92.47407531738281
    ],
    [
      44.99424362182617,
      90.9479751586914
    ],
    [
      122.23069763183594,
      154.66098022460938
    ],
    [
      120.12709045410156,
      155.9232635498047
    ]
  ],
  "xyz_pred": [
    [
      -0.09871311485767365,
      0.28295034170150757,
      4.164560317993164
    ],
    [
      -0.033619269728660583,
      0.35396838188171387,
      5.380040168762207
    ],
    [
      0.06264710426330566,
      0.38338911533355713,
      5.101382732391357
    ],
    [
      0.1169121116399765,
      0.44139307737350464,
      4.7660136222839355
    ],
    [
      0.14068356156349182,
      0.5119116306304932,
      4.647586822509766
    ],
    [
      0.15242189168930054,
      0.5789680480957031,
      4.676055431365967
    ],
    [
      0.1590108573436737,
      0.6390232443809509,
      4.765578269958496
    ],
    [
      0.1624087542295456,
      0.6921584010124207,
      4.874936103820801
    ],
    [
      0.1676083654165268,
      0.7532437443733215,
      5.067529201507568
    ],
    [
      0.17024198174476624,
      0.8019876480102539,
      5.190120220184326
    ],
    [
      0.1698651760816574,
      0.8452630043029785,
      5.314999580383301
    ],
    [
      0.16700270771980286,
      0.8792545795440674,
      5.410996437072754
    ],
    [
      0.16387388110160828,
      0.9106075763702393,
      5.519992828369141
    ],
    [
      0.16142404079437256,
      0.9393446445465088,
      5.626464366912842
    ],
    [
      0.1558288037776947,
      0.9704803228378296,
      5.801706314086914
    ],
    [
      0.15162178874015808,
      0.9959301352500916,
      5.918050289154053
    ],
    [
      0.14734074473381042,
      1.0198540687561035,
      6.023730754852295
    ],
    [
      0.14311568439006805,
      1.0421202182769775,
      6.122659206390381
    ],
    [
      0.13913020491600037,
      1.0627269744873047,
      6.2146806716918945
    ],
    [
      0.11670508235692978,
      1.1391332149505615,
      6.707241058349609
    ],
    [
      0.11627931892871857,
      1.2406290769577026,
      7.12813138961792
    ],
    [
      0.11494283378124237,
      1.3692158460617065,
      7.622841835021973
    ],
    [
      0.12119480967521667,
      1.4988409280776978,
      8.042094230651855
    ],
    [
      0.11383708566427231,
      1.6346502304077148,
      8.627629280090332
    ]
  ],
  "uv_reprojected": [
    [
      107.37158966064453,
      253.00506591796875
    ],
    [
      81.05674743652344,
      327.0849914550781
    ],
    [
      53.12109375,
      326.3399963378906
    ],
    [
      34.652469635009766,
      332.270751953125
    ],
    [
      25.998783111572266,
      350.3356018066406
    ],
    [
      22.49197006225586,
      372.21893310546875
    ],
    [
      21.330650329589844,
      392.98638916015625
    ],
    [
      21.408275604248047,
      411.2442321777344
    ],
    [
      21.770240783691406,
      432.09295654296875
    ],
    [
      22.18304443359375,
      447.3403015136719
    ],
    [
      23.451847076416016,
      460.3916320800781
    ],
    [
      25.104236602783203,
      470.21112060546875
    ],
    [
      26.877593994140625,
      479.0251159667969
    ],
    [
      28.38101577758789,
      486.81341552734375
    ],
    [
      31.141529083251953,
      494.92999267578125
    ],
    [
      33.009361267089844,
      501.23565673828125
    ],
    [
      34.75850296020508,
      506.9483642578125
    ],
    [
      36.39473342895508,
      512.08642578125
    ],
    [
      37.88340759277344,
      516.6942749023438
    ],
    [
      45.40277099609375,
      531.8082275390625
    ],
    [
      47.04177474975586,
      550.506591796875
    ],
    [
      48.90220642089844,
      571.6292114257812
    ],
    [
      48.91529846191406,
      591.2562255859375
    ],
    [
      51.743003845214844,
      607.7985229492188
    ]
  ],
  "visible_prob": [
    1.0,
    1.0,
    1.0,
    1.0,
    1.0,
    1.0,
    1.0,
    1.0,
    1.0,
    1.0,
    1.0,
    1.0,
    1.0,
    1.0,
    1.0,
    1.0,
    1.0,
    1.0,
    1.0,
    1.0,
    1.0,
    1.0,
    1.0,
    1.0
  ],
  "ball_metrics": {
    "launch_angle_deg": 23.0,
    "launch_direction_deg": 26.4,
    "ball_speed_ms": 8.8,
    "carry_m": 6.3,
    "apex_m": 0.88,
    "descent_angle_deg": 27.3,
    "time_of_flight_s": 0.77
  },
  "spin": null,
  "metrics": {
    "sequence": 12,
    "rmse_2d_measured": 185.74331665039062,
    "rmse_2d_filtered": 240.83258056640625,
    "rmse_3d": 0.7944228053092957,
    "visibility_f1": 1.0,
    "smoothness_filtered": 40.25041580200195,
    "carry_err_m": 0.6658111497447017,
    "apex_err_m": 1.60610780864954,
    "visible_prob_mean": 1.0,
    "visible_prob_max": 1.0,
    "gt_visible_rate": 1.0,
    "ball_launch_angle_deg": 23.0,
    "ball_launch_direction_deg": 26.4,
    "ball_ball_speed_ms": 8.8,
    "ball_carry_m": 6.3,
    "ball_apex_m": 0.88,
    "ball_descent_angle_deg": 27.3,
    "ball_time_of_flight_s": 0.77,
    "spin_backspin_rpm": 0.0,
    "spin_sidespin_rpm": 0.0
  }
}