{
  "measured_uv": [
    [
      36.19411849975586,
      472.07989501953125
    ],
    [
      248.39453125,
      362.2618713378906
    ],
    [
      28.003955841064453,
      439.98907470703125
    ],
    [
      4.057367324829102,
      428.4584045410156
    ],
    [
      7.982606410980225,
      428.0982971191406
    ],
    [
      12.025879859924316,
      432.05767822265625
    ],
    [
      96.06356048583984,
      212.12005615234375
    ],
    [
      16.051956176757812,
      432.0636291503906
    ],
    [
      35.99040603637695,
      143.98468017578125
    ],
    [
      20.036575317382812,
      428.0373229980469
    ],
    [
      27.961854934692383,
      140.0352325439453
    ],
    [
      23.969919204711914,
      423.9771423339844
    ],
    [
      28.037702560424805,
      428.0369873046875
    ],
    [
      100.04890441894531,
      156.08140563964844
    ],
    [
      4.017162322998047,
      179.96302795410156
    ],
    [
      11.984380722045898,
      179.92562866210938
    ],
    [
      96.02656555175781,
      196.03134155273438
    ],
    [
      3.9909019470214844,
      91.999755859375
    ],
    [
      83.98599243164062,
      120.02137756347656
    ],
    [
      97.03280639648438,
      144.9015350341797
    ],
    [
      136.04638671875,
      188.0056915283203
    ],
    [
      84.0855941772461,
      148.16551208496094
    ],
    [
      192.04171752929688,
      240.12742614746094
    ],
    [
      203.90635681152344,
      255.8652801513672
    ]
  ],
  "filtered_uv": [
    [
      36.19411849975586,
      472.07989501953125
    ],
    [
      36.19411849975586,
      472.07989501953125
    ],
    [
      28.201757431030273,
      440.76409912109375
    ],
    [
      5.155420303344727,
      429.01788330078125
    ],
    [
      7.853316307067871,
      428.1396484375
    ],
    [
      11.8355131149292,
      431.8788757324219
    ],
    [
      11.828527450561523,
      431.8714599609375
    ],
    [
      15.95141315460205,
      432.05889892578125
    ],
    [
      15.950691223144531,
      432.0517883300781
    ],
    [
      19.939605712890625,
      428.1324157714844
    ],
    [
      19.94710350036621,
      428.1172180175781
    ],
    [
      23.874744415283203,
      424.0749206542969
    ],
    [
      27.849639892578125,
      427.8560791015625
    ],
    [
      27.879220962524414,
      427.84185791015625
    ],
    [
      27.908802032470703,
      427.82763671875
    ],
    [
      27.938383102416992,
      427.81341552734375
    ],
    [
      27.96796417236328,
      427.7991943359375
    ],
    [
      27.99754524230957,
      427.78497314453125
    ],
    [
      28.02712631225586,
      427.770751953125
    ],
    [
      96.55951690673828,
      146.8424072265625
    ],
    [
      134.27374267578125,
      186.09169006347656
    ],
    [
      86.38180541992188,
      149.84124755859375
    ],
    [
      86.6174087524414,
      148.71360778808594
    ],
    [
      201.14768981933594,
      253.31338500976562
    ]
  ],
  "xyz_pred": [
    [
      -0.0952741801738739,
      0.27912598848342896,
      4.066747665405273
    ],
    [
      -0.03565768152475357,
      0.29507720470428467,
      4.927961826324463
    ],
    [
      0.06294012069702148,
      0.3358123302459717,
      4.725485324859619
    ],
    [
      0.11582154035568237,
      0.4026675522327423,
      4.480658054351807
    ],
    [
      0.14057807624340057,
      0.47581273317337036,
      4.421573162078857
    ],
    [
      0.1519392430782318,
      0.5443621277809143,
      4.483193874359131
    ],
    [
      0.15824191272258759,
      0.6061950325965881,
      4.600828647613525
    ],
    [
      0.16245144605636597,
      0.6606330871582031,
      4.731583118438721
    ],
    [
      0.16456495225429535,
      0.7087419033050537,
      4.859041690826416
    ],
    [
      0.16535833477973938,
      0.7536414861679077,
      4.987165927886963
    ],
    [
      0.16541185975074768,
      0.7914670705795288,
      5.095714092254639
    ],
    [
      0.1672021895647049,
      0.8313330411911011,
      5.230112075805664
    ],
    [
      0.16600088775157928,
      0.8578946590423584,
      5.298913478851318
    ],
    [
      0.16406117379665375,
      0.8829355835914612,
      5.385268688201904
    ],
    [
      0.16239741444587708,
      0.9046087861061096,
      5.46239709854126
    ],
    [
      0.16093622148036957,
      0.9234349727630615,
      5.530058860778809
    ],
    [
      0.1595781147480011,
      0.9397892355918884,
      5.589700222015381
    ],
    [
      0.15828701853752136,
      0.9540256857872009,
      5.6424946784973145
    ],
    [
      0.15705333650112152,
      0.9664586782455444,
      5.689378261566162
    ],
    [
      0.16465580463409424,
      1.0226960182189941,
      5.946496486663818
    ],
    [
      0.1533195525407791,
      1.1560771465301514,
      6.544422626495361
    ],
    [
      0.12490707635879517,
      1.2951866388320923,
      7.314060688018799
    ],
    [
      0.09388919919729233,
      1.431485652923584,
      8.086044311523438
    ],
    [
      0.05797967314720154,
      1.5622022151947021,
      8.90534496307373
    ]
  ],
  "uv_reprojected": [
    [
      106.95620727539062,
      245.7993621826172
    ],
    [
      82.54463958740234,
      294.14923095703125
    ],
    [
      51.554832458496094,
      298.152587890625
    ],
    [
      32.66411209106445,
      309.22869873046875
    ],
    [
      23.70197296142578,
      330.96759033203125
    ],
    [
      20.540180206298828,
      355.61846923828125
    ],
    [
      19.781272888183594,
      378.87213134765625
    ],
    [
      19.87293243408203,
      398.93927001953125
    ],
    [
      20.57495880126953,
      415.9671630859375
    ],
    [
      21.646907806396484,
      431.19061279296875
    ],
    [
      22.6959228515625,
      443.4275817871094
    ],
    [
      23.437435150146484,
      455.9240417480469
    ],
    [
      24.405040740966797,
      463.7764892578125
    ],
    [
      25.705440521240234,
      471.0920715332031
    ],
    [
      26.813175201416016,
      477.244873046875
    ],
    [
      27.759952545166016,
      482.4516906738281
    ],
    [
      28.594406127929688,
      486.8738098144531
    ],
    [
      29.342098236083984,
      490.64788818359375
    ],
    [
      30.017539978027344,
      493.88677978515625
    ],
    [
      29.88955307006836,
      507.79901123046875
    ],
    [
      36.31520080566406,
      536.507080078125
    ],
    [
      45.88853073120117,
      560.0277709960938
    ],
    [
      54.12993621826172,
      578.5364379882812
    ],
    [
      61.819847106933594,
      592.3777465820312
    ]
  ],
  "visible_prob": [
    1.0,
    1.0,
    1.0,
    1.0,
    1.0,
    1.0,
    1.0,
    1.0,
    1.0,
    1.0,
    1.0,
    1.0,
    1.0,
    1.0,
    1.0,
    1.0,
    1.0,
    1.0,
    1.0,
    1.0,
    1.0,
    1.0,
    1.0,
    1.0
  ],
  "ball_metrics": {
    "launch_angle_deg": 24.8,
    "launch_direction_deg": 33.6,
    "ball_speed_ms": 7.0,
    "carry_m": 4.4,
    "apex_m": 0.72,
    "descent_angle_deg": 30.5,
    "time_of_flight_s": 0.68
  },
  "spin": null,
  "metrics": {
    "sequence": 10,
    "rmse_2d_measured": 143.62527465820312,
    "rmse_2d_filtered": 195.14588928222656,
    "rmse_3d": 0.7234817147254944,
    "visibility_f1": 1.0,
    "smoothness_filtered": 48.80854797363281,
    "carry_err_m": 1.0543364185067583,
    "apex_err_m": 1.528510220348835,
    "visible_prob_mean": 1.0,
    "visible_prob_max": 1.0,
    "gt_visible_rate": 1.0,
    "ball_launch_angle_deg": 24.8,
    "ball_launch_direction_deg": 33.6,
    "ball_ball_speed_ms": 7.0,
    "ball_carry_m": 4.4,
    "ball_apex_m": 0.72,
    "ball_descent_angle_deg": 30.5,
    "ball_time_of_flight_s": 0.68,
    "spin_backspin_rpm": 0.0,
    "spin_sidespin_rpm": 0.0
  }
}