{
  "measured_uv": [
    [
      272.2404479980469,
      428.665283203125
    ],
    [
      248.06442260742188,
      364.0670471191406
    ],
    [
      231.9691925048828,
      308.0086364746094
    ],
    [
      216.51849365234375,
      268.6338806152344
    ],
    [
      207.98304748535156,
      240.0994873046875
    ],
    [
      204.02528381347656,
      220.03677368164062
    ],
    [
      195.95657348632812,
      204.0146484375
    ],
    [
      192.05723571777344,
      188.21351623535156
    ],
    [
      188.28561401367188,
      176.5417938232422
    ],
    [
      188.03598022460938,
      168.05821228027344
    ],
    [
      184.0690155029297,
      160.0811767578125
    ],
    [
      184.03253173828125,
      152.0492706298828
    ],
    [
      184.02755737304688,
      144.07122802734375
    ],
    [
      180.08383178710938,
      140.067626953125
    ],
    [
      180.072265625,
      132.19552612304688
    ],
    [
      180.05226135253906,
      128.08865356445312
    ],
    [
      180.0461883544922,
      124.07218933105469
    ],
    [
      180.0534210205078,
      120.13182830810547
    ],
    [
      180.06031799316406,
      116.11502075195312
    ],
    [
      183.9971160888672,
      111.99983978271484
    ],
    [
      180.0186309814453,
      108.1400375366211
    ],
    [
      180.0419921875,
      108.0695571899414
    ],
    [
      180.0403289794922,
      104.0892333984375
    ],
    [
      180.02305603027344,
      103.999267578125
    ]
  ],
  "filtered_uv": [
    [
      272.2404479980469,
      428.665283203125
    ],
    [
      249.1941375732422,
      367.08563232421875
    ],
    [
      232.75360107421875,
      310.698974609375
    ],
    [
      217.25738525390625,
      270.54815673828125
    ],
    [
      208.404541015625,
      241.48355102539062
    ],
    [
      204.22361755371094,
      221.00979614257812
    ],
    [
      196.33148193359375,
      204.78387451171875
    ],
    [
      192.24996948242188,
      188.9622039794922
    ],
    [
      188.4639129638672,
      177.10043334960938
    ],
    [
      188.0531768798828,
      168.46214294433594
    ],
    [
      184.2477569580078,
      160.4541015625
    ],
    [
      184.0395965576172,
      152.42230224609375
    ],
    [
      184.02537536621094,
      144.44073486328125
    ],
    [
      180.2600555419922,
      140.25537109375
    ],
    [
      180.0775146484375,
      132.5499725341797
    ],
    [
      180.05010986328125,
      128.2785186767578
    ],
    [
      180.0430908203125,
      124.249755859375
    ],
    [
      180.0496826171875,
      120.30464935302734
    ],
    [
      180.05657958984375,
      116.29032897949219
    ],
    [
      183.8152618408203,
      112.17890930175781
    ],
    [
      180.18829345703125,
      108.30683898925781
    ],
    [
      180.04539489746094,
      108.06327056884766
    ],
    [
      180.03732299804688,
      104.25223541259766
    ],
    [
      180.02047729492188,
      103.99285125732422
    ]
  ],
  "xyz_pred": [
    [
      -0.18088380992412567,
      0.413078248500824,
      5.909261703491211
    ],
    [
      -0.20221099257469177,
      0.5989437103271484,
      8.66280460357666
    ],
    [
      -0.1379452645778656,
      0.7898086309432983,
      9.53226375579834
    ],
    [
      -0.07616633921861649,
      1.0103346109390259,
      9.969722747802734
    ],
    [
      -0.07207920402288437,
      1.261507511138916,
      10.64962387084961
    ],
    [
      -0.07816017419099808,
      1.5174360275268555,
      11.216767311096191
    ],
    [
      -0.0730963796377182,
      1.7852637767791748,
      11.77412223815918
    ],
    [
      -0.03361348807811737,
      2.073418378829956,
      12.310416221618652
    ],
    [
      0.019253311678767204,
      2.3731725215911865,
      12.917533874511719
    ],
    [
      0.06498187780380249,
      2.661160945892334,
      13.603547096252441
    ],
    [
      0.09507802128791809,
      2.92724347114563,
      14.370614051818848
    ],
    [
      0.11370506882667542,
      3.1671805381774902,
      15.176602363586426
    ],
    [
      0.12597104907035828,
      3.3879549503326416,
      16.011436462402344
    ],
    [
      0.13652750849723816,
      3.596468210220337,
      16.869869232177734
    ],
    [
      0.1420130729675293,
      3.7904460430145264,
      17.75153923034668
    ],
    [
      0.14231401681900024,
      3.97971773147583,
      18.662033081054688
    ],
    [
      0.1407102346420288,
      4.172140121459961,
      19.60785484313965
    ],
    [
      0.1401425004005432,
      4.3730878829956055,
      20.593183517456055
    ],
    [
      0.1426205039024353,
      4.583073616027832,
      21.615880966186523
    ],
    [
      0.15134680271148682,
      4.802682876586914,
      22.663684844970703
    ],
    [
      0.16164547204971313,
      5.014763355255127,
      23.723058700561523
    ],
    [
      0.16120243072509766,
      5.192587852478027,
      24.77573585510254
    ],
    [
      0.13726741075515747,
      5.307625770568848,
      25.805185317993164
    ],
    [
      0.07684266567230225,
      5.356447219848633,
      26.804723739624023
    ]
  ],
  "uv_reprojected": [
    [
      268.9276428222656,
      206.56431579589844
    ],
    [
      265.6208190917969,
      232.94525146484375
    ],
    [
      261.5845031738281,
      245.20870971679688
    ],
    [
      258.4761047363281,
      256.96356201171875
    ],
    [
      258.0795593261719,
      268.9137878417969
    ],
    [
      258.1705017089844,
      279.89239501953125
    ],
    [
      257.8247375488281,
      290.360595703125
    ],
    [
      256.24237060546875,
      300.8047180175781
    ],
    [
      254.32183837890625,
      310.5329895019531
    ],
    [
      252.8265380859375,
      318.57159423828125
    ],
    [
      251.98965454101562,
      324.6583557128906
    ],
    [
      251.59107971191406,
      329.05352783203125
    ],
    [
      251.42025756835938,
      332.25213623046875
    ],
    [
      251.31768798828125,
      334.64947509765625
    ],
    [
      251.3599853515625,
      336.288330078125
    ],
    [
      251.5302276611328,
      337.51513671875
    ],
    [
      251.7348175048828,
      338.55938720703125
    ],
    [
      251.90359497070312,
      339.557373046875
    ],
    [
      251.99794006347656,
      340.53057861328125
    ],
    [
      251.96153259277344,
      341.5374755859375
    ],
    [
      251.89968872070312,
      342.25030517578125
    ],
    [
      252.03956604003906,
      342.2179870605469
    ],
    [
      252.57968139648438,
      341.02105712890625
    ],
    [
      253.69561767578125,
      338.74591064453125
    ]
  ],
  "visible_prob": [
    1.0,
    1.0,
    1.0,
    0.9999997615814209,
    1.0,
    1.0,
    1.0,
    1.0,
    1.0,
    1.0,
    1.0,
    1.0,
    1.0,
    1.0,
    1.0,
    1.0,
    1.0,
    1.0,
    1.0,
    1.0,
    1.0,
    1.0,
    1.0,
    1.0
  ],
  "ball_metrics": {
    "launch_angle_deg": 10.1,
    "launch_direction_deg": 1.3,
    "ball_speed_ms": 72.3,
    "carry_m": 186.8,
    "apex_m": 8.67,
    "descent_angle_deg": 10.4,
    "time_of_flight_s": 2.63
  },
  "spin": null,
  "metrics": {
    "sequence": 10,
    "rmse_2d_measured": 1.9087934494018555,
    "rmse_2d_filtered": 2.262420892715454,
    "rmse_3d": 3.9330379962921143,
    "visibility_f1": 1.0,
    "smoothness_filtered": 5.00998067855835,
    "carry_err_m": 8.36128068688637,
    "apex_err_m": 0.49488162994384766,
    "visible_prob_mean": 1.0,
    "visible_prob_max": 1.0,
    "gt_visible_rate": 1.0,
    "ball_launch_angle_deg": 10.1,
    "ball_launch_direction_deg": 1.3,
    "ball_ball_speed_ms": 72.3,
    "ball_carry_m": 186.8,
    "ball_apex_m": 8.67,
    "ball_descent_angle_deg": 10.4,
    "ball_time_of_flight_s": 2.63,
    "spin_backspin_rpm": 0.0,
    "spin_sidespin_rpm": 0.0
  }
}