{
  "measured_uv": [
    [
      159.980712890625,
      423.92620849609375
    ],
    [
      80.00218963623047,
      287.99615478515625
    ],
    [
      95.95262145996094,
      427.893798828125
    ],
    [
      99.98053741455078,
      427.8612976074219
    ],
    [
      103.9794692993164,
      423.9048767089844
    ],
    [
      108.01002502441406,
      423.8892822265625
    ],
    [
      111.95223999023438,
      419.8934326171875
    ],
    [
      119.9769058227539,
      419.8560485839844
    ],
    [
      87.98432922363281,
      183.9757537841797
    ],
    [
      127.97428894042969,
      415.9228210449219
    ],
    [
      143.97567749023438,
      439.9981384277344
    ],
    [
      135.92762756347656,
      411.9624938964844
    ],
    [
      115.98450469970703,
      424.0443115234375
    ],
    [
      139.96800231933594,
      407.972900390625
    ],
    [
      172.19496154785156,
      156.25222778320312
    ],
    [
      119.97978973388672,
      420.0484619140625
    ],
    [
      172.18284606933594,
      144.21734619140625
    ],
    [
      91.95232391357422,
      92.03675842285156
    ],
    [
      172.42127990722656,
      148.46688842773438
    ],
    [
      88.00118255615234,
      67.97430419921875
    ],
    [
      92.005859375,
      72.02323150634766
    ],
    [
      87.9625473022461,
      75.99375915527344
    ],
    [
      83.98775482177734,
      79.9668960571289
    ],
    [
      92.11015319824219,
      84.25385284423828
    ]
  ],
  "filtered_uv": [
    [
      159.980712890625,
      423.92620849609375
    ],
    [
      159.980712890625,
      423.92620849609375
    ],
    [
      97.49897003173828,
      427.7979736328125
    ],
    [
      99.86726379394531,
      427.8584289550781
    ],
    [
      103.7919692993164,
      424.0848388671875
    ],
    [
      107.81790924072266,
      423.8980712890625
    ],
    [
      111.7641830444336,
      420.0754699707031
    ],
    [
      119.60368347167969,
      419.86566162109375
    ],
    [
      119.6220932006836,
      419.8573303222656
    ],
    [
      127.77644348144531,
      416.0160217285156
    ],
    [
      143.24195861816406,
      438.9087829589844
    ],
    [
      136.26319885253906,
      413.1883544921875
    ],
    [
      116.90785217285156,
      423.5499267578125
    ],
    [
      138.92086791992188,
      408.6801452636719
    ],
    [
      138.98849487304688,
      408.63232421875
    ],
    [
      120.43121337890625,
      419.7771911621094
    ],
    [
      120.43048858642578,
      419.77044677734375
    ],
    [
      120.42976379394531,
      419.7637023925781
    ],
    [
      120.42903900146484,
      419.7569580078125
    ],
    [
      120.42831420898438,
      419.7502136230469
    ],
    [
      120.4275894165039,
      419.74346923828125
    ],
    [
      120.42686462402344,
      419.7367248535156
    ],
    [
      120.42613983154297,
      419.72998046875
    ],
    [
      120.4254150390625,
      419.7232360839844
    ]
  ],
  "xyz_pred": [
    [
      -0.15575119853019714,
      0.387262761592865,
      5.439932823181152
    ],
    [
      -0.16021960973739624,
      0.44751429557800293,
      7.295516014099121
    ],
    [
      -0.05539087951183319,
      0.49765318632125854,
      7.047302722930908
    ],
    [
      0.01994246430695057,
      0.5923561453819275,
      6.66309118270874
    ],
    [
      0.04896670579910278,
      0.699210524559021,
      6.626804828643799
    ],
    [
      0.05745008587837219,
      0.808061957359314,
      6.786147594451904
    ],
    [
      0.04701126366853714,
      0.9069854021072388,
      7.1153998374938965
    ],
    [
      0.033387839794158936,
      0.9976442456245422,
      7.470860004425049
    ],
    [
      0.021069234237074852,
      1.083512783050537,
      7.813656330108643
    ],
    [
      0.002385767176747322,
      1.1512751579284668,
      8.17624282836914
    ],
    [
      0.02113676257431507,
      1.2449572086334229,
      8.240973472595215
    ],
    [
      -0.012258214876055717,
      1.2885218858718872,
      8.681120872497559
    ],
    [
      -0.018543770536780357,
      1.3597294092178345,
      8.953038215637207
    ],
    [
      -0.04719507694244385,
      1.3886494636535645,
      9.307282447814941
    ],
    [
      -0.07111861556768417,
      1.422203540802002,
      9.65698528289795
    ],
    [
      -0.07988002896308899,
      1.4811184406280518,
      9.936054229736328
    ],
    [
      -0.0894937515258789,
      1.5308940410614014,
      10.171847343444824
    ],
    [
      -0.10049277544021606,
      1.5760701894760132,
      10.406207084655762
    ],
    [
      -0.11262793093919754,
      1.6191309690475464,
      10.640904426574707
    ],
    [
      -0.12517009675502777,
      1.6599912643432617,
      10.87355899810791
    ],
    [
      -0.13774210214614868,
      1.6986825466156006,
      11.102948188781738
    ],
    [
      -0.1502169519662857,
      1.7355271577835083,
      11.328763008117676
    ],
    [
      -0.1625261902809143,
      1.770780086517334,
      11.551011085510254
    ],
    [
      -0.17462937533855438,
      1.8046541213989258,
      11.769816398620605
    ]
  ],
  "uv_reprojected": [
    [
      114.80120849609375,
      337.90032958984375
    ],
    [
      104.74565124511719,
      390.0384521484375
    ],
    [
      83.48553466796875,
      396.74853515625
    ],
    [
      67.12327575683594,
      411.8776550292969
    ],
    [
      60.495338439941406,
      435.03399658203125
    ],
    [
      58.8722038269043,
      459.9398498535156
    ],
    [
      61.67464065551758,
      481.9374694824219
    ],
    [
      64.89783477783203,
      500.34600830078125
    ],
    [
      67.5703125,
      516.2197875976562
    ],
    [
      71.19570922851562,
      527.4306030273438
    ],
    [
      67.76875305175781,
      543.8259887695312
    ],
    [
      73.76451110839844,
      548.716552734375
    ],
    [
      74.75830841064453,
      558.7427368164062
    ],
    [
      79.28055572509766,
      560.8798828125
    ],
    [
      82.73865509033203,
      563.5947875976562
    ],
    [
      83.7562255859375,
      570.3609008789062
    ],
    [
      84.90018463134766,
      575.7879638671875
    ],
    [
      86.19498443603516,
      580.3336791992188
    ],
    [
      87.59321594238281,
      584.3851928710938
    ],
    [
      88.99078369140625,
      587.98291015625
    ],
    [
      90.33935546875,
      591.1720581054688
    ],
    [
      91.626708984375,
      594.024658203125
    ],
    [
      92.84867858886719,
      596.59521484375
    ],
    [
      94.00466918945312,
      598.9275512695312
    ]
  ],
  "visible_prob": [
    1.0,
    1.0,
    1.0,
    1.0,
    1.0,
    1.0,
    1.0,
    1.0,
    1.0,
    1.0,
    1.0,
    1.0,
    1.0,
    1.0,
    1.0,
    1.0,
    1.0,
    1.0,
    1.0,
    1.0,
    1.0,
    1.0,
    1.0,
    1.0
  ],
  "ball_metrics": {
    "launch_angle_deg": 14.5,
    "launch_direction_deg": 9.8,
    "ball_speed_ms": 18.7,
    "carry_m": 18.6,
    "apex_m": 1.5,
    "descent_angle_deg": 16.7,
    "time_of_flight_s": 1.03
  },
  "spin": null,
  "metrics": {
    "sequence": 9,
    "rmse_2d_measured": 241.84423828125,
    "rmse_2d_filtered": 270.4916687011719,
    "rmse_3d": 2.0561325550079346,
    "visibility_f1": 0.8571428571428571,
    "smoothness_filtered": 18.126235961914062,
    "carry_err_m": 2.599316203564692,
    "apex_err_m": 1.7882637046277523,
    "visible_prob_mean": 1.0,
    "visible_prob_max": 1.0,
    "gt_visible_rate": 0.75,
    "ball_launch_angle_deg": 14.5,
    "ball_launch_direction_deg": 9.8,
    "ball_ball_speed_ms": 18.7,
    "ball_carry_m": 18.6,
    "ball_apex_m": 1.5,
    "ball_descent_angle_deg": 16.7,
    "ball_time_of_flight_s": 1.03,
    "spin_backspin_rpm": 0.0,
    "spin_sidespin_rpm": 0.0
  }
}