{
  "measured_uv": [
    [
      160.165771484375,
      328.2739562988281
    ],
    [
      284.0825500488281,
      244.17593383789062
    ],
    [
      293.1907958984375,
      197.7052764892578
    ],
    [
      167.95706176757812,
      100.1295166015625
    ],
    [
      167.96432495117188,
      104.08006286621094
    ],
    [
      140.0161895751953,
      311.7699890136719
    ],
    [
      139.9091796875,
      307.893798828125
    ],
    [
      143.9855499267578,
      307.9082946777344
    ],
    [
      180.10360717773438,
      116.18494415283203
    ],
    [
      131.9951171875,
      136.0094451904297
    ],
    [
      147.994384765625,
      307.86572265625
    ],
    [
      136.01153564453125,
      139.9839630126953
    ],
    [
      140.19699096679688,
      104.41764068603516
    ],
    [
      152.02059936523438,
      307.83782958984375
    ],
    [
      151.98599243164062,
      307.80377197265625
    ],
    [
      152.05003356933594,
      304.04876708984375
    ],
    [
      192.03811645507812,
      116.05113983154297
    ],
    [
      192.0236053466797,
      115.96926879882812
    ],
    [
      187.99256896972656,
      115.96253204345703
    ],
    [
      123.9737319946289,
      35.97150802612305
    ],
    [
      135.9461212158203,
      63.96577072143555
    ],
    [
      123.9499282836914,
      59.941986083984375
    ],
    [
      124.59899139404297,
      64.68397521972656
    ],
    [
      168.0430450439453,
      132.1293182373047
    ]
  ],
  "filtered_uv": [
    [
      160.165771484375,
      328.2739562988281
    ],
    [
      160.165771484375,
      328.2739562988281
    ],
    [
      160.165771484375,
      328.2739562988281
    ],
    [
      160.165771484375,
      328.2739562988281
    ],
    [
      167.8686065673828,
      106.83160400390625
    ],
    [
      167.87184143066406,
      106.73866271972656
    ],
    [
      167.8750762939453,
      106.64572143554688
    ],
    [
      167.87831115722656,
      106.55278015136719
    ],
    [
      179.955322265625,
      116.06695556640625
    ],
    [
      134.172607421875,
      135.10086059570312
    ],
    [
      134.09423828125,
      135.0640869140625
    ],
    [
      135.96420288085938,
      139.86642456054688
    ],
    [
      140.0016326904297,
      106.0247802734375
    ],
    [
      139.94068908691406,
      105.8990478515625
    ],
    [
      139.87974548339844,
      105.7733154296875
    ],
    [
      139.8188018798828,
      105.6475830078125
    ],
    [
      191.40908813476562,
      115.92445373535156
    ],
    [
      192.00157165527344,
      115.96327209472656
    ],
    [
      188.18023681640625,
      115.9586181640625
    ],
    [
      126.88922119140625,
      39.59332275390625
    ],
    [
      135.5272979736328,
      62.84061813354492
    ],
    [
      124.46810150146484,
      60.05813217163086
    ],
    [
      124.58407592773438,
      64.45867919921875
    ],
    [
      166.06614685058594,
      129.05035400390625
    ]
  ],
  "xyz_pred": [
    [
      -0.20740464329719543,
      0.5837932825088501,
      6.907925605773926
    ],
    [
      -0.25589701533317566,
      0.8094972968101501,
      10.055859565734863
    ],
    [
      -0.22013765573501587,
      0.965521514415741,
      11.063614845275879
    ],
    [
      -0.19483639299869537,
      1.1574326753616333,
      11.689643859863281
    ],
    [
      -0.025660978630185127,
      1.3871439695358276,
      10.620213508605957
    ],
    [
      0.06792958825826645,
      1.6649754047393799,
      10.411210060119629
    ],
    [
      0.13724243640899658,
      1.9732028245925903,
      10.763092041015625
    ],
    [
      0.17429161071777344,
      2.2755367755889893,
      11.455037117004395
    ],
    [
      0.1923985630273819,
      2.5626189708709717,
      12.309915542602539
    ],
    [
      0.1264980435371399,
      2.7934017181396484,
      13.638493537902832
    ],
    [
      0.0620650053024292,
      3.001514434814453,
      14.925000190734863
    ],
    [
      -0.012923182919621468,
      3.182403802871704,
      16.250404357910156
    ],
    [
      0.015094457194209099,
      3.409877061843872,
      17.042879104614258
    ],
    [
      0.033213257789611816,
      3.6187338829040527,
      17.87595558166504
    ],
    [
      0.0444411039352417,
      3.8176114559173584,
      18.748210906982422
    ],
    [
      0.0510709285736084,
      4.016097068786621,
      19.6626033782959
    ],
    [
      0.05738908052444458,
      4.221599578857422,
      20.619447708129883
    ],
    [
      0.06537765264511108,
      4.436683177947998,
      21.61916160583496
    ],
    [
      0.07987433671951294,
      4.66428804397583,
      22.651470184326172
    ],
    [
      0.0965886116027832,
      4.887990951538086,
      23.700647354125977
    ],
    [
      0.1045493483543396,
      5.08151912689209,
      24.75095558166504
    ],
    [
      0.09034442901611328,
      5.2149858474731445,
      25.78348731994629
    ],
    [
      0.03991281986236572,
      5.286561965942383,
      26.786184310913086
    ],
    [
      -0.04451864957809448,
      5.30114221572876,
      27.74678611755371
    ]
  ],
  "uv_reprojected": [
    [
      273.2192687988281,
      194.50457763671875
    ],
    [
      270.44207763671875,
      224.9342041015625
    ],
    [
      267.07415771484375,
      234.89328002929688
    ],
    [
      265.1141357421875,
      244.3756866455078
    ],
    [
      256.4662170410156,
      254.38021850585938
    ],
    [
      251.04071044921875,
      268.0308837890625
    ],
    [
      247.26231384277344,
      282.2672424316406
    ],
    [
      245.76705932617188,
      294.1334228515625
    ],
    [
      245.5156707763672,
      303.356201171875
    ],
    [
      249.3717041015625,
      307.3094177246094
    ],
    [
      252.4765625,
      309.9397277832031
    ],
    [
      255.48257446289062,
      311.15802001953125
    ],
    [
      254.46255493164062,
      315.3804626464844
    ],
    [
      253.87254333496094,
      318.548583984375
    ],
    [
      253.56158447265625,
      321.0232238769531
    ],
    [
      253.4238739013672,
      323.12127685546875
    ],
    [
      253.31106567382812,
      325.06292724609375
    ],
    [
      253.16493225097656,
      326.9168395996094
    ],
    [
      252.86021423339844,
      328.7839660644531
    ],
    [
      252.52699279785156,
      330.3503112792969
    ],
    [
      252.436767578125,
      331.1561584472656
    ],
    [
      252.87371826171875,
      330.7567138671875
    ],
    [
      254.09580993652344,
      329.2890319824219
    ],
    [
      255.97361755371094,
      326.9861755371094
    ]
  ],
  "visible_prob": [
    1.0,
    1.0,
    1.0,
    1.0,
    1.0,
    1.0,
    1.0,
    1.0,
    1.0,
    1.0,
    1.0,
    1.0,
    1.0,
    1.0,
    1.0,
    1.0,
    1.0,
    1.0,
    1.0,
    1.0,
    1.0,
    1.0,
    1.0,
    1.0
  ],
  "ball_metrics": {
    "launch_angle_deg": 12.2,
    "launch_direction_deg": 2.8,
    "ball_speed_ms": 57.0,
    "carry_m": 139.6,
    "apex_m": 7.98,
    "descent_angle_deg": 12.7,
    "time_of_flight_s": 2.5
  },
  "spin": null,
  "metrics": {
    "sequence": 2,
    "rmse_2d_measured": 205.99502563476562,
    "rmse_2d_filtered": 236.04287719726562,
    "rmse_3d": 6.872523307800293,
    "visibility_f1": 0.9565217391304348,
    "smoothness_filtered": 49.540626525878906,
    "carry_err_m": 17.06962698493091,
    "apex_err_m": 5.284054605290294,
    "visible_prob_mean": 1.0,
    "visible_prob_max": 1.0,
    "gt_visible_rate": 0.9166666865348816,
    "ball_launch_angle_deg": 12.2,
    "ball_launch_direction_deg": 2.8,
    "ball_ball_speed_ms": 57.0,
    "ball_carry_m": 139.6,
    "ball_apex_m": 7.98,
    "ball_descent_angle_deg": 12.7,
    "ball_time_of_flight_s": 2.5,
    "spin_backspin_rpm": 0.0,
    "spin_sidespin_rpm": 0.0
  }
}