{
  "measured_uv": [
    [
      284.0892028808594,
      275.99652099609375
    ],
    [
      284.08612060546875,
      275.9866943359375
    ],
    [
      284.0921630859375,
      276.00640869140625
    ],
    [
      284.09320068359375,
      276.0070495605469
    ],
    [
      284.097412109375,
      276.0276184082031
    ],
    [
      284.0968933105469,
      276.02337646484375
    ],
    [
      284.0862121582031,
      275.9855041503906
    ],
    [
      284.0874328613281,
      275.98358154296875
    ],
    [
      284.08624267578125,
      275.9830627441406
    ],
    [
      284.08642578125,
      275.980224609375
    ],
    [
      284.0829772949219,
      275.98162841796875
    ],
    [
      284.0845031738281,
      275.9825134277344
    ],
    [
      284.0838928222656,
      275.98193359375
    ],
    [
      284.0848693847656,
      275.9834289550781
    ],
    [
      284.0859680175781,
      275.9830322265625
    ],
    [
      284.0857849121094,
      275.9826965332031
    ],
    [
      284.0857849121094,
      275.98388671875
    ],
    [
      284.0859069824219,
      275.98614501953125
    ],
    [
      284.08489990234375,
      275.9837951660156
    ],
    [
      284.0827331542969,
      275.9818420410156
    ],
    [
      284.0825500488281,
      275.9820556640625
    ],
    [
      284.08154296875,
      275.98046875
    ],
    [
      284.0846252441406,
      275.9825134277344
    ],
    [
      32.05620574951172,
      64.11286926269531
    ]
  ],
  "filtered_uv": [
    [
      284.0892028808594,
      275.99652099609375
    ],
    [
      284.08612060546875,
      275.9866943359375
    ],
    [
      284.0921630859375,
      276.00640869140625
    ],
    [
      284.09320068359375,
      276.0070495605469
    ],
    [
      284.097412109375,
      276.0276184082031
    ],
    [
      284.0968933105469,
      276.02337646484375
    ],
    [
      284.0862121582031,
      275.9855041503906
    ],
    [
      284.0874328613281,
      275.98358154296875
    ],
    [
      284.08624267578125,
      275.9830627441406
    ],
    [
      284.08642578125,
      275.980224609375
    ],
    [
      284.0829772949219,
      275.98162841796875
    ],
    [
      284.0845031738281,
      275.9825134277344
    ],
    [
      284.0838928222656,
      275.98193359375
    ],
    [
      284.0848693847656,
      275.9834289550781
    ],
    [
      284.0859680175781,
      275.9830322265625
    ],
    [
      284.0857849121094,
      275.9826965332031
    ],
    [
      284.0857849121094,
      275.98388671875
    ],
    [
      284.0859069824219,
      275.98614501953125
    ],
    [
      284.08489990234375,
      275.9837951660156
    ],
    [
      284.0827331542969,
      275.9818420410156
    ],
    [
      284.0825500488281,
      275.9820556640625
    ],
    [
      284.08154296875,
      275.98046875
    ],
    [
      284.0846252441406,
      275.9825134277344
    ],
    [
      32.05620574951172,
      64.11286926269531
    ]
  ],
  "xyz_pred": [
    [
      -0.07134029269218445,
      0.5588418245315552,
      5.517087936401367
    ],
    [
      -0.009362520650029182,
      0.8532350063323975,
      7.860967636108398
    ],
    [
      0.0664333924651146,
      1.0834484100341797,
      8.61783504486084
    ],
    [
      0.09389744699001312,
      1.331476092338562,
      9.207951545715332
    ],
    [
      0.10074987262487411,
      1.6182348728179932,
      10.04561996459961
    ],
    [
      0.08164143562316895,
      1.9127060174942017,
      11.148383140563965
    ],
    [
      0.04114924371242523,
      2.190448045730591,
      12.42151927947998
    ],
    [
      -0.014223398640751839,
      2.444251298904419,
      13.769429206848145
    ],
    [
      -0.07794946432113647,
      2.668874979019165,
      15.124329566955566
    ],
    [
      -0.14610892534255981,
      2.863805055618286,
      16.456388473510742
    ],
    [
      -0.20265734195709229,
      3.053199529647827,
      17.75929832458496
    ],
    [
      -0.26320067048072815,
      3.226449966430664,
      19.04938316345215
    ],
    [
      -0.3248612582683563,
      3.394014596939087,
      20.34176254272461
    ],
    [
      -0.38379669189453125,
      3.567692279815674,
      21.648038864135742
    ],
    [
      -0.43152496218681335,
      3.7727105617523193,
      22.970483779907227
    ],
    [
      -0.4676336944103241,
      4.01490592956543,
      24.307540893554688
    ],
    [
      -0.4932629466056824,
      4.266271114349365,
      25.658090591430664
    ],
    [
      -0.5188319087028503,
      4.500083923339844,
      26.995187759399414
    ],
    [
      -0.5598559379577637,
      4.677670001983643,
      28.274412155151367
    ],
    [
      -0.6215183138847351,
      4.783077239990234,
      29.4172306060791
    ],
    [
      -0.690226674079895,
      4.835285186767578,
      30.3229923248291
    ],
    [
      -0.7493330836296082,
      4.8613481521606445,
      30.9581298828125
    ],
    [
      -0.7934794425964355,
      4.8762006759643555,
      31.37455940246582
    ],
    [
      -0.8611189126968384,
      4.881677627563477,
      31.90427589416504
    ]
  ],
  "uv_reprojected": [
    [
      260.8835144042969,
      216.64857482910156
    ],
    [
      255.5419158935547,
      247.25808715820312
    ],
    [
      251.4924774169922,
      261.6153869628906
    ],
    [
      250.36016845703125,
      274.9827880859375
    ],
    [
      250.43670654296875,
      287.931884765625
    ],
    [
      251.66795349121094,
      298.1982116699219
    ],
    [
      253.49270629882812,
      305.2188415527344
    ],
    [
      255.47000122070312,
      309.7402038574219
    ],
    [
      257.34503173828125,
      312.44049072265625
    ],
    [
      259.03973388671875,
      313.8557434082031
    ],
    [
      260.1921691894531,
      314.998046875
    ],
    [
      261.28662109375,
      315.59130859375
    ],
    [
      262.26641845703125,
      315.9593200683594
    ],
    [
      263.0666809082031,
      316.38861083984375
    ],
    [
      263.54766845703125,
      317.42413330078125
    ],
    [
      263.7533874511719,
      319.0919189453125
    ],
    [
      263.74713134765625,
      320.7342529296875
    ],
    [
      263.7448425292969,
      321.9129638671875
    ],
    [
      264.0093688964844,
      322.10137939453125
    ],
    [
      264.61309814453125,
      321.32916259765625
    ],
    [
      265.35693359375,
      320.2294006347656
    ],
    [
      266.0131530761719,
      319.32220458984375
    ],
    [
      266.5072021484375,
      318.7108459472656
    ],
    [
      267.28076171875,
      317.7409362792969
    ]
  ],
  "visible_prob": [
    2.1840667940864478e-08,
    5.366802557915662e-09,
    4.921220764231293e-09,
    1.5588672575006512e-09,
    2.2137089938922827e-09,
    4.418208021661485e-09,
    3.697914197076102e-09,
    3.3477975946993865e-09,
    5.795784296935835e-09,
    8.852208743803658e-09,
    5.859407625763424e-09,
    9.466146089209815e-09,
    2.330961557106548e-08,
    3.190667996477714e-08,
    3.3479011563031236e-08,
    4.4339628857414937e-08,
    8.838918574838317e-08,
    1.479623392697249e-07,
    1.0237749137331775e-07,
    7.554835690370965e-08,
    5.380006129485082e-08,
    5.4011231043205044e-08,
    4.858446089883728e-08,
    4.068646930477371e-08
  ],
  "ball_metrics": {
    "launch_angle_deg": 13.2,
    "launch_direction_deg": 2.2,
    "ball_speed_ms": 69.8,
    "carry_m": 222.6,
    "apex_m": 13.43,
    "descent_angle_deg": 13.4,
    "time_of_flight_s": 3.27
  },
  "spin": null,
  "metrics": {
    "sequence": 1,
    "rmse_2d_measured": 0.0,
    "rmse_2d_filtered": 0.0,
    "rmse_3d": 4.272140979766846,
    "visibility_f1": 0.0,
    "smoothness_filtered": 14.975839614868164,
    "carry_err_m": 8.648387030554563,
    "apex_err_m": 0.7969536781311035,
    "visible_prob_mean": 3.423888372822148e-08,
    "visible_prob_max": 1.479623392697249e-07,