{
  "measured_uv": [
    [
      148.8123016357422,
      440.83837890625
    ],
    [
      107.9508056640625,
      416.02752685546875
    ],
    [
      116.03631591796875,
      419.7693176269531
    ],
    [
      115.96170806884766,
      411.9592590332031
    ],
    [
      119.93029022216797,
      411.90606689453125
    ],
    [
      123.9244155883789,
      411.9098205566406
    ],
    [
      127.9780502319336,
      411.90362548828125
    ],
    [
      176.6286163330078,
      224.57456970214844
    ],
    [
      131.997802734375,
      400.15631103515625
    ],
    [
      139.97683715820312,
      407.8095703125
    ],
    [
      143.9860076904297,
      407.8868103027344
    ],
    [
      143.99668884277344,
      396.09063720703125
    ],
    [
      147.97251892089844,
      396.0809631347656
    ],
    [
      131.95335388183594,
      416.0086669921875
    ],
    [
      136.01087951660156,
      415.8880920410156
    ],
    [
      135.96771240234375,
      412.0704345703125
    ],
    [
      159.99884033203125,
      395.9988098144531
    ],
    [
      183.9901580810547,
      160.02304077148438
    ],
    [
      184.0414581298828,
      155.9750213623047
    ],
    [
      188.02359008789062,
      151.8819580078125
    ],
    [
      184.2943878173828,
      152.3105926513672
    ],
    [
      184.0306396484375,
      156.06871032714844
    ],
    [
      108.0726318359375,
      88.0585708618164
    ],
    [
      184.08392333984375,
      147.98983764648438
    ]
  ],
  "filtered_uv": [
    [
      148.8123016357422,
      440.83837890625
    ],
    [
      109.86021423339844,
      417.1869201660156
    ],
    [
      115.75505065917969,
      419.6517028808594
    ],
    [
      115.95236206054688,
      412.3094787597656
    ],
    [
      119.74931335449219,
      411.92425537109375
    ],
    [
      123.73466491699219,
      411.9103088378906
    ],
    [
      127.78544616699219,
      411.90374755859375
    ],
    [
      127.80001831054688,
      411.8999328613281
    ],
    [
      131.8984375,
      400.4351806640625
    ],
    [
      139.6110382080078,
      407.4736328125
    ],
    [
      143.7889862060547,
      407.8676452636719
    ],
    [
      143.98947143554688,
      396.625244140625
    ],
    [
      147.79388427734375,
      396.1039123535156
    ],
    [
      132.67527770996094,
      415.1031799316406
    ],
    [
      135.8599853515625,
      415.8534851074219
    ],
    [
      135.96383666992188,
      412.24322509765625
    ],
    [
      158.90953063964844,
      396.7362365722656
    ],
    [
      159.02523803710938,
      396.6841735839844
    ],
    [
      159.1409454345703,
      396.6321105957031
    ],
    [
      159.25665283203125,
      396.5800476074219
    ],
    [
      159.3723602294922,
      396.5279846191406
    ],
    [
      183.79542541503906,
      158.372802734375
    ],
    [
      111.507568359375,
      91.18446350097656
    ],
    [
      180.78964233398438,
      145.34683227539062
    ]
  ],
  "xyz_pred": [
    [
      -0.10650096088647842,
      0.3544137477874756,
      4.819522380828857
    ],
    [
      -0.10080130398273468,
      0.4105697274208069,
      6.585729122161865
    ],
    [
      -0.037304237484931946,
      0.4422815442085266,
      6.659718990325928
    ],
    [
      0.0017651859670877457,
      0.5112273097038269,
      6.5526533126831055
    ],
    [
      0.019408537074923515,
      0.6046501398086548,
      6.606316089630127
    ],
    [
      0.02253866381943226,
      0.7048961520195007,
      6.81363582611084
    ],
    [
      0.017515815794467926,
      0.8033040761947632,
      7.107300281524658
    ],
    [
      0.008525625802576542,
      0.8973842859268188,
      7.439565658569336
    ],
    [
      -0.006664094515144825,
      0.9765958189964294,
      7.798696041107178
    ],
    [
      -0.023059597238898277,
      1.0526947975158691,
      8.182869911193848
    ],
    [
      -0.039647430181503296,
      1.1224308013916016,
      8.552258491516113
    ],
    [
      -0.06174998730421066,
      1.1878178119659424,
      8.999622344970703
    ],
    [
      -0.0859040841460228,
      1.2505512237548828,
      9.474627494812012
    ],
    [
      -0.1047598198056221,
      1.316023588180542,
      9.871550559997559
    ],
    [
      -0.12257440388202667,
      1.373849868774414,
      10.223490715026855
    ],
    [
      -0.14202064275741577,
      1.422029733657837,
      10.564460754394531
    ],
    [
      -0.1649714857339859,
      1.4713631868362427,
      11.00349235534668
    ],
    [
      -0.18945923447608948,
      1.5222585201263428,
      11.46226692199707
    ],
    [
      -0.2151413857936859,
      1.5734150409698486,
      11.924599647521973
    ],
    [
      -0.24166303873062134,
      1.6248289346694946,
      12.389134407043457
    ],
    [
      -0.26954224705696106,
      1.6789131164550781,
      12.857569694519043
    ],
    [
      -0.08923637866973877,
      1.8354958295822144,
      11.498454093933105
    ],
    [
      0.07593406736850739,
      2.084596872329712,
      10.970788955688477
    ],
    [
      0.19377222657203674,
      2.3276379108428955,
      10.958842277526855
    ]
  ],
  "uv_reprojected": [
    [
      104.95135498046875,
      307.65216064453125
    ],
    [
      94.71170806884766,
      370.474365234375
    ],
    [
      80.08067321777344,
      378.8348693847656
    ],
    [
      71.2294921875,
      392.3397521972656
    ],
    [
      67.20634460449219,
      413.8856201171875
    ],
    [
      66.64851379394531,
      437.9095458984375
    ],
    [
      67.92005920410156,
      460.5590515136719
    ],
    [
      69.90789031982422,
      480.6315002441406
    ],
    [
      72.92393493652344,
      496.18304443359375
    ],
    [
      75.88423156738281,
      509.7623291015625
    ],
    [
      78.62493133544922,
      521.0805053710938
    ],
    [
      81.98019409179688,
      530.4407958984375
    ],
    [
      85.30509185791016,
      538.3772583007812
    ],
    [
      87.63522338867188,
      546.3594970703125
    ],
    [
      89.7115478515625,
      552.8862915039062
    ],
    [
      91.90330505371094,
      557.7075805664062
    ],
    [
      94.2392578125,
      561.7847900390625
    ],
    [
      96.55545806884766,
      565.6277465820312
    ],
    [
      98.83631896972656,
      569.1849975585938
    ],
    [
      101.04386901855469,
      572.4933471679688
    ],
    [
      103.24150085449219,
      575.8424072265625
    ],
    [
      83.33606719970703,
      605.3001708984375
    ],
    [
      61.20048141479492,
      643.8402099609375
    ],
    [
      44.97768783569336,
      676.479736328125
    ]
  ],
  "visible_prob": [
    1.0,
    1.0,
    1.0,
    1.0,
    1.0,
    1.0,
    1.0,
    1.0,
    1.0,
    1.0,
    1.0,
    1.0,
    1.0,
    1.0,
    1.0,
    1.0,
    1.0,
    1.0,
    1.0,
    1.0,
    1.0,
    1.0,
    1.0,
    1.0
  ],
  "ball_metrics": {
    "launch_angle_deg": 8.0,
    "launch_direction_deg": 4.0,
    "ball_speed_ms": 27.1,
    "carry_m": 22.8,
    "apex_m": 1.07,
    "descent_angle_deg": 9.7,
    "time_of_flight_s": 0.85
  },
  "spin": null,
  "metrics": {
    "sequence": 5,
    "rmse_2d_measured": 155.63995361328125,
    "rmse_2d_filtered": 179.28440856933594,
    "rmse_3d": 2.2286431789398193,
    "visibility_f1": 1.0,
    "smoothness_filtered": 39.62125015258789,
    "carry_err_m": 2.328446006839166,
    "apex_err_m": 2.311122478917241,
    "visible_prob_mean": 1.0,
    "visible_prob_max": 1.0,
    "gt_visible_rate": 1.0,
    "ball_launch_angle_deg": 8.0,
    "ball_launch_direction_deg": 4.0,
    "ball_ball_speed_ms": 27.1,
    "ball_carry_m": 22.8,
    "ball_apex_m": 1.07,
    "ball_descent_angle_deg": 9.7,
    "ball_time_of_flight_s": 0.85,
    "spin_backspin_rpm": 0.0,
    "spin_sidespin_rpm": 0.0
  }
}