{
  "measured_uv": [
    [
      303.98406982421875,
      343.9934387207031
    ],
    [
      288.0548095703125,
      280.2033996582031
    ],
    [
      279.9739074707031,
      236.04156494140625
    ],
    [
      272.1302185058594,
      204.35121154785156
    ],
    [
      268.06475830078125,
      180.14404296875
    ],
    [
      264.0660400390625,
      160.05686950683594
    ],
    [
      264.0106201171875,
      140.10813903808594
    ],
    [
      260.0396423339844,
      128.12855529785156
    ],
    [
      260.04913330078125,
      116.1274642944336
    ],
    [
      260.03240966796875,
      108.04489135742188
    ],
    [
      260.0400085449219,
      100.04303741455078
    ],
    [
      260.0233459472656,
      88.0561752319336
    ],
    [
      260.0321960449219,
      84.02799224853516
    ],
    [
      260.02410888671875,
      76.05824279785156
    ],
    [
      260.03436279296875,
      72.04026794433594
    ],
    [
      260.0325012207031,
      64.07486724853516
    ],
    [
      260.0329284667969,
      60.081905364990234
    ],
    [
      260.0440368652344,
      56.088043212890625
    ],
    [
      260.0512390136719,
      52.105743408203125
    ],
    [
      260.0392150878906,
      48.33540344238281
    ],
    [
      260.04949951171875,
      48.030799865722656
    ],
    [
      264.01947021484375,
      40.037288665771484
    ],
    [
      264.02923583984375,
      40.032859802246094
    ],
    [
      264.05853271484375,
      36.16740036010742
    ]
  ],
  "filtered_uv": [
    [
      303.98406982421875,
      343.9934387207031
    ],
    [
      288.7991638183594,
      283.1842346191406
    ],
    [
      280.37579345703125,
      238.1884002685547
    ],
    [
      272.5054931640625,
      205.8910675048828
    ],
    [
      268.2665710449219,
      181.31446838378906
    ],
    [
      264.2567138671875,
      161.0217742919922
    ],
    [
      264.0211486816406,
      141.05612182617188
    ],
    [
      260.22003173828125,
      128.7118682861328
    ],
    [
      260.0559387207031,
      116.69409942626953
    ],
    [
      260.0325012207031,
      108.43148040771484
    ],
    [
      260.0386962890625,
      100.41686248779297
    ],
    [
      260.0230712890625,
      88.60945129394531
    ],
    [
      260.03082275390625,
      84.22640228271484
    ],
    [
      260.0234375,
      76.41886901855469
    ],
    [
      260.03289794921875,
      72.22766876220703
    ],
    [
      260.03155517578125,
      64.43284606933594
    ],
    [
      260.03192138671875,
      60.26601791381836
    ],
    [
      260.04254150390625,
      56.2635498046875
    ],
    [
      260.0498962402344,
      52.279563903808594
    ],
    [
      260.03875732421875,
      48.49873733520508
    ],
    [
      260.0480651855469,
      48.035804748535156
    ],
    [
      263.838623046875,
      40.38344955444336
    ],
    [
      264.0205993652344,
      40.030757904052734
    ],
    [
      264.0568542480469,
      36.32438278198242
    ]
  ],
  "xyz_pred": [
    [
      -0.19119785726070404,
      0.5942391157150269,
      6.918959617614746
    ],
    [
      -0.11440853774547577,
      0.8480466604232788,
      8.918496131896973
    ],
    [
      0.033191658556461334,
      1.0811505317687988,
      8.985281944274902
    ],
    [
      0.11376090347766876,
      1.3437187671661377,
      9.066874504089355
    ],
    [
      0.27149009704589844,
      1.6916062831878662,
      8.841259956359863
    ],
    [
      0.37119919061660767,
      2.0438575744628906,
      9.195068359375
    ],
    [
      0.4415435194969177,
      2.3848612308502197,
      9.83229923248291
    ],
    [
      0.497191846370697,
      2.7148501873016357,
      10.592676162719727
    ],
    [
      0.5475988984107971,
      3.031062364578247,
      11.37508487701416
    ],
    [
      0.5980247259140015,
      3.330634832382202,
      12.128479957580566
    ],
    [
      0.6518334746360779,
      3.618281126022339,
      12.826095581054688
    ],
    [
      0.7129888534545898,
      3.905883550643921,
      13.4642972946167
    ],
    [
      0.7751604914665222,
      4.189657688140869,
      14.132444381713867
    ],
    [
      0.8333174586296082,
      4.462902069091797,
      14.823657035827637
    ],
    [
      0.8836277723312378,
      4.723479270935059,
      15.545036315917969
    ],
    [
      0.9289377927780151,
      4.972790718078613,
      16.27985191345215
    ],
    [
      0.9683842062950134,
      5.207688331604004,
      17.02810287475586
    ],
    [
      1.0018588304519653,
      5.425195693969727,
      17.78181266784668
    ],
    [
      1.0282114744186401,
      5.620921611785889,
      18.53127098083496
    ],
    [
      1.042894959449768,
      5.788134574890137,
      19.2694034576416
    ],
    [
      1.038804054260254,
      5.917752265930176,
      20.010616302490234
    ],
    [
      1.0300929546356201,
      6.016014575958252,
      20.68324851989746
    ],
    [
      1.0067943334579468,
      6.080565452575684,
      21.36085319519043
    ],
    [
      0.9711909890174866,
      6.11093807220459,
      22.02802085876465
    ]
  ],
  "uv_reprojected": [
    [
      267.57342529296875,
      227.0384521484375
    ],
    [
      260.83685302734375,
      247.8782501220703
    ],
    [
      253.31922912597656,
      261.21392822265625
    ],
    [
      249.29116821289062,
      275.98504638671875
    ],
    [
      241.02822875976562,
      296.66680908203125
    ],
    [
      236.63192749023438,
      314.6776123046875
    ],
    [
      234.56710815429688,
      328.5671081542969
    ],
    [
      233.64352416992188,
      339.236328125
    ],
    [
      233.09620666503906,
      347.67523193359375
    ],
    [
      232.56509399414062,
      354.5648193359375
    ],
    [
      231.87649536132812,
      360.63189697265625
    ],
    [
      230.90591430664062,
      366.5614929199219
    ],
    [
      230.0433807373047,
      371.5679016113281
    ],
    [
      229.4219970703125,
      375.5701599121094
    ],
    [
      229.1363983154297,
      378.5575256347656
    ],
    [
      229.03744506835938,
      380.8213806152344
    ],
    [
      229.12425231933594,
      382.35540771484375
    ],
    [
      229.364501953125,
      383.22003173828125
    ],
    [
      229.7542266845703,
      383.4421691894531
    ],
    [
      230.37457275390625,
      382.96502685546875
    ],
    [
      231.37974548339844,
      381.54150390625
    ],
    [
      232.3395233154297,
      379.8587341308594
    ],
    [
      233.55462646484375,
      377.4452209472656
    ],
    [
      234.93955993652344,
      374.442626953125
    ]
  ],
  "visible_prob": [
    1.0,
    0.9999902248382568,
    1.0,
    1.0,
    1.0,
    1.0,
    1.0,
    1.0,
    1.0,
    1.0,
    1.0,
    1.0,
    1.0,
    1.0,
    1.0,
    1.0,
    1.0,
    1.0,
    1.0,
    1.0,
    1.0,
    1.0,
    1.0,
    1.0
  ],
  "ball_metrics": {
    "launch_angle_deg": 29.0,
    "launch_direction_deg": 13.5,
    "ball_speed_ms": 33.9,
    "carry_m": 100.6,
    "apex_m": 14.4,
    "descent_angle_deg": 29.5,
    "time_of_flight_s": 3.39
  },
  "spin": null,
  "metrics": {
    "sequence": 12,
    "rmse_2d_measured": 2.028951406478882,
    "rmse_2d_filtered": 2.290229320526123,
    "rmse_3d": 1.9516302347183228,
    "visibility_f1": 1.0,
    "smoothness_filtered": 5.064132213592529,
    "carry_err_m": 5.7935502670834165,
    "apex_err_m": 5.2763872146606445,
    "visible_prob_mean": 0.9999995827674866,
    "visible_prob_max": 1.0,
    "gt_visible_rate": 1.0,
    "ball_launch_angle_deg": 29.0,
    "ball_launch_direction_deg": 13.5,
    "ball_ball_speed_ms": 33.9,
    "ball_carry_m": 100.6,
    "ball_apex_m": 14.4,
    "ball_descent_angle_deg": 29.5,
    "ball_time_of_flight_s": 3.39,
    "spin_backspin_rpm": 0.0,
    "spin_sidespin_rpm": 0.0
  }
}