{
  "measured_uv": [
    [
      104.8238754272461,
      96.06842041015625
    ],
    [
      155.99481201171875,
      192.08802795410156
    ],
    [
      103.9756851196289,
      104.05078125
    ],
    [
      79.9993667602539,
      179.97247314453125
    ],
    [
      120.04834747314453,
      116.24749755859375
    ],
    [
      136.24732971191406,
      136.3041534423828
    ],
    [
      63.987728118896484,
      56.057430267333984
    ],
    [
      119.97187042236328,
      120.01446533203125
    ],
    [
      83.89595794677734,
      307.85772705078125
    ],
    [
      87.96650695800781,
      99.97122192382812
    ],
    [
      80.051025390625,
      92.09928894042969
    ],
    [
      122.740234375,
      129.92416381835938
    ],
    [
      72.01081085205078,
      115.98184967041016
    ],
    [
      147.953857421875,
      291.9832763671875
    ],
    [
      144.04129028320312,
      288.1981506347656
    ],
    [
      140.0297393798828,
      295.9683532714844
    ],
    [
      144.01168823242188,
      292.091552734375
    ],
    [
      143.9844207763672,
      120.06396484375
    ],
    [
      63.94416809082031,
      63.93302536010742
    ],
    [
      144.5455780029297,
      116.72705078125
    ],
    [
      148.3961944580078,
      148.22088623046875
    ],
    [
      68.9769058227539,
      77.14339447021484
    ],
    [
      136.18414306640625,
      136.4921417236328
    ],
    [
      200.19265747070312,
      196.76766967773438
    ]
  ],
  "filtered_uv": [
    [
      104.8238754272461,
      96.06842041015625
    ],
    [
      153.60365295410156,
      187.6011505126953
    ],
    [
      106.23573303222656,
      107.85564422607422
    ],
    [
      81.19319152832031,
      176.6884307861328
    ],
    [
      118.27877807617188,
      118.99903106689453
    ],
    [
      135.4299774169922,
      135.515380859375
    ],
    [
      67.23845672607422,
      59.67113494873047
    ],
    [
      117.57064819335938,
      117.26507568359375
    ],
    [
      117.58320617675781,
      117.24324798583984
    ],
    [
      88.669921875,
      100.38075256347656
    ],
    [
      80.44011688232422,
      92.4726333618164
    ],
    [
      120.81571960449219,
      128.21949768066406
    ],
    [
      74.2291259765625,
      116.5385971069336
    ],
    [
      74.13233947753906,
      116.52562713623047
    ],
    [
      74.03555297851562,
      116.51265716552734
    ],
    [
      138.973876953125,
      293.1011657714844
    ],
    [
      143.7894744873047,
      292.16497802734375
    ],
    [
      143.94140625,
      292.7696228027344
    ],
    [
      144.0933380126953,
      293.374267578125
    ],
    [
      144.54080200195312,
      119.54997253417969
    ],
    [
      148.2286376953125,
      146.91464233398438
    ],
    [
      72.57525634765625,
      80.3021240234375
    ],
    [
      133.2924041748047,
      133.9285888671875
    ],
    [
      197.16798400878906,
      193.9173126220703
    ]
  ],
  "xyz_pred": [
    [
      -0.06862548738718033,
      0.5578434467315674,
      5.482863903045654
    ],
    [
      -0.11019983142614365,
      0.8595366477966309,
      8.955972671508789
    ],
    [
      -0.003630267456173897,
      1.0591075420379639,
      9.361798286437988
    ],
    [
      -0.050501905381679535,
      1.2899413108825684,
      10.896706581115723
    ],
    [
      -0.025699922814965248,
      1.5241405963897705,
      11.11196517944336
    ],
    [
      -0.028707029297947884,
      1.798781394958496,
      11.863492012023926
    ],
    [
      -0.01404254324734211,
      2.0929763317108154,
      12.677431106567383
    ],
    [
      -0.0649118423461914,
      2.342886447906494,
      13.922347068786621
    ],
    [
      -0.12595906853675842,
      2.56634259223938,
      15.207462310791016
    ],
    [
      -0.22808349132537842,
      2.746586322784424,
      16.71648406982422
    ],
    [
      -0.3145090639591217,
      2.9225425720214844,
      18.158971786499023
    ],
    [
      -0.39283931255340576,
      3.0867812633514404,
      19.515398025512695
    ],
    [
      -0.5695827603340149,
      3.240910291671753,
      21.61961555480957
    ],
    [
      -0.708234965801239,
      3.4543697834014893,
      23.49947166442871
    ],
    [
      -0.8127995133399963,
      3.705998420715332,
      25.278013229370117
    ],
    [
      -0.9207890033721924,
      3.9800987243652344,
      27.127687454223633
    ],
    [
      -0.9928334951400757,
      4.227282524108887,
      28.881553649902344
    ],
    [
      -1.030012607574463,
      4.4302077293396,
      30.368885040283203
    ],
    [
      -1.0393997430801392,
      4.586124420166016,
      31.433095932006836
    ],
    [
      -0.9917123913764954,
      4.676461219787598,
      31.62045669555664
    ],
    [
      -0.9664584398269653,
      4.752079010009766,
      31.875585556030273
    ],
    [
      -0.951257050037384,
      4.803618431091309,
      32.0518684387207
    ],
    [
      -0.9373791217803955,
      4.836748123168945,
      32.12459182739258
    ],
    [
      -0.9257180690765381,
      4.860007286071777,
      32.158348083496094
    ]
  ],
  "uv_reprojected": [
    [
      262.5951843261719,
      176.3578643798828
    ],
    [
      262.4666748046875,
      224.1024932861328
    ],
    [
      255.2353057861328,
      236.35647583007812
    ],
    [
      257.8123779296875,
      249.82870483398438
    ],
    [
      256.4034729003906,
      260.719970703125
    ],
    [
      256.4683837890625,
      272.21044921875
    ],
    [
      255.6721649169922,
      282.987060546875
    ],
    [
      257.8292541503906,
      289.675048828125
    ],
    [
      260.026123046875,
      294.26806640625
    ],
    [
      263.27960205078125,
      296.2438659667969
    ],
    [
      265.5099792480469,
      297.9287414550781
    ],
    [
      267.2151184082031,
      299.2538757324219
    ],
    [
      270.987060546875,
      298.5968017578125
    ],
    [
      273.2885437011719,
      299.7600402832031
    ],
    [
      274.5119323730469,
      301.7074279785156
    ],
    [
      275.59716796875,
      303.6960144042969
    ],
    [
      275.8600769042969,
      305.1208801269531
    ],
    [
      275.5813293457031,
      306.0873718261719
    ],
    [
      275.06573486328125,
      306.89739990234375
    ],
    [
      274.0317077636719,
      308.0526123046875
    ],
    [
      273.39862060546875,
      308.84259033203125
    ],
    [
      273.0096130371094,
      309.3697509765625
    ],
    [
      272.7066955566406,
      309.77471923828125
    ],
    [
      272.46807861328125,
      310.0875244140625
    ]
  ],
  "visible_prob": [
    1.0,
    1.0,
    1.0,
    1.0,
    1.0,
    1.0,
    1.0,
    1.0,
    1.0,
    1.0,
    1.0,
    1.0,
    1.0,
    1.0,
    1.0,
    1.0,
    1.0,
    1.0,
    1.0,
    1.0,
    1.0,
    1.0,
    1.0,
    1.0
  ],
  "ball_metrics": {
    "launch_angle_deg": 9.7,
    "launch_direction_deg": 0.4,
    "ball_speed_ms": 85.7,
    "carry_m": 252.7,
    "apex_m": 11.27,
    "descent_angle_deg": 10.0,
    "time_of_flight_s": 2.99
  },
  "spin": null,
  "metrics": {
    "sequence": 4,
    "rmse_2d_measured": 211.86050415039062,
    "rmse_2d_filtered": 213.5224609375,
    "rmse_3d": 9.489601135253906,
    "visibility_f1": 1.0,
    "smoothness_filtered": 103.70870971679688,
    "carry_err_m": 22.96740814513763,
    "apex_err_m": 4.832708885893226,
    "visible_prob_mean": 1.0,
    "visible_prob_max": 1.0,
    "gt_visible_rate": 1.0,
    "ball_launch_angle_deg": 9.7,
    "ball_launch_direction_deg": 0.4,
    "ball_ball_speed_ms": 85.7,
    "ball_carry_m": 252.7,
    "ball_apex_m": 11.27,
    "ball_descent_angle_deg": 10.0,
    "ball_time_of_flight_s": 2.99,
    "spin_backspin_rpm": 0.0,
    "spin_sidespin_rpm": 0.0
  }
}