{
  "measured_uv": [
    [
      292.0207824707031,
      368.0833435058594
    ],
    [
      107.98311614990234,
      427.8492126464844
    ],
    [
      107.97003173828125,
      423.92718505859375
    ],
    [
      184.1898193359375,
      280.0594787597656
    ],
    [
      112.01277923583984,
      412.2114562988281
    ],
    [
      115.9218978881836,
      412.0770568847656
    ],
    [
      123.96770477294922,
      415.8904724121094
    ],
    [
      123.9351577758789,
      408.10504150390625
    ],
    [
      131.95285034179688,
      411.88885498046875
    ],
    [
      135.9792022705078,
      411.89398193359375
    ],
    [
      135.99508666992188,
      400.09307861328125
    ],
    [
      139.98184204101562,
      400.11407470703125
    ],
    [
      147.96633911132812,
      407.8768615722656
    ],
    [
      151.9626007080078,
      407.88671875
    ],
    [
      131.9368896484375,
      416.0635986328125
    ],
    [
      135.9770965576172,
      416.0090026855469
    ],
    [
      139.9677734375,
      416.048828125
    ],
    [
      163.99070739746094,
      399.9992370605469
    ],
    [
      163.96693420410156,
      396.00396728515625
    ],
    [
      167.9785919189453,
      400.0297546386719
    ],
    [
      92.04549407958984,
      96.0240707397461
    ],
    [
      149.7150115966797,
      168.45639038085938
    ],
    [
      161.4154052734375,
      189.73147583007812
    ],
    [
      171.98770141601562,
      207.85787963867188
    ]
  ],
  "filtered_uv": [
    [
      292.0207824707031,
      368.0833435058594
    ],
    [
      292.0207824707031,
      368.0833435058594
    ],
    [
      292.0207824707031,
      368.0833435058594
    ],
    [
      185.9451904296875,
      281.492431640625
    ],
    [
      185.91534423828125,
      281.46807861328125
    ],
    [
      117.5854263305664,
      408.9709777832031
    ],
    [
      123.67334747314453,
      415.5804748535156
    ],
    [
      123.91930389404297,
      408.4498291015625
    ],
    [
      131.58370971679688,
      411.73681640625
    ],
    [
      135.77618408203125,
      411.89141845703125
    ],
    [
      135.98231506347656,
      400.6337585449219
    ],
    [
      139.79737854003906,
      400.1409912109375
    ],
    [
      147.5930633544922,
      407.52880859375
    ],
    [
      151.7629852294922,
      407.8747253417969
    ],
    [
      132.83615112304688,
      415.6961975097656
    ],
    [
      135.8309326171875,
      416.0003356933594
    ],
    [
      139.77699279785156,
      416.05218505859375
    ],
    [
      162.8901824951172,
      400.7328186035156
    ],
    [
      163.9202880859375,
      396.22088623046875
    ],
    [
      167.79701232910156,
      399.8586730957031
    ],
    [
      167.86785888671875,
      399.91058349609375
    ],
    [
      167.93870544433594,
      399.9624938964844
    ],
    [
      168.00955200195312,
      400.014404296875
    ],
    [
      171.94102478027344,
      210.15399169921875
    ]
  ],
  "xyz_pred": [
    [
      -0.20563775300979614,
      0.594420313835144,
      6.8741135597229
    ],
    [
      -0.2575237452983856,
      0.8414517641067505,
      10.10887622833252
    ],
    [
      -0.2285430133342743,
      1.0179791450500488,
      11.236003875732422
    ],
    [
      -0.2004069983959198,
      1.2285823822021484,
      11.878052711486816
    ],
    [
      -0.21628817915916443,
      1.4561601877212524,
      12.709203720092773
    ],
    [
      -0.31783804297447205,
      1.571260690689087,
      14.006595611572266
    ],
    [
      -0.40171536803245544,
      1.6779780387878418,
      15.028154373168945
    ],
    [
      -0.4760635197162628,
      1.7688357830047607,
      15.902165412902832
    ],
    [
      -0.5396870970726013,
      1.858811616897583,
      16.70378303527832
    ],
    [
      -0.5914357900619507,
      1.9420838356018066,
      17.37396812438965
    ],
    [
      -0.6302724480628967,
      2.028636932373047,
      17.936063766479492
    ],
    [
      -0.6624399423599243,
      2.1283340454101562,
      18.50826072692871
    ],
    [
      -0.6912969946861267,
      2.23386549949646,
      19.069067001342773
    ],
    [
      -0.7177383899688721,
      2.341212511062622,
      19.611148834228516
    ],
    [
      -0.7338514924049377,
      2.457594156265259,
      20.143108367919922
    ],
    [
      -0.7461528182029724,
      2.5715625286102295,
      20.63336753845215
    ],
    [
      -0.7532697916030884,
      2.6891562938690186,
      21.112918853759766
    ],
    [
      -0.7626538872718811,
      2.802035093307495,
      21.605226516723633
    ],
    [
      -0.7726132869720459,
      2.9149622917175293,
      22.11899757385254
    ],
    [
      -0.7852343320846558,
      3.023653030395508,
      22.630374908447266
    ],
    [
      -0.799592912197113,
      3.127267837524414,
      23.14677619934082
    ],
    [
      -0.8144420981407166,
      3.2261478900909424,
      23.663299560546875
    ],
    [
      -0.8287454843521118,
      3.3197944164276123,
      24.17623519897461
    ],
    [
      -0.7884407043457031,
      3.4148378372192383,
      24.214567184448242
    ]
  ],
  "uv_reprojected": [
    [
      116.73660278320312,
      414.8794860839844
    ],
    [
      110.04296112060547,
      476.412353515625
    ],
    [
      102.3015365600586,
      501.3184509277344
    ],
    [
      97.07271575927734,
      526.9602661132812
    ],
    [
      97.29312133789062,
      551.115234375
    ],
    [
      105.84719848632812,
      557.9829711914062
    ],
    [
      111.93632507324219,
      564.123779296875
    ],
    [
      116.77010345458984,
      568.7103881835938
    ],
    [
      120.34661865234375,
      573.0775146484375
    ],
    [
      122.95819091796875,
      577.0977172851562
    ],
    [
      124.61428833007812,
      581.6023559570312
    ],
    [
      125.59671020507812,
      586.8237915039062
    ],
    [
      126.29126739501953,
      592.2377319335938
    ],
    [
      126.813232421875,
      597.5752563476562
    ],
    [
      126.56207275390625,
      603.33642578125
    ],
    [
      126.15582275390625,
      608.859130859375
    ],
    [
      125.42568969726562,
      614.4371948242188
    ],
    [
      124.85484313964844,
      619.3744506835938
    ],
    [
      124.29752349853516,
      623.969970703125
    ],
    [
      123.94834899902344,
      628.0968017578125
    ],
    [
      123.71649169921875,
      631.6904296875
    ],
    [
      123.52574920654297,
      634.8334350585938
    ],
    [
      123.31678771972656,
      637.5463256835938
    ],
    [
      120.72552490234375,
      643.0691528320312
    ]
  ],
  "visible_prob": [
    1.0,
    1.0,
    1.0,
    1.0,
    1.0,
    1.0,
    1.0,
    1.0,
    1.0,
    1.0,
    1.0,
    1.0,
    1.0,
    1.0,
    1.0,
    1.0,
    1.0,
    1.0,
    1.0,
    1.0,
    1.0,
    1.0,
    1.0,
    1.0
  ],
  "ball_metrics": {
    "launch_angle_deg": 8.4,
    "launch_direction_deg": -0.1,
    "ball_speed_ms": 88.5,
    "carry_m": 234.6,
    "apex_m": 9.11,
    "descent_angle_deg": 8.7,
    "time_of_flight_s": 2.68
  },
  "spin": null,
  "metrics": {
    "sequence": 7,
    "rmse_2d_measured": 252.2017059326172,
    "rmse_2d_filtered": 242.5299072265625,
    "rmse_3d": 7.485113620758057,
    "visibility_f1": 0.8571428571428571,
    "smoothness_filtered": 42.474609375,
    "carry_err_m": 13.6097801291729,
    "apex_err_m": 3.4024737775325775,
    "visible_prob_mean": 1.0,
    "visible_prob_max": 1.0,
    "gt_visible_rate": 0.75,
    "ball_launch_angle_deg": 8.4,
    "ball_launch_direction_deg": -0.1,
    "ball_ball_speed_ms": 88.5,
    "ball_carry_m": 234.6,
    "ball_apex_m": 9.11,
    "ball_descent_angle_deg": 8.7,
    "ball_time_of_flight_s": 2.68,
    "spin_backspin_rpm": 0.0,
    "spin_sidespin_rpm": 0.0
  }
}