{
  "measured_uv": [
    [
      172.04295349121094,
      443.9971618652344
    ],
    [
      292.19964599609375,
      317.2451477050781
    ],
    [
      132.0858154296875,
      427.6448974609375
    ],
    [
      127.95394134521484,
      420.0485534667969
    ],
    [
      131.93362426757812,
      419.89459228515625
    ],
    [
      135.95932006835938,
      419.90509033203125
    ],
    [
      139.97462463378906,
      419.8517150878906
    ],
    [
      139.90103149414062,
      411.9956970214844
    ],
    [
      147.9929962158203,
      415.84619140625
    ],
    [
      147.9068145751953,
      407.92755126953125
    ],
    [
      155.95773315429688,
      411.839111328125
    ],
    [
      155.92501831054688,
      403.9493103027344
    ],
    [
      159.89144897460938,
      403.900634765625
    ],
    [
      163.9894561767578,
      400.0841369628906
    ],
    [
      167.9852294921875,
      400.0768127441406
    ],
    [
      151.96726989746094,
      419.91986083984375
    ],
    [
      155.9710693359375,
      419.9635925292969
    ],
    [
      175.94229125976562,
      399.9980773925781
    ],
    [
      179.99752807617188,
      403.9994201660156
    ],
    [
      179.97723388671875,
      399.9900817871094
    ],
    [
      208.4062042236328,
      152.4412078857422
    ],
    [
      208.00450134277344,
      143.83131408691406
    ],
    [
      208.16311645507812,
      144.6378631591797
    ],
    [
      204.21507263183594,
      144.37091064453125
    ]
  ],
  "filtered_uv": [
    [
      172.04295349121094,
      443.9971618652344
    ],
    [
      172.04295349121094,
      443.9971618652344
    ],
    [
      133.0508270263672,
      428.0398254394531
    ],
    [
      128.1855010986328,
      420.4118957519531
    ],
    [
      131.76266479492188,
      419.9178466796875
    ],
    [
      135.7681427001953,
      419.9053649902344
    ],
    [
      139.7832489013672,
      419.8538513183594
    ],
    [
      139.89588928222656,
      412.35272216796875
    ],
    [
      147.62510681152344,
      415.6864929199219
    ],
    [
      147.89491271972656,
      408.27960205078125
    ],
    [
      155.59230041503906,
      411.6760559082031
    ],
    [
      155.91168212890625,
      404.2993469238281
    ],
    [
      159.71253967285156,
      403.9169006347656
    ],
    [
      163.79762268066406,
      400.2562561035156
    ],
    [
      167.798095703125,
      400.08251953125
    ],
    [
      152.68917846679688,
      419.01727294921875
    ],
    [
      155.82313537597656,
      419.9214782714844
    ],
    [
      175.03135681152344,
      400.90264892578125
    ],
    [
      179.7776336669922,
      403.85626220703125
    ],
    [
      179.97442626953125,
      400.1632080078125
    ],
    [
      180.1122283935547,
      400.09881591796875
    ],
    [
      180.25003051757812,
      400.034423828125
    ],
    [
      180.38783264160156,
      399.97003173828125
    ],
    [
      180.525634765625,
      399.9056396484375
    ]
  ],
  "xyz_pred": [
    [
      -0.10951654613018036,
      0.3586556911468506,
      4.872491359710693
    ],
    [
      -0.05912753939628601,
      0.4152969717979431,
      6.195132255554199
    ],
    [
      0.007722040638327599,
      0.44555163383483887,
      6.215273857116699
    ],
    [
      0.03424615412950516,
      0.5142324566841125,
      6.2094407081604
    ],
    [
      0.043864257633686066,
      0.6092724800109863,
      6.335728168487549
    ],
    [
      0.04313579946756363,
      0.7117788791656494,
      6.584086894989014
    ],
    [
      0.0364794060587883,
      0.8117749691009521,
      6.90008020401001
    ],
    [
      0.022894302383065224,
      0.8944714069366455,
      7.247497081756592
    ],
    [
      0.009155284613370895,
      0.9768804311752319,
      7.613755702972412
    ],
    [
      -0.007308636792004108,
      1.04774808883667,
      7.976169109344482
    ],
    [
      -0.02455340512096882,
      1.1152896881103516,
      8.351110458374023
    ],
    [
      -0.04536941647529602,
      1.1768453121185303,
      8.757011413574219
    ],
    [
      -0.06850297749042511,
      1.2348544597625732,
      9.19106388092041
    ],
    [
      -0.09312913566827774,
      1.2933228015899658,
      9.671456336975098
    ],
    [
      -0.11780714988708496,
      1.3517770767211914,
      10.154723167419434
    ],
    [
      -0.13967196643352509,
      1.4096460342407227,
      10.554410934448242
    ],
    [
      -0.16042643785476685,
      1.4617085456848145,
      10.918278694152832
    ],
    [
      -0.18398240208625793,
      1.5115852355957031,
      11.36467456817627
    ],
    [
      -0.21013663709163666,
      1.5626963376998901,
      11.831009864807129
    ],
    [
      -0.23602859675884247,
      1.6185680627822876,
      12.32277774810791
    ],
    [
      -0.2645476460456848,
      1.6770057678222656,
      12.825567245483398
    ],
    [
      -0.2951681911945343,
      1.737442970275879,
      13.339292526245117
    ],
    [
      -0.32707786560058594,
      1.7994338274002075,
      13.861577033996582
    ],
    [
      -0.35961174964904785,
      1.8627853393554688,
      14.391274452209473
    ]
  ],
  "uv_reprojected": [
    [
      105.52226257324219,
      310.9674072265625
    ],
    [
      86.02490234375,
      363.71923828125
    ],
    [
      69.76248168945312,
      371.2743225097656
    ],
    [
      63.32068634033203,
      387.35546875
    ],
    [
      61.19770812988281,
      411.47528076171875
    ],
    [
      61.75823974609375,
      437.43817138671875
    ],
    [
      63.66498565673828,
      461.3123779296875
    ],
    [
      66.87308502197266,
      479.6531677246094
    ],
    [
      69.8227310180664,
      496.25830078125
    ],
    [
      73.01709747314453,
      509.2279052734375
    ],
    [
      76.06831359863281,
      520.4483032226562
    ],
    [
      79.4466323852539,
      529.578369140625
    ],
    [
      82.87244415283203,
      537.2041015625
    ],
    [
      86.15318298339844,
      543.977783203125
    ],
    [
      89.12617492675781,
      550.0928344726562
    ],
    [
      91.58710479736328,
      556.0487060546875
    ],
    [
      93.7880630493164,
      561.0084228515625
    ],
    [
      96.04289245605469,
      564.8560180664062
    ],
    [
      98.41372680664062,
      568.4423828125
    ],
    [
      100.51287841796875,
      572.164794921875
    ],
    [
      102.73324584960938,
      575.8255004882812
    ],
    [
      104.99642944335938,
      579.3607788085938
    ],
    [
      107.2100830078125,
      582.744140625
    ],
    [
      109.30899047851562,
      585.9735717773438
    ]
  ],
  "visible_prob": [
    1.0,
    1.0,
    1.0,
    1.0,
    1.0,
    1.0,
    1.0,
    1.0,
    1.0,
    1.0,
    1.0,
    1.0,
    1.0,
    1.0,
    1.0,
    1.0,
    1.0,
    1.0,
    1.0,
    1.0,
    1.0,
    1.0,
    1.0,
    1.0
  ],
  "ball_metrics": {
    "launch_angle_deg": 9.7,
    "launch_direction_deg": 6.0,
    "ball_speed_ms": 22.4,
    "carry_m": 18.8,
    "apex_m": 1.08,
    "descent_angle_deg": 11.8,
    "time_of_flight_s": 0.85
  },
  "spin": null,
  "metrics": {
    "sequence": 4,
    "rmse_2d_measured": 225.5370635986328,
    "rmse_2d_filtered": 228.5982208251953,
    "rmse_3d": 2.4167866706848145,
    "visibility_f1": 0.6285714285714286,
    "smoothness_filtered": 12.761287689208984,
    "carry_err_m": 5.731091155524908,
    "apex_err_m": 1.8505300777032971,
    "visible_prob_mean": 1.0,
    "visible_prob_max": 1.0,
    "gt_visible_rate": 0.4583333432674408,
    "ball_launch_angle_deg": 9.7,
    "ball_launch_direction_deg": 6.0,
    "ball_ball_speed_ms": 22.4,
    "ball_carry_m": 18.8,
    "ball_apex_m": 1.08,
    "ball_descent_angle_deg": 11.8,
    "ball_time_of_flight_s": 0.85,
    "spin_backspin_rpm": 0.0,
    "spin_sidespin_rpm": 0.0
  }
}