{
  "measured_uv": [
    [
      264.04840087890625,
      356.0782470703125
    ],
    [
      219.99485778808594,
      340.00341796875
    ],
    [
      224.0897216796875,
      248.0357208251953
    ],
    [
      216.02635192871094,
      216.033935546875
    ],
    [
      207.97329711914062,
      188.1838836669922
    ],
    [
      200.13858032226562,
      172.12940979003906
    ],
    [
      196.5904541015625,
      153.107177734375
    ],
    [
      192.2099151611328,
      140.28387451171875
    ],
    [
      192.0087432861328,
      128.09796142578125
    ],
    [
      188.0382080078125,
      120.07360076904297
    ],
    [
      188.03219604492188,
      112.05900573730469
    ],
    [
      184.06410217285156,
      104.29949188232422
    ],
    [
      184.0311279296875,
      96.17042541503906
    ],
    [
      184.0263671875,
      92.05510711669922
    ],
    [
      180.0740509033203,
      88.06037139892578
    ],
    [
      180.05136108398438,
      80.15432739257812
    ],
    [
      180.0759735107422,
      76.37494659423828
    ],
    [
      184.04283142089844,
      76.05880737304688
    ],
    [
      339.89788818359375,
      287.89288330078125
    ],
    [
      180.02110290527344,
      60.02997589111328
    ],
    [
      180.01966857910156,
      60.0949592590332
    ],
    [
      180.0203399658203,
      56.00790786743164
    ],
    [
      180.04049682617188,
      56.051639556884766
    ],
    [
      180.0431671142578,
      52.118370056152344
    ]
  ],
  "filtered_uv": [
    [
      264.04840087890625,
      356.0782470703125
    ],
    [
      222.0534210205078,
      340.75457763671875
    ],
    [
      223.99697875976562,
      252.25808715820312
    ],
    [
      216.38922119140625,
      217.6819305419922
    ],
    [
      208.35614013671875,
      189.52444458007812
    ],
    [
      200.51199340820312,
      172.91786193847656
    ],
    [
      196.76795959472656,
      154.00445556640625
    ],
    [
      192.4160919189453,
      140.9027862548828
    ],
    [
      192.0258331298828,
      128.67410278320312
    ],
    [
      188.21798706054688,
      120.45744323730469
    ],
    [
      188.03880310058594,
      112.43275451660156
    ],
    [
      184.2427978515625,
      104.66020965576172
    ],
    [
      184.03842163085938,
      96.54629516601562
    ],
    [
      184.0245819091797,
      92.24826049804688
    ],
    [
      180.2510223388672,
      88.23910522460938
    ],
    [
      180.0574951171875,
      80.50923156738281
    ],
    [
      180.0721893310547,
      76.54926300048828
    ],
    [
      183.8598175048828,
      76.06714630126953
    ],
    [
      183.811767578125,
      75.75973510742188
    ],
    [
      180.10948181152344,
      60.39417266845703
    ],
    [
      180.02078247070312,
      60.09138488769531
    ],
    [
      180.01739501953125,
      56.17579650878906
    ],
    [
      180.0364990234375,
      56.0392951965332
    ],
    [
      180.03994750976562,
      52.27802658081055
    ]
  ],
  "xyz_pred": [
    [
      -0.20469073951244354,
      0.5939658284187317,
      6.86153507232666
    ],
    [
      -0.2524220645427704,
      0.8399688005447388,
      10.051259994506836
    ],
    [
      -0.16060014069080353,
      1.0061153173446655,
      10.642064094543457
    ],
    [
      -0.032486893236637115,
      1.2271400690078735,
      10.152449607849121
    ],
    [
      0.06269263476133347,
      1.508204460144043,
      9.932207107543945
    ],
    [
      0.13668644428253174,
      1.8319889307022095,
      10.278521537780762
    ],
    [
      0.17519216239452362,
      2.1519272327423096,
      10.994138717651367
    ],
    [
      0.1904086321592331,
      2.453138589859009,
      11.901965141296387
    ],
    [
      0.1939609944820404,
      2.735191822052002,
      12.881617546081543
    ],
    [
      0.19108158349990845,
      2.995917320251465,
      13.874567031860352
    ],
    [
      0.18427827954292297,
      3.231574296951294,
      14.859461784362793
    ],
    [
      0.17954251170158386,
      3.4518792629241943,
      15.833415031433105
    ],
    [
      0.1800554096698761,
      3.662114143371582,
      16.802431106567383
    ],
    [
      0.17970484495162964,
      3.862191915512085,
      17.775373458862305
    ],
    [
      0.17600297927856445,
      4.059441566467285,
      18.776704788208008
    ],
    [
      0.21168524026870728,
      4.290388107299805,
      19.643033981323242
    ],
    [
      0.33166366815567017,
      4.591936111450195,
      20.193567276000977
    ],
    [
      0.4648895263671875,
      4.908310890197754,
      20.71315574645996
    ],
    [
      0.5691538453102112,
      5.194393634796143,
      21.338899612426758
    ],
    [
      0.6464872360229492,
      5.437191009521484,
      21.999162673950195
    ],
    [
      0.6938157677650452,
      5.623167037963867,
      22.672245025634766
    ],
    [
      0.7078154683113098,
      5.746066570281982,
      23.337860107421875
    ],
    [
      0.6925191283226013,
      5.811660289764404,
      23.997825622558594
    ],
    [
      0.6557299494743347,
      5.831686973571777,
      24.65288734436035
    ]
  ],
  "uv_reprojected": [
    [
      268.5733947753906,
      226.7840576171875
    ],
    [
      266.4266357421875,
      248.26937866210938
    ],
    [
      261.8664245605469,
      256.6365051269531
    ],
    [
      256.4559631347656,
      267.8619689941406
    ],
    [
      252.12802124023438,
      282.6358947753906
    ],
    [
      248.9492950439453,
      297.83331298828125
    ],
    [
      247.7495574951172,
      309.94488525390625
    ],
    [
      247.7208709716797,
      318.71148681640625
    ],
    [
      248.1489715576172,
      325.07684326171875
    ],
    [
      248.73370361328125,
      329.6830139160156
    ],
    [
      249.35736083984375,
      332.8528137207031
    ],
    [
      249.84054565429688,
      335.18780517578125
    ],
    [
      250.12420654296875,
      336.9695129394531
    ],
    [
      250.40005493164062,
      338.24591064453125
    ],
    [
      250.7350616455078,
      339.18511962890625
    ],
    [
      250.09664916992188,
      341.4919128417969
    ],
    [
      247.5269775390625,
      346.779541015625
    ],
    [
      244.78790283203125,
      352.2975769042969
    ],
    [
      242.8641815185547,
      356.3086242675781
    ],
    [
      241.6289520263672,
      358.9187927246094
    ],
    [
      241.0760955810547,
      360.0335388183594
    ],
    [
      241.2002716064453,
      359.7341613769531
    ],
    [
      241.8697967529297,
      358.2532958984375
    ],
    [
      242.89767456054688,
      355.9256286621094
    ]
  ],
  "visible_prob": [
    1.0,
    0.9999980926513672,
    1.0,
    1.0,
    1.0,
    1.0,
    1.0,
    1.0,
    1.0,
    1.0,
    1.0,
    1.0,
    1.0,
    1.0,
    1.0,
    1.0,
    1.0,
    1.0,
    1.0,
    1.0,
    1.0,
    1.0,
    1.0,
    1.0
  ],
  "ball_metrics": {
    "launch_angle_deg": 16.5,
    "launch_direction_deg": 5.0,
    "ball_speed_ms": 48.2,
    "carry_m": 131.2,
    "apex_m": 10.18,
    "descent_angle_deg": 17.0,
    "time_of_flight_s": 2.84
  },
  "spin": null,
  "metrics": {
    "sequence": 11,
    "rmse_2d_measured": 39.9665412902832,
    "rmse_2d_filtered": 7.8575334548950195,
    "rmse_3d": 2.5476324558258057,
    "visibility_f1": 1.0,
    "smoothness_filtered": 11.65195369720459,
    "carry_err_m": 3.0855890130834815,
    "apex_err_m": 4.564365386962891,
    "visible_prob_mean": 0.9999999403953552,
    "visible_prob_max": 1.0,
    "gt_visible_rate": 1.0,
    "ball_launch_angle_deg": 16.5,
    "ball_launch_direction_deg": 5.0,
    "ball_ball_speed_ms": 48.2,
    "ball_carry_m": 131.2,
    "ball_apex_m": 10.18,
    "ball_descent_angle_deg": 17.0,
    "ball_time_of_flight_s": 2.84,
    "spin_backspin_rpm": 0.0,
    "spin_sidespin_rpm": 0.0
  }
}