{
  "measured_uv": [
    [
      296.03765869140625,
      387.9764404296875
    ],
    [
      312.0237731933594,
      308.0809631347656
    ],
    [
      324.0472717285156,
      248.1183319091797
    ],
    [
      336.990966796875,
      201.58921813964844
    ],
    [
      344.63519287109375,
      164.2047882080078
    ],
    [
      353.2377014160156,
      133.0780487060547
    ],
    [
      360.0830078125,
      108.1955795288086
    ],
    [
      368.0362854003906,
      88.04864501953125
    ],
    [
      372.0523376464844,
      68.1385498046875
    ],
    [
      376.054443359375,
      52.168148040771484
    ],
    [
      380.06536865234375,
      36.23400115966797
    ],
    [
      384.0440979003906,
      24.13679313659668
    ],
    [
      388.03363037109375,
      12.083473205566406
    ],
    [
      284.4485168457031,
      232.35671997070312
    ],
    [
      256.12896728515625,
      200.23062133789062
    ],
    [
      256.0920104980469,
      196.17062377929688
    ],
    [
      252.1961669921875,
      284.22210693359375
    ],
    [
      259.994140625,
      192.01870727539062
    ],
    [
      87.99593353271484,
      19.99515724182129
    ],
    [
      116.04695129394531,
      28.291061401367188
    ],
    [
      268.0845642089844,
      284.10028076171875
    ],
    [
      291.9331970214844,
      223.95977783203125
    ],
    [
      291.9303894042969,
      223.94969177246094
    ],
    [
      116.0400390625,
      80.01692199707031
    ]
  ],
  "filtered_uv": [
    [
      296.03765869140625,
      387.9764404296875
    ],
    [
      311.2767639160156,
      311.81439208984375
    ],
    [
      323.4656982421875,
      251.0189971923828
    ],
    [
      336.3753967285156,
      203.83871459960938
    ],
    [
      344.2597351074219,
      166.00665283203125
    ],
    [
      352.8299865722656,
      134.5729217529297
    ],
    [
      359.7543029785156,
      109.39046478271484
    ],
    [
      367.6612854003906,
      89.01264953613281
    ],
    [
      371.85491943359375,
      69.07950592041016
    ],
    [
      375.86614990234375,
      52.9270133972168
    ],
    [
      379.8775329589844,
      36.98114776611328
    ],
    [
      383.8582458496094,
      24.707149505615234
    ],
    [
      387.8479309082031,
      12.642163276672363
    ],
    [
      387.9456787109375,
      12.285754203796387
    ],
    [
      388.0434265136719,
      11.92934513092041
    ],
    [
      388.14117431640625,
      11.572936058044434
    ],
    [
      388.2389221191406,
      11.216526985168457
    ],
    [
      388.336669921875,
      10.86011791229248
    ],
    [
      388.4344177246094,
      10.503708839416504
    ],
    [
      388.53216552734375,
      10.147299766540527
    ],
    [
      388.6299133300781,
      9.79089069366455
    ],
    [
      291.9331970214844,
      223.95977783203125
    ],
    [
      291.9331970214844,
      223.95977783203125
    ],
    [
      291.9331970214844,
      223.95977783203125
    ]
  ],
  "xyz_pred": [
    [
      -0.20536279678344727,
      0.5927178859710693,
      6.87337064743042
    ],
    [
      -0.12406614422798157,
      0.8247246742248535,
      8.802071571350098
    ],
    [
      0.1381860375404358,
      1.089863896369934,
      7.878468036651611
    ],
    [
      0.34857627749443054,
      1.4179818630218506,
      7.164961338043213
    ],
    [
      0.5319843888282776,
      1.7941265106201172,
      6.9283270835876465
    ],
    [
      0.6577261090278625,
      2.168121337890625,
      7.186804294586182
    ],
    [
      0.7496069073677063,
      2.545511245727539,
      7.731837272644043
    ],
    [
      0.8220484852790833,
      2.9174556732177734,
      8.391457557678223
    ],
    [
      0.8823387026786804,
      3.2555387020111084,
      9.042885780334473
    ],
    [
      0.9339168071746826,
      3.558443307876587,
      9.675909996032715
    ],
    [
      0.9775590896606445,
      3.8305675983428955,
      10.301044464111328
    ],
    [
      1.0162862539291382,
      4.081272602081299,
      10.923047065734863
    ],
    [
      1.0512871742248535,
      4.315019607543945,
      11.547036170959473
    ],
    [
      1.084591269493103,
      4.533536911010742,
      12.165144920349121
    ],
    [
      1.1155654191970825,
      4.742616176605225,
      12.78027629852295
    ],
    [
      1.1474323272705078,
      4.9483232498168945,
      13.394339561462402
    ],
    [
      1.174364447593689,
      5.143904685974121,
      14.008758544921875
    ],
    [
      1.1975427865982056,
      5.330899238586426,
      14.623284339904785
    ],
    [
      1.2180570363998413,
      5.5081257820129395,
      15.238558769226074
    ],
    [
      1.2358002662658691,
      5.674322128295898,
      15.854607582092285
    ],
    [
      1.2511502504348755,
      5.83177375793457,
      16.47195053100586
    ],
    [
      1.2336304187774658,
      6.042570114135742,
      17.89505958557129
    ],
    [
      1.2007355690002441,
      6.191516876220703,
      19.15842628479004
    ],
    [
      1.1509373188018799,
      6.291579723358154,
      20.33610725402832
    ]
  ],
  "uv_reprojected": [
    [
      268.5945129394531,
      226.73968505859375
    ],
    [
      261.41326904296875,
      246.42745971679688
    ],
    [
      247.01943969726562,
      262.65313720703125
    ],
    [
      232.86419677734375,
      286.8622131347656
    ],
    [
      220.06329345703125,
      315.7473449707031
    ],
    [
      213.35903930664062,
      340.2065734863281
    ],
    [
      210.88743591308594,
      359.1908264160156
    ],
    [
      210.4270477294922,
      373.69476318359375
    ],
    [
      210.60443115234375,
      384.2862243652344
    ],
    [
      211.08349609375,
      391.85614013671875
    ],
    [
      211.82093811035156,
      397.076416015625
    ],
    [
      212.6665496826172,
      400.7373962402344
    ],
    [
      213.5750274658203,
      403.226318359375
    ],
    [
      214.43418884277344,
      404.8918151855469
    ],
    [
      215.283935546875,
      406.05340576171875
    ],
    [
      216.022216796875,
      406.9915466308594
    ],
    [
      216.85702514648438,
      407.47344970703125
    ],
    [
      217.73873901367188,
      407.6131286621094
    ],
    [
      218.63067626953125,
      407.40582275390625
    ],
    [
      219.53465270996094,
      406.8509521484375
    ],
    [
      220.43983459472656,
      406.0539245605469
    ],
    [
      223.63369750976562,
      400.0724792480469
    ],
    [
      226.4833221435547,
      394.4864501953125
    ],
    [
      229.24893188476562,
      388.927978515625
    ]
  ],
  "visible_prob": [
    1.0,
    1.0,
    1.0,
    1.0,
    1.0,
    1.0,
    1.0,
    0.9999998807907104,
    1.0,
    0.999994158744812,
    0.9999998807907104,
    1.0,
    1.0,
    0.9999994039535522,
    1.2907369182357797e-06,
    5.96080440118385e-07,
    8.49016771553579e-07,
    3.2901968438636686e-07,
    1.7332651225387963e-07,
    3.9168039478454375e-08,
    2.935616372212735e-08,
    1.7424882514660567e-07,
    3.300652196003284e-08,
    3.163379176385206e-07
  ],
  "ball_metrics": {
    "launch_angle_deg": 58.4,
    "launch_direction_deg": 85.7,
    "ball_speed_ms": 21.2,
    "carry_m": 41.1,
    "apex_m": 17.15,
    "descent_angle_deg": 58.8,
    "time_of_flight_s": 3.71
  },
  "spin": null,
  "metrics": {
    "sequence": 6,
    "rmse_2d_measured": 48.01134490966797,
    "rmse_2d_filtered": 3.210102081298828,
    "rmse_3d": 2.1618194580078125,
    "visibility_f1": 1.0,
    "smoothness_filtered": 25.091197967529297,
    "carry_err_m": 1.8695445810754805,
    "apex_err_m": 5.304261684417725,
    "visible_prob_mean": 0.5833331942558289,
    "visible_prob_max": 1.0,
    "gt_visible_rate": 0.5833333134651184,
    "ball_launch_angle_deg": 58.4,
    "ball_launch_direction_deg": 85.7,
    "ball_ball_speed_ms": 21.2,
    "ball_carry_m": 41.1,