{
  "measured_uv": [
    [
      292.05853271484375,
      368.1684265136719
    ],
    [
      300.03009033203125,
      300.0721130371094
    ],
    [
      303.9181213378906,
      252.009765625
    ],
    [
      308.049072265625,
      212.157958984375
    ],
    [
      312.02337646484375,
      180.22927856445312
    ],
    [
      316.0272521972656,
      156.08384704589844
    ],
    [
      320.045166015625,
      132.07073974609375
    ],
    [
      320.0306091308594,
      112.13420104980469
    ],
    [
      324.04522705078125,
      96.09329223632812
    ],
    [
      84.02070617675781,
      32.111175537109375
    ],
    [
      328.0365905761719,
      68.09323120117188
    ],
    [
      328.08135986328125,
      56.18319320678711
    ],
    [
      328.2929992675781,
      44.147247314453125
    ],
    [
      332.0260009765625,
      36.0528678894043
    ],
    [
      332.0433654785156,
      28.049623489379883
    ],
    [
      332.06610107421875,
      20.04607582092285
    ],
    [
      335.9079895019531,
      12.167167663574219
    ],
    [
      255.9985809326172,
      196.16371154785156
    ],
    [
      260.00738525390625,
      191.99685668945312
    ],
    [
      251.98178100585938,
      192.36477661132812
    ],
    [
      252.05503845214844,
      192.08584594726562
    ],
    [
      256.0094299316406,
      187.98838806152344
    ],
    [
      104.11351013183594,
      96.23204803466797
    ],
    [
      252.00918579101562,
      188.02345275878906
    ]
  ],
  "filtered_uv": [
    [
      292.05853271484375,
      368.1684265136719
    ],
    [
      299.6575927734375,
      303.2541809082031
    ],
    [
      303.7240905761719,
      254.34339904785156
    ],
    [
      307.85223388671875,
      214.0778045654297
    ],
    [
      311.83367919921875,
      181.76815795898438
    ],
    [
      315.8367614746094,
      157.2496337890625
    ],
    [
      319.854248046875,
      133.2119903564453
    ],
    [
      320.0233459472656,
      113.08714294433594
    ],
    [
      323.8631591796875,
      96.85881042480469
    ],
    [
      323.8873596191406,
      96.67266082763672
    ],
    [
      327.938720703125,
      68.76693725585938
    ],
    [
      328.076416015625,
      56.74285888671875
    ],
    [
      328.2846984863281,
      44.70638656616211
    ],
    [
      331.8576965332031,
      36.43128204345703
    ],
    [
      332.0370178222656,
      28.414413452148438
    ],
    [
      332.06689453125,
      20.408933639526367
    ],
    [
      335.73583984375,
      12.522870063781738
    ],
    [
      335.7969970703125,
      12.091710090637207
    ],
    [
      335.858154296875,
      11.660550117492676
    ],
    [
      335.9193115234375,
      11.229390144348145
    ],
    [
      335.98046875,
      10.798230171203613
    ],
    [
      336.0416259765625,
      10.367070198059082
    ],
    [
      336.102783203125,
      9.93591022491455
    ],
    [
      336.1639404296875,
      9.50475025177002
    ]
  ],
  "xyz_pred": [
    [
      -0.20562922954559326,
      0.5944164395332336,
      6.873996734619141
    ],
    [
      -0.1339617371559143,
      0.8280227184295654,
      8.910374641418457
    ],
    [
      0.04233485460281372,
      1.057155728340149,
      8.707779884338379
    ],
    [
      0.23476991057395935,
      1.354110836982727,
      7.928454875946045
    ],
    [
      0.393052875995636,
      1.710974097251892,
      7.751300811767578
    ],
    [
      0.534928560256958,
      2.0897507667541504,
      7.888486385345459
    ],
    [
      0.6615501046180725,
      2.4638466835021973,
      8.20054817199707
    ],
    [
      0.7518190741539001,
      2.813884973526001,
      8.70900821685791
    ],
    [
      0.8171460032463074,
      3.138810873031616,
      9.30754566192627
    ],
    [
      0.8726139068603516,
      3.451315402984619,
      9.950385093688965
    ],
    [
      0.9279432892799377,
      3.7561402320861816,
      10.587955474853516
    ],
    [
      0.9786580204963684,
      4.032107353210449,
      11.173699378967285
    ],
    [
      1.0235055685043335,
      4.2801899909973145,
      11.731444358825684
    ],
    [
      1.0672961473464966,
      4.5079450607299805,
      12.281832695007324
    ],
    [
      1.1059155464172363,
      4.720345497131348,
      12.83310604095459
    ],
    [
      1.1397192478179932,
      4.920383930206299,
      13.388834953308105
    ],
    [
      1.1704423427581787,
      5.11231803894043,
      13.94840145111084
    ],
    [
      1.1951102018356323,
      5.2921552658081055,
      14.51087760925293
    ],
    [
      1.2170438766479492,
      5.463606834411621,
      15.076132774353027
    ],
    [
      1.2364442348480225,
      5.625363349914551,
      15.64517593383789
    ],
    [
      1.2533714771270752,
      5.777186393737793,
      16.217456817626953
    ],
    [
      1.2679091691970825,
      5.92140007019043,
      16.79189109802246
    ],
    [
      1.279771089553833,
      6.056424617767334,
      17.362760543823242
    ],
    [
      1.2883340120315552,
      6.17987060546875,
      17.921411514282227
    ]
  ],
  "uv_reprojected": [
    [
      268.61090087890625,
      226.8687744140625
    ],
    [
      261.84063720703125,
      246.72116088867188
    ],
    [
      252.7879180908203,
      260.0010986328125
    ],
    [
      241.5269775390625,
      279.6693115234375
    ],
    [
      231.9278564453125,
      303.80517578125
    ],
    [
      224.14585876464844,
      327.5408020019531
    ],
    [
      218.29449462890625,
      348.136962890625
    ],
    [
      215.72140502929688,
      363.2779846191406
    ],
    [
      215.05377197265625,
      374.1888732910156
    ],
    [
      215.0980987548828,
      382.5687561035156
    ],
    [
      215.1231689453125,
      389.62738037109375
    ],
    [
      215.1484375,
      395.21533203125
    ],
    [
      215.30369567871094,
      399.37628173828125
    ],
    [
      215.4603271484375,
      402.40087890625
    ],
    [
      215.78958129882812,
      404.54302978515625
    ],
    [
      216.268310546875,
      405.985595703125
    ],
    [
      216.81991577148438,
      406.97381591796875
    ],
    [
      217.52638244628906,
      407.42828369140625
    ],
    [
      218.26943969726562,
      407.535888671875
    ],
    [
      219.04116821289062,
      407.281494140625
    ],
    [
      219.83517456054688,
      406.70098876953125
    ],
    [
      220.6442108154297,
      405.90863037109375
    ],
    [
      221.46295166015625,
      404.9285888671875
    ],
    [
      222.2909698486328,
      403.78173828125
    ]
  ],
  "visible_prob": [
    1.0,
    1.0,
    1.0,
    1.0,
    1.0,
    1.0,
    1.0,
    1.0,
    1.0,
    1.0,
    1.0,
    1.0,
    1.0,
    1.0,
    1.0,
    1.0,
    1.0,
    0.9639073610305786,
    3.059486175516213e-07,
    4.2824066071034395e-08,
    2.8349920189185696e-09,
    1.1190300908126005e-09,
    1.4494568212342074e-08,
    2.084619765696516e-08
  ],
  "ball_metrics": {
    "launch_angle_deg": 46.4,
    "launch_direction_deg": 34.3,
    "ball_speed_ms": 23.1,
    "carry_m": 55.0,
    "apex_m": 14.89,
    "descent_angle_deg": 47.0,
    "time_of_flight_s": 3.45
  },
  "spin": null,
  "metrics": {
    "sequence": 7,
    "rmse_2d_measured": 53.49714660644531,
    "rmse_2d_filtered": 3.728468656539917,
    "rmse_3d": 1.6890634298324585,
    "visibility_f1": 1.0,
    "smoothness_filtered": 6.070765972137451,
    "carry_err_m": 3.872350327365453,
    "apex_err_m": 4.4847822189331055,
    "visible_prob_mean": 0.7484961152076721,
    "visible_prob_max": 1.0,
    "gt_visible_rate": 0.75,
    "ball_launch_angle_deg": 46.4,
    "ball_launch_direction_deg": 34.3,
    "ball_ball_speed_ms": 23.1,
    "ball_carry_m": 55.0,
    "ball_apex_m": 14.89,
    "ball_descent_angle_deg": 47.0,
    "ball_time_of_flight_s": 3.45,
    "spin_backspin_rpm": 0.0,