{
  "measured_uv": [
    [
      148.0700225830078,
      423.9085388183594
    ],
    [
      83.93427276611328,
      423.9857177734375
    ],
    [
      87.94864654541016,
      423.8805236816406
    ],
    [
      91.99111938476562,
      423.9319152832031
    ],
    [
      95.96817779541016,
      419.9237060546875
    ],
    [
      100.00983428955078,
      419.94635009765625
    ],
    [
      103.92784881591797,
      415.9664001464844
    ],
    [
      111.97099304199219,
      415.90673828125
    ],
    [
      115.97673797607422,
      411.9454040527344
    ],
    [
      119.96996307373047,
      411.9360656738281
    ],
    [
      123.9796142578125,
      403.99627685546875
    ],
    [
      127.97669219970703,
      403.9947814941406
    ],
    [
      107.93428039550781,
      420.00189208984375
    ],
    [
      111.96053314208984,
      419.98406982421875
    ],
    [
      115.97057342529297,
      420.0340881347656
    ],
    [
      119.98827362060547,
      423.93292236328125
    ],
    [
      143.9596405029297,
      403.9615173339844
    ],
    [
      144.07485961914062,
      400.5315856933594
    ],
    [
      160.0863037109375,
      151.96701049804688
    ],
    [
      160.03192138671875,
      152.04542541503906
    ],
    [
      160.25257873535156,
      152.31680297851562
    ],
    [
      164.51296997070312,
      152.5892333984375
    ],
    [
      164.00338745117188,
      152.05494689941406
    ],
    [
      151.98500061035156,
      408.0375061035156
    ]
  ],
  "filtered_uv": [
    [
      148.0700225830078,
      423.9085388183594
    ],
    [
      86.93125915527344,
      423.98211669921875
    ],
    [
      87.90229797363281,
      423.8851623535156
    ],
    [
      91.80497741699219,
      423.9297790527344
    ],
    [
      95.77879333496094,
      420.10601806640625
    ],
    [
      99.81756591796875,
      419.9534606933594
    ],
    [
      103.7413330078125,
      416.1476135253906
    ],
    [
      111.59744262695312,
      415.91729736328125
    ],
    [
      115.77892303466797,
      412.1255798339844
    ],
    [
      119.7811279296875,
      411.9439392089844
    ],
    [
      123.79088592529297,
      404.35662841796875
    ],
    [
      127.78903198242188,
      404.0096130371094
    ],
    [
      108.83890533447266,
      419.2740173339844
    ],
    [
      111.81918334960938,
      419.9522705078125
    ],
    [
      115.78296661376953,
      420.0309143066406
    ],
    [
      119.79890441894531,
      423.75640869140625
    ],
    [
      142.86573791503906,
      404.8606872558594
    ],
    [
      144.02639770507812,
      400.72564697265625
    ],
    [
      144.17149353027344,
      400.65753173828125
    ],
    [
      144.31658935546875,
      400.58941650390625
    ],
    [
      144.46168518066406,
      400.52130126953125
    ],
    [
      144.60678100585938,
      400.45318603515625
    ],
    [
      163.81910705566406,
      154.43199157714844
    ],
    [
      164.06027221679688,
      153.1246337890625
    ]
  ],
  "xyz_pred": [
    [
      -0.15225785970687866,
      0.38922661542892456,
      5.413751602172852
    ],
    [
      -0.12154628336429596,
      0.4656161963939667,
      6.981248378753662
    ],
    [
      -0.027480212971568108,
      0.5131368637084961,
      6.833557605743408
    ],
    [
      0.03564845025539398,
      0.6005142331123352,
      6.544821262359619
    ],
    [
      0.05553339421749115,
      0.7011908292770386,
      6.578302383422852
    ],
    [
      0.058406583964824677,
      0.8057488203048706,
      6.7786126136779785
    ],
    [
      0.04570406675338745,
      0.9011545181274414,
      7.118566036224365
    ],
    [
      0.0310604777187109,
      0.9892189502716064,
      7.476264476776123
    ],
    [
      0.013515109196305275,
      1.0632530450820923,
      7.8388895988464355
    ],
    [
      -0.0028722789138555527,
      1.1328203678131104,
      8.189558982849121
    ],
    [
      -0.021564090624451637,
      1.188975214958191,
      8.52431869506836
    ],
    [
      -0.0402568057179451,
      1.2431306838989258,
      8.868685722351074
    ],
    [
      -0.04276970028877258,
      1.3241794109344482,
      9.139029502868652
    ],
    [
      -0.0487799197435379,
      1.3913252353668213,
      9.377411842346191
    ],
    [
      -0.0592096745967865,
      1.449016809463501,
      9.632538795471191
    ],
    [
      -0.06464943289756775,
      1.505636215209961,
      9.839272499084473
    ],
    [
      -0.09526750445365906,
      1.5231961011886597,
      10.180437088012695
    ],
    [
      -0.12486150115728378,
      1.5469887256622314,
      10.58063793182373
    ],
    [
      -0.15227076411247253,
      1.573011040687561,
      10.972979545593262
    ],
    [
      -0.17831866443157196,
      1.6013818979263306,
      11.35395336151123
    ],
    [
      -0.2031322717666626,
      1.63107168674469,
      11.725638389587402
    ],
    [
      -0.2269534170627594,
      1.6621465682983398,
      12.090167999267578
    ],
    [
      -0.056483328342437744,
      1.7963614463806152,
      10.830076217651367
    ],
    [
      0.09494385123252869,
      2.0302987098693848,
      10.380515098571777
    ]
  ],
  "uv_reprojected": [
    [
      114.03712463378906,
      337.670166015625
    ],
    [
      97.88436126708984,
      389.0954284667969
    ],
    [
      77.69842529296875,
      396.98291015625
    ],
    [
      63.42374801635742,
      412.1948547363281
    ],
    [
      58.9082145690918,
      435.03021240234375
    ],
    [
      58.64527893066406,
      459.4007873535156
    ],
    [
      61.95592498779297,
      480.743896484375
    ],
    [
      65.37203979492188,
      498.6920471191406
    ],
    [
      69.0362777709961,
      512.3677368164062
    ],
    [
      72.16439819335938,
      524.078369140625
    ],
    [
      75.44954681396484,
      532.5968627929688
    ],
    [
      78.4791488647461,
      540.092529296875
    ],
    [
      78.6912612915039,
      551.755859375
    ],
    [
      79.47818756103516,
      560.8075561523438
    ],
    [
      80.90289306640625,
      567.8444213867188
    ],
    [
      81.54170227050781,
      574.7479858398438
    ],
    [
      85.7440414428711,
      574.61279296875
    ],
    [
      89.42729187011719,
      574.9074096679688
    ],
    [
      92.55707550048828,
      575.5352783203125
    ],
    [
      95.31387329101562,
      576.5036010742188
    ],
    [
      97.75376892089844,
      577.6387939453125
    ],
    [
      99.93678283691406,
      578.92138671875
    ],
    [
      79.4986343383789,
      606.7947387695312
    ],
    [
      57.846153259277344,
      644.6243896484375
    ]
  ],
  "visible_prob": [
    1.0,
    1.0,
    1.0,
    1.0,
    1.0,
    1.0,
    1.0,
    1.0,
    1.0,
    1.0,
    1.0,
    1.0,
    1.0,
    1.0,
    1.0,
    1.0,
    1.0,
    1.0,
    1.0,
    1.0,
    1.0,
    1.0,
    1.0,
    1.0
  ],
  "ball_metrics": {
    "launch_angle_deg": 14.8,
    "launch_direction_deg": 10.1,
    "ball_speed_ms": 18.4,
    "carry_m": 18.3,
    "apex_m": 1.51,
    "descent_angle_deg": 17.0,
    "time_of_flight_s": 1.03
  },
  "spin": null,
  "metrics": {
    "sequence": 8,
    "rmse_2d_measured": 257.11376953125,
    "rmse_2d_filtered": 257.0567626953125,
    "rmse_3d": 2.0727837085723877,
    "visibility_f1": 0.7027027027027027,
    "smoothness_filtered": 32.55211639404297,
    "carry_err_m": 1.2394430790207505,
    "apex_err_m": 2.0179012110456824,
    "visible_prob_mean": 1.0,
    "visible_prob_max": 1.0,
    "gt_visible_rate": 0.5416666865348816,
    "ball_launch_angle_deg": 14.8,
    "ball_launch_direction_deg": 10.1,
    "ball_ball_speed_ms": 18.4,
    "ball_carry_m": 18.3,
    "ball_apex_m": 1.51,
    "ball_descent_angle_deg": 17.0,
    "ball_time_of_flight_s": 1.03,
    "spin_backspin_rpm": 0.0,
    "spin_sidespin_rpm": 0.0
  }
}