{
  "measured_uv": [
    [
      104.8238754272461,
      96.06842041015625
    ],
    [
      155.99481201171875,
      192.08802795410156
    ],
    [
      103.9756851196289,
      104.05078125
    ],
    [
      152.08395385742188,
      180.44712829589844
    ],
    [
      120.04834747314453,
      116.24749755859375
    ],
    [
      136.24732971191406,
      136.3041534423828
    ],
    [
      63.987728118896484,
      56.057430267333984
    ],
    [
      119.97187042236328,
      120.01446533203125
    ],
    [
      95.98909759521484,
      108.00225067138672
    ],
    [
      87.96650695800781,
      99.97122192382812
    ],
    [
      80.051025390625,
      92.09928894042969
    ],
    [
      73.63377380371094,
      89.58818817138672
    ],
    [
      72.01081085205078,
      115.98184967041016
    ],
    [
      147.953857421875,
      291.9832763671875
    ],
    [
      144.04129028320312,
      288.1981506347656
    ],
    [
      140.0297393798828,
      295.9683532714844
    ],
    [
      75.93901062011719,
      23.942886352539062
    ],
    [
      116.05732727050781,
      67.97665405273438
    ],
    [
      135.9755096435547,
      116.05180358886719
    ],
    [
      144.5455780029297,
      116.72705078125
    ],
    [
      151.92666625976562,
      147.9169158935547
    ],
    [
      68.9769058227539,
      77.14339447021484
    ],
    [
      180.00357055664062,
      180.03173828125
    ],
    [
      200.19265747070312,
      196.76766967773438
    ]
  ],
  "filtered_uv": [
    [
      104.8238754272461,
      96.06842041015625
    ],
    [
      153.60365295410156,
      187.6011505126953
    ],
    [
      106.23573303222656,
      107.85564422607422
    ],
    [
      149.9961700439453,
      177.1414794921875
    ],
    [
      121.41184997558594,
      119.01966094970703
    ],
    [
      135.57177734375,
      135.5163116455078
    ],
    [
      67.24401092529297,
      59.671173095703125
    ],
    [
      117.56999206542969,
      117.26507568359375
    ],
    [
      96.96986389160156,
      108.42235565185547
    ],
    [
      88.37356567382812,
      100.35354614257812
    ],
    [
      80.42618560791016,
      92.47176361083984
    ],
    [
      73.93843841552734,
      89.7157211303711
    ],
    [
      72.09368133544922,
      114.78526306152344
    ],
    [
      71.985595703125,
      114.77767181396484
    ],
    [
      71.87751007080078,
      114.77008056640625
    ],
    [
      138.939208984375,
      293.0733947753906
    ],
    [
      139.0684051513672,
      293.6957092285156
    ],
    [
      139.19760131835938,
      294.3180236816406
    ],
    [
      136.02890014648438,
      118.90171813964844
    ],
    [
      144.1652374267578,
      116.8193588256836
    ],
    [
      151.5819091796875,
      146.50108337402344
    ],
    [
      72.72806549072266,
      80.28604125976562
    ],
    [
      72.49688720703125,
      79.939453125
    ],
    [
      72.26570892333984,
      79.59286499023438
    ]
  ],
  "xyz_pred": [
    [
      -0.06862548738718033,
      0.5578434467315674,
      5.482863903045654
    ],
    [
      -0.11019983142614365,
      0.8595366477966309,
      8.955972671508789
    ],
    [
      -0.003630267456173897,
      1.0591075420379639,
      9.361798286437988
    ],
    [
      -0.025143684819340706,
      1.294597864151001,
      10.531464576721191
    ],
    [
      -0.00021099485456943512,
      1.544205665588379,
      10.841483116149902
    ],
    [
      -0.0059921760112047195,
      1.8264706134796143,
      11.703603744506836
    ],
    [
      0.003649873659014702,
      2.1227331161499023,
      12.588951110839844
    ],
    [
      -0.05170801281929016,
      2.37219500541687,
      13.87989330291748
    ],
    [
      -0.15065547823905945,
      2.5805137157440186,
      15.429337501525879
    ],
    [
      -0.24939373135566711,
      2.760417938232422,
      16.921293258666992
    ],
    [
      -0.33276084065437317,
      2.9380667209625244,
      18.35691261291504
    ],
    [
      -0.4247763156890869,
      3.1034648418426514,
      19.834157943725586
    ],
    [
      -0.5952388644218445,
      3.266277313232422,
      21.91128921508789
    ],
    [
      -0.7277692556381226,
      3.4916317462921143,
      23.781400680541992
    ],
    [
      -0.8271744847297668,
      3.749528169631958,
      25.55682945251465
    ],
    [
      -0.929083526134491,
      4.023886680603027,
      27.396387100219727
    ],
    [
      -0.9966974258422852,
      4.2667999267578125,
      29.13948631286621
    ],
    [
      -1.02970290184021,
      4.462954521179199,
      30.576730728149414
    ],
    [
      -0.9773882627487183,
      4.593860626220703,
      30.996938705444336
    ],
    [
      -0.9357330203056335,
      4.695956230163574,
      31.314611434936523
    ],
    [
      -0.9152966141700745,
      4.768329620361328,
      31.588266372680664
    ],
    [
      -0.9095920920372009,
      4.815952301025391,
      31.81791877746582
    ],
    [
      -0.9061727523803711,
      4.8458709716796875,
      31.954633712768555
    ],
    [
      -0.9042114019393921,
      4.8657002449035645,
      32.044002532958984
    ]
  ],
  "uv_reprojected": [
    [
      262.5951843261719,
      176.3578643798828
    ],
    [
      262.4666748046875,
      224.1024932861328
    ],
    [
      255.2353057861328,
      236.35647583007812
    ],
    [
      256.4487609863281,
      249.87574768066406
    ],
    [
      255.01181030273438,
      261.8102722167969
    ],
    [
      255.31068420410156,
      273.6568908691406
    ],
    [
      254.82406616210938,
      284.39398193359375
    ],
    [
      257.2606506347656,
      290.8622131347656
    ],
    [
      260.9251403808594,
      294.1736145019531
    ],
    [
      263.943603515625,
      296.1631774902344
    ],
    [
      266.0,
      297.8988342285156
    ],
    [
      267.99591064453125,
      298.97332763671875
    ],
    [
      271.4847717285156,
      298.6092224121094
    ],
    [
      273.5701904296875,
      300.0316467285156
    ],
    [
      274.640380859375,
      302.0699462890625
    ],
    [
      275.578857421875,
      304.0367431640625
    ],
    [
      275.7558898925781,
      305.3715515136719
    ],
    [
      275.435302734375,
      306.2884521484375
    ],
    [
      274.13409423828125,
      307.75543212890625
    ],
    [
      273.1328125,
      308.8895263671875
    ],
    [
      272.5831298828125,
      309.5957336425781
    ],
    [
      272.347412109375,
      309.968017578125
    ],
    [
      272.208251953125,
      310.21221923828125
    ],
    [
      272.1231384277344,
      310.37506103515625
    ]
  ],
  "visible_prob": [
    1.0,
    1.0,
    1.0,
    1.0,
    1.0,
    1.0,
    1.0,
    1.0,
    1.0,
    1.0,
    1.0,
    1.0,
    1.0,
    1.0,
    1.0,
    1.0,
    1.0,
    1.0,
    1.0,
    1.0,
    1.0,
    1.0,
    1.0,
    1.0
  ],
  "ball_metrics": {
    "launch_angle_deg": 10.4,
    "launch_direction_deg": 0.7,
    "ball_speed_ms": 81.7,
    "carry_m": 245.5,
    "apex_m": 11.72,
    "descent_angle_deg": 10.7,
    "time_of_flight_s": 3.05
  },
  "spin": null,
  "metrics": {
    "sequence": 8,
    "rmse_2d_measured": 222.04806518554688,
    "rmse_2d_filtered": 226.88719177246094,
    "rmse_3d": 9.972586631774902,
    "visibility_f1": 1.0,
    "smoothness_filtered": 94.00334930419922,
    "carry_err_m": 22.795306965172838,
    "apex_err_m": 4.844844864681363,
    "visible_prob_mean": 1.0,
    "visible_prob_max": 1.0,
    "gt_visible_rate": 1.0,
    "ball_launch_angle_deg": 10.4,
    "ball_launch_direction_deg": 0.7,
    "ball_ball_speed_ms": 81.7,
    "ball_carry_m": 245.5,
    "ball_apex_m": 11.72,
    "ball_descent_angle_deg": 10.7,
    "ball_time_of_flight_s": 3.05,
    "spin_backspin_rpm": 0.0,
    "spin_sidespin_rpm": 0.0
  }
}