{
  "measured_uv": [
    [
      271.9623107910156,
      431.9982604980469
    ],
    [
      284.8940124511719,
      345.4328918457031
    ],
    [
      296.62286376953125,
      272.51287841796875
    ],
    [
      307.9486083984375,
      216.07301330566406
    ],
    [
      316.0433349609375,
      176.08460998535156
    ],
    [
      320.1335144042969,
      140.28604125976562
    ],
    [
      328.02978515625,
      112.08074188232422
    ],
    [
      332.0330810546875,
      88.1128158569336
    ],
    [
      336.05145263671875,
      68.07438659667969
    ],
    [
      340.03265380859375,
      48.07276153564453
    ],
    [
      340.2095947265625,
      32.12501907348633
    ],
    [
      344.0570373535156,
      16.423585891723633
    ],
    [
      68.00227355957031,
      191.9890899658203
    ],
    [
      68.0075454711914,
      191.9840087890625
    ],
    [
      363.97357177734375,
      7.9626545906066895
    ],
    [
      363.97320556640625,
      7.962518692016602
    ],
    [
      363.9735107421875,
      7.962642192840576
    ],
    [
      367.9469909667969,
      7.9421210289001465
    ],
    [
      88.01952362060547,
      11.988178253173828
    ],
    [
      103.9904556274414,
      40.008426666259766
    ],
    [
      367.9479675292969,
      7.944315433502197
    ],
    [
      367.9445495605469,
      7.944358825683594
    ],
    [
      151.98745727539062,
      88.00736236572266
    ],
    [
      367.9444885253906,
      7.9434123039245605
    ]
  ],
  "filtered_uv": [
    [
      271.9623107910156,
      431.9982604980469
    ],
    [
      284.28973388671875,
      349.4779968261719
    ],
    [
      296.06121826171875,
      276.017822265625
    ],
    [
      307.4075927734375,
      218.80104064941406
    ],
    [
      315.6507263183594,
      178.0263671875
    ],
    [
      319.9302978515625,
      141.99932861328125
    ],
    [
      327.6623229980469,
      113.43595886230469
    ],
    [
      331.83575439453125,
      89.25691223144531
    ],
    [
      335.8615417480469,
      69.02812194824219
    ],
    [
      339.8451843261719,
      49.01416015625
    ],
    [
      340.1955261230469,
      32.87942886352539
    ],
    [
      343.8841552734375,
      17.156330108642578
    ],
    [
      343.9495849609375,
      16.789287567138672
    ],
    [
      344.0150146484375,
      16.422245025634766
    ],
    [
      344.0804443359375,
      16.05520248413086
    ],
    [
      344.1458740234375,
      15.68816089630127
    ],
    [
      344.2113037109375,
      15.32111930847168
    ],
    [
      344.2767333984375,
      14.95407772064209
    ],
    [
      344.3421630859375,
      14.5870361328125
    ],
    [
      344.4075927734375,
      14.21999454498291
    ],
    [
      367.9479675292969,
      7.944315433502197
    ],
    [
      367.9479675292969,
      7.944315433502197
    ],
    [
      367.9479675292969,
      7.944315433502197
    ],
    [
      367.9479675292969,
      7.944315433502197
    ]
  ],
  "xyz_pred": [
    [
      -0.1760653853416443,
      0.3987463116645813,
      5.746948719024658
    ],
    [
      -0.19181835651397705,
      0.5830248594284058,
      8.42835521697998
    ],
    [
      0.016983546316623688,
      0.7786984443664551,
      7.844306945800781
    ],
    [
      0.22296807169914246,
      1.0767581462860107,
      6.829373836517334
    ],
    [
      0.40211376547813416,
      1.4367902278900146,
      6.411740779876709
    ],
    [
      0.5750265717506409,
      1.8339111804962158,
      6.395679950714111
    ],
    [
      0.6986384987831116,
      2.211409330368042,
      6.762898921966553
    ],
    [
      0.7814528346061707,
      2.5582869052886963,
      7.337526798248291
    ],
    [
      0.8422031998634338,
      2.8911406993865967,
      8.016530990600586
    ],
    [
      0.8937730193138123,
      3.2204835414886475,
      8.73819637298584
    ],
    [
      0.9394113421440125,
      3.5216569900512695,
      9.414261817932129
    ],
    [
      0.97834312915802,
      3.78743052482605,
      10.044575691223145
    ],
    [
      1.014236569404602,
      4.030078887939453,
      10.648818016052246
    ],
    [
      1.0462605953216553,
      4.253060817718506,
      11.240330696105957
    ],
    [
      1.078195571899414,
      4.4611406326293945,
      11.824694633483887
    ],
    [
      1.104886531829834,
      4.656006813049316,
      12.406987190246582
    ],
    [
      1.1361796855926514,
      4.851605415344238,
      12.9841890335083
    ],
    [
      1.164582371711731,
      5.039613723754883,
      13.559102058410645
    ],
    [
      1.189087986946106,
      5.2190093994140625,
      14.132182121276855
    ],
    [
      1.2114169597625732,
      5.38924503326416,
      14.703606605529785
    ],
    [
      1.2310618162155151,
      5.555573463439941,
      15.28966236114502
    ],
    [
      1.248355507850647,
      5.711174488067627,
      15.873601913452148
    ],
    [
      1.2635250091552734,
      5.859580993652344,
      16.45793914794922
    ],
    [
      1.2765257358551025,
      5.99979305267334,
      17.039525985717773
    ]
  ],
  "uv_reprojected": [
    [
      268.93951416015625,
      203.91949462890625
    ],
    [
      265.3551940917969,
      231.36473083496094
    ],
    [
      254.014892578125,
      242.3766326904297
    ],
    [
      240.14498901367188,
      262.84625244140625
    ],
    [
      226.46456909179688,
      292.1071472167969
    ],
    [
      214.09158325195312,
      323.991455078125
    ],
    [
      207.9964141845703,
      348.8246154785156
    ],
    [
      206.5421142578125,
      365.681396484375
    ],
    [
      207.19847106933594,
      377.5653381347656
    ],
    [
      208.46102905273438,
      386.7402648925781
    ],
    [
      209.59738159179688,
      393.65911865234375
    ],
    [
      210.6829376220703,
      398.5052490234375
    ],
    [
      211.66395568847656,
      402.02899169921875
    ],
    [
      212.64816284179688,
      404.4486083984375
    ],
    [
      213.5123291015625,
      406.0727233886719
    ],
    [
      214.48062133789062,
      407.0240478515625
    ],
    [
      215.18528747558594,
      407.9788818359375
    ],
    [
      215.92034912109375,
      408.591796875
    ],
    [
      216.71609497070312,
      408.8628234863281
    ],
    [
      217.51295471191406,
      408.81109619140625
    ],
    [
      218.365234375,
      408.48529052734375
    ],
    [
      219.2172088623047,
      407.85797119140625
    ],
    [
      220.06829833984375,
      407.047607421875
    ],
    [
      220.91342163085938,
      406.071044921875
    ]
  ],
  "visible_prob": [
    1.0,
    1.0,
    1.0,
    1.0,
    1.0,
    1.0,
    1.0,
    1.0,
    1.0,
    1.0,
    1.0,
    1.0,
    1.0,
    4.714963142760098e-05,
    8.684921226631559e-08,
    1.4882306498265052e-09,
    1.5775396267070363e-10,
    7.1746200092093204e-09,
    1.7240989885758395e-11,
    1.4464662974333908e-11,
    9.888839053173726e-11,
    8.782730098744196e-10,
    1.8280569280548775e-09,
    2.2509096808676077e-08
  ],
  "ball_metrics": {
    "launch_angle_deg": 49.7,
    "launch_direction_deg": 41.0,
    "ball_speed_ms": 20.4,
    "carry_m": 42.3,
    "apex_m": 12.76,
    "descent_angle_deg": 50.1,
    "time_of_flight_s": 3.2
  },
  "spin": null,
  "metrics": {
    "sequence": 8,
    "rmse_2d_measured": 66.0486068725586,
    "rmse_2d_filtered": 3.350191831588745,
    "rmse_3d": 1.9042320251464844,
    "visibility_f1": 1.0,
    "smoothness_filtered": 6.332329273223877,
    "carry_err_m": 1.89246401281941,
    "apex_err_m": 3.646993637084961,
    "visible_prob_mean": 0.5416686534881592,
    "visible_prob_max": 1.0,
    "gt_visible_rate": 0.5416666865348816,
    "ball_launch_angle_deg": 49.7,
    "ball_launch_direction_deg": 41.0,
    "ball_ball_speed_ms": 20.4,
    "ball_carry_m": 42.3,
    "ball_apex_m": 12.76,
    "ball_descent_angle_deg": 50.1,