{
  "measured_uv": [
    [
      271.9717102050781,
      436.08782958984375
    ],
    [
      291.9904479980469,
      352.05816650390625
    ],
    [
      304.0968933105469,
      284.1944885253906
    ],
    [
      312.0688171386719,
      236.10328674316406
    ],
    [
      320.59576416015625,
      196.247314453125
    ],
    [
      328.09576416015625,
      164.2487030029297
    ],
    [
      336.0187683105469,
      140.07290649414062
    ],
    [
      340.0333557128906,
      116.08636474609375
    ],
    [
      343.9999084472656,
      96.15826416015625
    ],
    [
      348.0403137207031,
      84.0575180053711
    ],
    [
      352.0504455566406,
      68.08338165283203
    ],
    [
      353.0284423828125,
      52.61593246459961
    ],
    [
      356.10003662109375,
      40.72943878173828
    ],
    [
      360.04876708984375,
      32.14311981201172
    ],
    [
      360.0404052734375,
      24.01503562927246
    ],
    [
      364.0403137207031,
      16.058555603027344
    ],
    [
      375.94287109375,
      11.954745292663574
    ],
    [
      64.01547241210938,
      80.00314331054688
    ],
    [
      335.9859924316406,
      211.96170043945312
    ],
    [
      232.03028869628906,
      68.00138092041016
    ],
    [
      71.98673248291016,
      79.98542785644531
    ],
    [
      91.99442291259766,
      63.97899627685547
    ],
    [
      95.98246002197266,
      63.989654541015625
    ],
    [
      103.99535369873047,
      76.00212097167969
    ]
  ],
  "filtered_uv": [
    [
      271.9717102050781,
      436.08782958984375
    ],
    [
      291.05499267578125,
      355.9847717285156
    ],
    [
      303.50299072265625,
      287.4637451171875
    ],
    [
      311.67901611328125,
      238.44058227539062
    ],
    [
      320.1903076171875,
      198.16552734375
    ],
    [
      327.73675537109375,
      165.78829956054688
    ],
    [
      335.6430969238281,
      141.23739624023438
    ],
    [
      339.83526611328125,
      117.22335052490234
    ],
    [
      343.81243896484375,
      97.10739135742188
    ],
    [
      347.8503723144531,
      84.64035034179688
    ],
    [
      351.8622131347656,
      68.82418823242188
    ],
    [
      352.978515625,
      53.338951110839844
    ],
    [
      355.9614562988281,
      41.28694152832031
    ],
    [
      359.8667907714844,
      32.54153060913086
    ],
    [
      360.03668212890625,
      24.384075164794922
    ],
    [
      363.86279296875,
      16.417131423950195
    ],
    [
      375.399658203125,
      12.136676788330078
    ],
    [
      375.5519104003906,
      11.66919231414795
    ],
    [
      375.70416259765625,
      11.20170783996582
    ],
    [
      375.8564147949219,
      10.734223365783691
    ],
    [
      376.0086669921875,
      10.266738891601562
    ],
    [
      376.1609191894531,
      9.799254417419434
    ],
    [
      376.31317138671875,
      9.331769943237305
    ],
    [
      376.4654235839844,
      8.864285469055176
    ]
  ],
  "xyz_pred": [
    [
      -0.17089053988456726,
      0.39003026485443115,
      5.626977920532227
    ],
    [
      -0.18756268918514252,
      0.5713410377502441,
      8.296979904174805
    ],
    [
      0.01562860980629921,
      0.7631557583808899,
      7.7691569328308105
    ],
    [
      0.22286812961101532,
      1.0618155002593994,
      6.759399890899658
    ],
    [
      0.3837054967880249,
      1.40988290309906,
      6.44598388671875
    ],
    [
      0.5552874207496643,
      1.8063164949417114,
      6.429797172546387
    ],
    [
      0.6867631673812866,
      2.1887714862823486,
      6.757052898406982
    ],
    [
      0.7746700644493103,
      2.5389230251312256,
      7.3127264976501465
    ],
    [
      0.8366904854774475,
      2.8668835163116455,
      7.974395751953125
    ],
    [
      0.8868809342384338,
      3.1901509761810303,
      8.690911293029785
    ],
    [
      0.9329562783241272,
      3.496481418609619,
      9.387633323669434
    ],
    [
      0.9731009602546692,
      3.7681751251220703,
      10.027647018432617
    ],
    [
      1.0098015069961548,
      4.01472282409668,
      10.63537883758545
    ],
    [
      1.0427082777023315,
      4.241897106170654,
      11.230034828186035
    ],
    [
      1.0754367113113403,
      4.452862739562988,
      11.816895484924316
    ],
    [
      1.102968454360962,
      4.651278495788574,
      12.405001640319824
    ],
    [
      1.1344422101974487,
      4.852339744567871,
      13.002013206481934
    ],
    [
      1.1633020639419556,
      5.045528411865234,
      13.594099998474121
    ],
    [
      1.188012957572937,
      5.229308128356934,
      14.184462547302246
    ],
    [
      1.2103238105773926,
      5.403822422027588,
      14.773275375366211
    ],
    [
      1.229894757270813,
      5.570156097412109,
      15.361706733703613
    ],
    [
      1.2470446825027466,
      5.726456642150879,
      15.950167655944824
    ],
    [
      1.2620633840560913,
      5.875367164611816,
      16.53929901123047
    ],
    [
      1.2749241590499878,
      6.015795707702637,
      17.125484466552734
    ]
  ],
  "uv_reprojected": [
    [
      268.81829833984375,
      202.03733825683594
    ],
    [
      265.2857971191406,
      230.2694854736328
    ],
    [
      254.084716796875,
      241.23023986816406
    ],
    [
      239.9979248046875,
      261.7956237792969
    ],
    [
      227.91554260253906,
      289.7727966308594
    ],
    [
      215.70547485351562,
      321.42803955078125
    ],
    [
      208.75540161132812,
      347.1904602050781
    ],
    [
      206.7998046875,
      364.70098876953125
    ],
    [
      207.26043701171875,
      376.655517578125
    ],
    [
      208.56863403320312,
      385.6700744628906
    ],
    [
      209.78146362304688,
      392.6793518066406
    ],
    [
      210.84597778320312,
      397.76434326171875
    ],
    [
      211.79893493652344,
      401.47552490234375
    ],
    [
      212.75326538085938,
      404.07666015625
    ],
    [
      213.5911865234375,
      405.81378173828125
    ],
    [
      214.54449462890625,
      406.85321044921875
    ],
    [
      215.30067443847656,
      407.798095703125
    ],
    [
      216.06381225585938,
      408.41912841796875
    ],
    [
      216.89169311523438,
      408.66748046875
    ],
    [
      217.72341918945312,
      408.59100341796875
    ],
    [
      218.57162475585938,
      408.2514953613281
    ],
    [
      219.42637634277344,
      407.61474609375
    ],
    [
      220.28033447265625,
      406.788330078125
    ],
    [
      221.12705993652344,
      405.79119873046875
    ]
  ],
  "visible_prob": [
    1.0,
    1.0,
    1.0,
    1.0,
    1.0,
    1.0,
    1.0,
    1.0,
    1.0,
    1.0,
    1.0,
    1.0,
    1.0,
    1.0,
    1.0,
    1.0,
    1.0,
    0.018402431160211563,
    4.8212677938863635e-05,
    1.0680817013053456e-06,
    6.305078841251088e-06,
    7.886975254223216e-06,
    1.3302176284923917e-06,
    3.296336581115611e-05
  ],
  "ball_metrics": {
    "launch_angle_deg": 45.9,
    "launch_direction_deg": 34.1,
    "ball_speed_ms": 21.3,
    "carry_m": 46.6,
    "apex_m": 12.32,
    "descent_angle_deg": 46.3,
    "time_of_flight_s": 3.14
  },
  "spin": null,
  "metrics": {
    "sequence": 9,
    "rmse_2d_measured": 52.56755447387695,
    "rmse_2d_filtered": 3.506335735321045,
    "rmse_3d": 1.5709426403045654,
    "visibility_f1": 0.9714285714285714,
    "smoothness_filtered": 5.216355800628662,
    "carry_err_m": 1.0276089848124226,
    "apex_err_m": 2.754227638244629,
    "visible_prob_mean": 0.7091042399406433,
    "visible_prob_max": 1.0,
    "gt_visible_rate": 0.75,
    "ball_launch_angle_deg": 45.9,
    "ball_launch_direction_deg": 34.1,
    "ball_ball_speed_ms": 21.3,
    "ball_carry_m": 46.6,
    "ball_apex_m": 12.32,
    "ball_descent_angle_deg": 46.3,
    "ball_time_of_flight_s": 3.14,