{
  "measured_uv": [
    [
      167.79638671875,
      323.83209228515625
    ],
    [
      272.2792663574219,
      237.4999237060547
    ],
    [
      143.918212890625,
      307.77294921875
    ],
    [
      192.72994995117188,
      185.83474731445312
    ],
    [
      147.9246368408203,
      303.9659729003906
    ],
    [
      199.95333862304688,
      139.94703674316406
    ],
    [
      151.93603515625,
      303.8948059082031
    ],
    [
      200.04989624023438,
      159.92205810546875
    ],
    [
      204.26455688476562,
      156.1077880859375
    ],
    [
      163.97679138183594,
      107.9963607788086
    ],
    [
      159.9430389404297,
      103.94326782226562
    ],
    [
      152.16265869140625,
      92.71240997314453
    ],
    [
      152.00001525878906,
      96.09453582763672
    ],
    [
      147.9759063720703,
      92.0810546875
    ],
    [
      136.32220458984375,
      96.73532104492188
    ],
    [
      132.56826782226562,
      96.71533203125
    ],
    [
      140.00225830078125,
      107.952392578125
    ],
    [
      195.98114013671875,
      112.01081085205078
    ],
    [
      133.75502014160156,
      4.555530071258545
    ],
    [
      147.98960876464844,
      31.967681884765625
    ],
    [
      136.06704711914062,
      56.006614685058594
    ],
    [
      140.0351104736328,
      60.34931945800781
    ],
    [
      175.92137145996094,
      87.82738494873047
    ],
    [
      187.96710205078125,
      108.1506576538086
    ]
  ],
  "filtered_uv": [
    [
      167.79638671875,
      323.83209228515625
    ],
    [
      167.79638671875,
      323.83209228515625
    ],
    [
      144.49490356445312,
      308.1607971191406
    ],
    [
      144.4915771484375,
      308.1585693359375
    ],
    [
      147.84286499023438,
      304.065673828125
    ],
    [
      147.84182739257812,
      304.0606384277344
    ],
    [
      151.8386993408203,
      303.89862060546875
    ],
    [
      151.84262084960938,
      303.89337158203125
    ],
    [
      203.0200653076172,
      159.6163330078125
    ],
    [
      165.75387573242188,
      110.32820892333984
    ],
    [
      160.20767211914062,
      104.21653747558594
    ],
    [
      152.52809143066406,
      93.21749877929688
    ],
    [
      152.0230255126953,
      95.9450912475586
    ],
    [
      148.1586151123047,
      92.23812103271484
    ],
    [
      136.8578338623047,
      96.5123519897461
    ],
    [
      132.75949096679688,
      96.68803405761719
    ],
    [
      139.66958618164062,
      107.42340850830078
    ],
    [
      193.42446899414062,
      111.78683471679688
    ],
    [
      193.59512329101562,
      111.4560546875
    ],
    [
      149.07061767578125,
      33.83698272705078
    ],
    [
      136.6539764404297,
      54.971500396728516
    ],
    [
      139.87728881835938,
      60.07925033569336
    ],
    [
      174.284912109375,
      86.54549407958984
    ],
    [
      187.35240173339844,
      107.15408325195312
    ]
  ],
  "xyz_pred": [
    [
      -0.2046392858028412,
      0.5900882482528687,
      6.863529682159424
    ],
    [
      -0.2501864433288574,
      0.8303968906402588,
      10.015448570251465
    ],
    [
      -0.21156132221221924,
      1.0041401386260986,
      11.039102554321289
    ],
    [
      -0.18790048360824585,
      1.2115511894226074,
      11.714306831359863
    ],
    [
      -0.20622003078460693,
      1.437788486480713,
      12.573396682739258
    ],
    [
      -0.2596496045589447,
      1.65724515914917,
      13.626741409301758
    ],
    [
      -0.3330037593841553,
      1.8593946695327759,
      14.750927925109863
    ],
    [
      -0.41659367084503174,
      2.0443363189697266,
      15.885298728942871
    ],
    [
      -0.3043506443500519,
      2.255742311477661,
      15.436280250549316
    ],
    [
      -0.20152318477630615,
      2.5077946186065674,
      15.41648006439209
    ],
    [
      -0.1234179139137268,
      2.7564163208007812,
      15.682273864746094
    ],
    [
      -0.0652628242969513,
      2.9921681880950928,
      16.1256160736084
    ],
    [
      -0.01887124963104725,
      3.215080499649048,
      16.67304229736328
    ],
    [
      0.0175629835575819,
      3.4235684871673584,
      17.2866268157959
    ],
    [
      0.04128885269165039,
      3.6148569583892822,
      17.950773239135742
    ],
    [
      0.05699378252029419,
      3.795292377471924,
      18.656845092773438
    ],
    [
      0.06785815954208374,
      3.972601890563965,
      19.404542922973633
    ],
    [
      0.07740497589111328,
      4.155735015869141,
      20.18829917907715
    ],
    [
      0.08752739429473877,
      4.348527908325195,
      21.015256881713867
    ],
    [
      0.263003945350647,
      4.6680426597595215,
      21.186826705932617
    ],
    [
      0.2582664489746094,
      4.868261337280273,
      22.217878341674805
    ],
    [
      0.2627207040786743,
      5.064851760864258,
      23.21042823791504
    ],
    [
      0.2610533833503723,
      5.236178398132324,
      24.213146209716797
    ],
    [
      0.24126940965652466,
      5.357566833496094,
      25.221111297607422
    ]
  ],
  "uv_reprojected": [
    [
      273.0926208496094,
      194.58285522460938
    ],
    [
      270.15838623046875,
      225.8813018798828
    ],
    [
      266.6295471191406,
      236.63978576660156
    ],
    [
      264.7335510253906,
      246.763427734375
    ],
    [
      264.95263671875,
      256.5387878417969
    ],
    [
      266.5625915527344,
      264.66552734375
    ],
    [
      268.69903564453125,
      270.9454345703125
    ],
    [
      270.9139099121094,
      275.76763916015625
    ],
    [
      266.96441650390625,
      283.3837890625
    ],
    [
      262.93231201171875,
      291.79119873046875
    ],
    [
      259.7756042480469,
      299.28472900390625
    ],
    [
      257.4559020996094,
      305.552490234375
    ],
    [
      255.68682861328125,
      310.7379455566406
    ],
    [
      254.38348388671875,
      314.9346008300781
    ],
    [
      253.604248046875,
      318.17315673828125
    ],
    [
      253.14625549316406,
      320.7340393066406
    ],
    [
      252.8779296875,
      322.87957763671875
    ],
    [
      252.67335510253906,
      324.8888244628906
    ],
    [
      252.47262573242188,
      326.8357238769531
    ],
    [
      247.4672088623047,
      333.97540283203125
    ],
    [
      247.9461669921875,
      334.92437744140625
    ],
    [
      248.13136291503906,
      335.8431396484375
    ],
    [
      248.45758056640625,
      336.1180419921875
    ],
    [
      249.19505310058594,
      335.34039306640625
    ]
  ],
  "visible_prob": [
    1.0,
    1.0,
    1.0,
    1.0,
    1.0,
    1.0,
    1.0,
    1.0,
    1.0,
    1.0,
    1.0,
    1.0,
    1.0,
    1.0,
    1.0,
    1.0,
    1.0,
    1.0,
    1.0,
    1.0,
    1.0,
    1.0,
    1.0,
    1.0
  ],
  "ball_metrics": {
    "launch_angle_deg": 8.4,
    "launch_direction_deg": -0.0,
    "ball_speed_ms": 86.6,
    "carry_m": 225.9,
    "apex_m": 8.83,
    "descent_angle_deg": 8.7,
    "time_of_flight_s": 2.64
  },
  "spin": null,
  "metrics": {
    "sequence": 5,
    "rmse_2d_measured": 216.67666625976562,
    "rmse_2d_filtered": 207.72622680664062,
    "rmse_3d": 6.95851469039917,
    "visibility_f1": 1.0,
    "smoothness_filtered": 38.6461181640625,
    "carry_err_m": 14.602311901100503,
    "apex_err_m": 5.308484047651291,
    "visible_prob_mean": 1.0,
    "visible_prob_max": 1.0,
    "gt_visible_rate": 1.0,
    "ball_launch_angle_deg": 8.4,
    "ball_launch_direction_deg": -0.0,
    "ball_ball_speed_ms": 86.6,
    "ball_carry_m": 225.9,
    "ball_apex_m": 8.83,
    "ball_descent_angle_deg": 8.7,
    "ball_time_of_flight_s": 2.64,
    "spin_backspin_rpm": 0.0,
    "spin_sidespin_rpm": 0.0
  }
}