{
  "measured_uv": [
    [
      296.0827331542969,
      400.74871826171875
    ],
    [
      292.0370178222656,
      320.0215759277344
    ],
    [
      291.9480285644531,
      252.0098876953125
    ],
    [
      288.09307861328125,
      204.31851196289062
    ],
    [
      288.0583190917969,
      164.06561279296875
    ],
    [
      283.99395751953125,
      127.89484405517578
    ],
    [
      284.1019287109375,
      96.15754699707031
    ],
    [
      284.0902404785156,
      68.3519287109375
    ],
    [
      284.02532958984375,
      48.043121337890625
    ],
    [
      284.001220703125,
      24.137100219726562
    ],
    [
      284.0440368652344,
      8.05472469329834
    ],
    [
      108.00189971923828,
      184.00413513183594
    ],
    [
      104.0066146850586,
      180.0035858154297
    ],
    [
      124.03013610839844,
      192.02720642089844
    ],
    [
      428.0095520019531,
      500.0141296386719
    ],
    [
      56.009986877441406,
      220.01058959960938
    ],
    [
      72.00852966308594,
      96.00161743164062
    ],
    [
      60.04927062988281,
      96.04459381103516
    ],
    [
      55.98242950439453,
      88.11592102050781
    ],
    [
      51.99961853027344,
      88.0062255859375
    ],
    [
      48.00494384765625,
      80.0005111694336
    ],
    [
      396.0259704589844,
      371.9812316894531
    ],
    [
      428.0086975097656,
      500.0138854980469
    ],
    [
      399.97784423828125,
      371.9954528808594
    ]
  ],
  "filtered_uv": [
    [
      296.0827331542969,
      400.74871826171875
    ],
    [
      292.22607421875,
      323.7938537597656
    ],
    [
      291.960693359375,
      255.27886962890625
    ],
    [
      288.2691345214844,
      206.63758850097656
    ],
    [
      288.06781005859375,
      166.00106811523438
    ],
    [
      284.17919921875,
      129.62506103515625
    ],
    [
      284.1051330566406,
      97.6744613647461
    ],
    [
      284.0906066894531,
      69.67794036865234
    ],
    [
      284.0279846191406,
      49.017181396484375
    ],
    [
      284.00213623046875,
      25.25659942626953
    ],
    [
      284.04180908203125,
      8.822696685791016
    ],
    [
      284.0351257324219,
      8.482906341552734
    ],
    [
      284.0284423828125,
      8.143115997314453
    ],
    [
      284.0217590332031,
      7.80332612991333
    ],
    [
      284.01507568359375,
      7.463536262512207
    ],
    [
      284.0083923339844,
      7.123746395111084
    ],
    [
      284.001708984375,
      6.783956527709961
    ],
    [
      283.9950256347656,
      6.444166660308838
    ],
    [
      283.98834228515625,
      6.104376792907715
    ],
    [
      51.99961853027344,
      88.0062255859375
    ],
    [
      51.99961853027344,
      88.0062255859375
    ],
    [
      51.99961853027344,
      88.0062255859375
    ],
    [
      51.99961853027344,
      88.0062255859375
    ],
    [
      51.99961853027344,
      88.0062255859375
    ]
  ],
  "xyz_pred": [
    [
      -0.20816001296043396,
      0.5838907957077026,
      6.927395343780518
    ],
    [
      -0.21316742897033691,
      0.8119016885757446,
      9.777791023254395
    ],
    [
      -0.014390992000699043,
      1.0131895542144775,
      9.222777366638184
    ],
    [
      0.19041655957698822,
      1.2988004684448242,
      8.144047737121582
    ],
    [
      0.3483026921749115,
      1.6428879499435425,
      7.886071681976318
    ],
    [
      0.486718088388443,
      2.01106858253479,
      7.962893009185791
    ],
    [
      0.613318145275116,
      2.386042833328247,
      8.271477699279785
    ],
    [
      0.7225558161735535,
      2.743889570236206,
      8.675108909606934
    ],
    [
      0.7986502051353455,
      3.074532985687256,
      9.212850570678711
    ],
    [
      0.8539831638336182,
      3.3744165897369385,
      9.806580543518066
    ],
    [
      0.8990216851234436,
      3.654057741165161,
      10.425530433654785
    ],
    [
      0.9457637071609497,
      3.931978464126587,
      11.059013366699219
    ],
    [
      0.9947505593299866,
      4.199216365814209,
      11.663304328918457
    ],
    [
      1.0423616170883179,
      4.44195556640625,
      12.217729568481445
    ],
    [
      1.0882948637008667,
      4.665781021118164,
      12.753121376037598
    ],
    [
      1.1264533996582031,
      4.8722639083862305,
      13.288861274719238
    ],
    [
      1.1592183113098145,
      5.065971374511719,
      13.829071044921875
    ],
    [
      1.186874508857727,
      5.248430252075195,
      14.372965812683105
    ],
    [
      1.2102067470550537,
      5.420117378234863,
      14.920762062072754
    ],
    [
      1.1138179302215576,
      5.720977783203125,
      17.514892578125
    ],
    [
      0.9466970562934875,
      5.846325874328613,
      19.784568786621094
    ],
    [
      0.7533196806907654,
      5.88710880279541,
      21.956571578979492
    ],
    [
      0.5317149758338928,
      5.8544206619262695,
      24.048166275024414
    ],
    [
      0.2677561640739441,
      5.734443187713623,
      26.026647567749023
    ]
  ],
  "uv_reprojected": [
    [
      268.6722106933594,
      226.3076629638672
    ],
    [
      264.9195251464844,
      246.6114501953125
    ],
    [
      255.70997619628906,
      257.28106689453125
    ],
    [
      244.3616180419922,
      275.53900146484375
    ],
    [
      234.9040985107422,
      298.5506286621094
    ],
    [
      227.18890380859375,
      321.8038330078125
    ],
    [
      221.2624053955078,
      342.52227783203125
    ],
    [
      217.1027374267578,
      359.57000732421875
    ],
    [
      215.556640625,
      371.8417663574219
    ],
    [
      215.37738037109375,
      380.424560546875
    ],
    [
      215.7641143798828,
      386.7115173339844
    ],
    [
      216.08853149414062,
      392.0337219238281
    ],
    [
      216.19354248046875,
      396.6651306152344
    ],
    [
      216.18145751953125,
      400.40887451171875
    ],
    [
      216.1723175048828,
      403.29034423828125
    ],
    [
      216.43113708496094,
      405.26751708984375
    ],
    [
      216.8597412109375,
      406.56927490234375
    ],
    [
      217.42752075195312,
      407.3332824707031
    ],
    [
      218.09544372558594,
      407.6319274902344
    ],
    [
      226.0653533935547,
      393.8204345703125
    ],
    [
      233.22811889648438,
      381.1388854980469
    ],
    [
      239.38916015625,
      369.6119079589844
    ],
    [
      244.93975830078125,
      358.94757080078125
    ],
    [
      250.31906127929688,
      348.6855163574219
    ]
  ],
  "visible_prob": [
    1.0,
    0.9999978542327881,
    1.0,
    1.0,
    1.0,
    1.0,
    1.0,
    0.9999805688858032,
    1.0,
    1.0,
    1.0,
    3.7382255868578795e-06,
    0.00017808255506679416,
    0.005642954725772142,
    4.9040291827395777e-08,
    1.484659151174128e-08,
    5.670594305229315e-08,
    1.5076061232743854e-10,
    5.878232345324363e-10,
    2.0966789068821434e-11,
    1.8764313020058765e-11,
    3.8517588424324956e-11,
    7.133141733534076e-12,
    1.8294990522527144e-11
  ],
  "ball_metrics": {
    "launch_angle_deg": 43.7,
    "launch_direction_deg": 30.1,
    "ball_speed_ms": 23.0,
    "carry_m": 54.5,
    "apex_m": 13.44,
    "descent_angle_deg": 44.3,
    "time_of_flight_s": 3.27
  },
  "spin": null,
  "metrics": {
    "sequence": 4,
    "rmse_2d_measured": 2.4150619506835938,
    "rmse_2d_filtered": 3.40635085105896,
    "rmse_3d": 3.3236472606658936,
    "visibility_f1": 1.0,
    "smoothness_filtered": 26.341398239135742,
    "carry_err_m": 9.903495057430941,
    "apex_err_m": 4.712956428527832,
    "visible_prob_mean": 0.45857515931129456,
    "visible_prob_max": 1.0,
    "gt_visible_rate": 0.4583333432674408,
    "ball_launch_angle_deg": 43.7,
    "ball_launch_direction_deg": 30.1,
    "ball_ball_speed_ms": 23.0,