{
  "measured_uv": [
    [
      344.0011901855469,
      428.1127014160156
    ],
    [
      344.2504577636719,
      345.2310485839844
    ],
    [
      296.0025329589844,
      352.0045471191406
    ],
    [
      344.0626220703125,
      228.10557556152344
    ],
    [
      348.0465393066406,
      188.0978546142578
    ],
    [
      348.02581787109375,
      152.08984375
    ],
    [
      348.0587463378906,
      124.16793823242188
    ],
    [
      348.10650634765625,
      100.13182067871094
    ],
    [
      348.4864196777344,
      76.3056869506836
    ],
    [
      352.0232238769531,
      56.073272705078125
    ],
    [
      352.0240783691406,
      40.12550354003906
    ],
    [
      352.01007080078125,
      24.140043258666992
    ],
    [
      352.1078186035156,
      12.374467849731445
    ],
    [
      163.9877471923828,
      184.00900268554688
    ],
    [
      59.989601135253906,
      451.97686767578125
    ],
    [
      59.99055480957031,
      451.9783020019531
    ],
    [
      64.04232788085938,
      436.0424499511719
    ],
    [
      64.04120635986328,
      436.0419616699219
    ],
    [
      64.04064178466797,
      436.04193115234375
    ],
    [
      64.04058837890625,
      436.041748046875
    ],
    [
      64.04041290283203,
      436.041748046875
    ],
    [
      64.0387191772461,
      436.0408935546875
    ],
    [
      64.03795623779297,
      436.0404357910156
    ],
    [
      176.00099182128906,
      59.98883819580078
    ]
  ],
  "filtered_uv": [
    [
      344.0011901855469,
      428.1127014160156
    ],
    [
      344.2388000488281,
      349.10400390625
    ],
    [
      298.1991882324219,
      351.8724365234375
    ],
    [
      298.1867370605469,
      351.87274169921875
    ],
    [
      298.1742858886719,
      351.873046875
    ],
    [
      298.1618347167969,
      351.87335205078125
    ],
    [
      298.1493835449219,
      351.8736572265625
    ],
    [
      298.1369323730469,
      351.87396240234375
    ],
    [
      298.1244812011719,
      351.874267578125
    ],
    [
      298.1120300292969,
      351.87457275390625
    ],
    [
      351.6941833496094,
      42.032745361328125
    ],
    [
      351.9988708496094,
      24.93019676208496
    ],
    [
      352.10601806640625,
      12.921357154846191
    ],
    [
      352.1753234863281,
      12.373783111572266
    ],
    [
      352.24462890625,
      11.826210021972656
    ],
    [
      352.3139343261719,
      11.278636932373047
    ],
    [
      352.38323974609375,
      10.731063842773438
    ],
    [
      352.4525451660156,
      10.183490753173828
    ],
    [
      352.5218505859375,
      9.635917663574219
    ],
    [
      352.5911560058594,
      9.08834457397461
    ],
    [
      352.66046142578125,
      8.540771484375
    ],
    [
      64.0387191772461,
      436.0408935546875
    ],
    [
      64.0387191772461,
      436.0408935546875
    ],
    [
      64.0387191772461,
      436.0408935546875
    ]
  ],
  "xyz_pred": [
    [
      -0.2079269140958786,
      0.5818071365356445,
      6.933614253997803
    ],
    [
      -0.14654859900474548,
      0.8036263585090637,
      9.028111457824707
    ],
    [
      -0.14008332788944244,
      1.004047155380249,
      10.541069984436035
    ],
    [
      -0.15126171708106995,
      1.216562032699585,
      11.54230785369873
    ],
    [
      -0.1968388855457306,
      1.4448550939559937,
      12.61894416809082
    ],
    [
      -0.27085718512535095,
      1.6670408248901367,
      13.82437801361084
    ],
    [
      -0.36172524094581604,
      1.8728500604629517,
      15.093111991882324
    ],
    [
      -0.4604458808898926,
      2.0601911544799805,
      16.383737564086914
    ],
    [
      -0.5615308880805969,
      2.230539560317993,
      17.68309783935547
    ],
    [
      -0.6596314311027527,
      2.391561269760132,
      18.986928939819336
    ],
    [
      -0.39637839794158936,
      2.7016985416412354,
      17.83049774169922
    ],
    [
      -0.12292042374610901,
      3.08247447013855,
      17.18229103088379
    ],
    [
      0.1495213508605957,
      3.4766106605529785,
      16.739999771118164
    ],
    [
      0.38055136799812317,
      3.8432552814483643,
      16.475494384765625
    ],
    [
      0.5560733675956726,
      4.164054870605469,
      16.354467391967773
    ],
    [
      0.6926559209823608,
      4.44129753112793,
      16.27964210510254
    ],
    [
      0.8041545748710632,
      4.68273401260376,
      16.207820892333984
    ],
    [
      0.8945290446281433,
      4.90157413482666,
      16.212142944335938
    ],
    [
      0.9739800095558167,
      5.107547760009766,
      16.29664421081543
    ],
    [
      1.0529152154922485,
      5.319833755493164,
      16.443790435791016
    ],
    [
      1.129250168800354,
      5.529332160949707,
      16.623340606689453
    ],
    [
      0.8406984210014343,
      5.489175796508789,
      19.308866500854492
    ],
    [
      0.5038440823554993,
      5.343556880950928,
      21.671466827392578
    ],
    [
      0.19751250743865967,
      5.211430072784424,
      23.76418113708496
    ]
  ],
  "uv_reprojected": [
    [
      268.6446533203125,
      226.17953491210938
    ],
    [
      262.3857727050781,
      245.445556640625
    ],
    [
      261.046630859375,
      256.5517272949219
    ],
    [
      260.9627685546875,
      265.843994140625
    ],
    [
      262.097412109375,
      274.1815185546875
    ],
    [
      263.9146728515625,
      280.73785400390625
    ],
    [
      265.9046325683594,
      285.5559387207031
    ],
    [
      267.7872314453125,
      289.0033874511719
    ],
    [
      269.4486389160156,
      291.4371032714844
    ],
    [
      270.80731201171875,
      293.2770690917969
    ],
    [
      265.11480712890625,
      304.6651611328125
    ],
    [
      258.2550354003906,
      317.88519287109375
    ],
    [
      250.93594360351562,
      331.6015319824219
    ],
    [
      244.4904022216797,
      344.225341796875
    ],
    [
      239.52940368652344,
      354.9287109375
    ],
    [
      235.6409454345703,
      364.1073913574219
    ],
    [
      232.42507934570312,
      372.2177734375
    ],
    [
      229.8946990966797,
      379.0977783203125
    ],
    [
      227.80661010742188,
      384.92547607421875
    ],
    [
      225.86581420898438,
      390.3726501464844
    ],
    [
      224.09112548828125,
      395.363037109375
    ],
    [
      235.1895294189453,
      374.77618408203125
    ],
    [
      244.42161560058594,
      358.27801513671875
    ],
    [
      251.2183380126953,
      346.33648681640625
    ]
  ],
  "visible_prob": [
    1.0,
    1.0,
    1.0,
    1.0,
    1.0,
    1.0,
    1.0,
    1.0,
    1.0,
    1.0,
    1.0,
    0.9999983310699463,
    0.9999998807907104,
    1.7535522829348338e-06,
    0.08362745493650436,
    2.7476270147985815e-09,
    1.5463140812244092e-07,
    3.801934411740149e-08,
    8.065841328175338e-09,
    1.2834685536589063e-09,
    2.5770783285139487e-09,
    2.7873620078722183e-10,
    2.260583387148074e-10,
    1.5071267567279278e-09
  ],
  "ball_metrics": {
    "launch_angle_deg": 8.6,
    "launch_direction_deg": 0.1,
    "ball_speed_ms": 86.3,
    "carry_m": 228.8,
    "apex_m": 9.12,
    "descent_angle_deg": 8.9,
    "time_of_flight_s": 2.68
  },
  "spin": null,
  "metrics": {
    "sequence": 0,
    "rmse_2d_measured": 17.52808380126953,
    "rmse_2d_filtered": 122.61103820800781,
    "rmse_3d": 4.291611194610596,
    "visibility_f1": 1.0,
    "smoothness_filtered": 81.85155487060547,
    "carry_err_m": 5.44129269839922,
    "apex_err_m": 4.328604698181152,
    "visible_prob_mean": 0.5451511740684509,
    "visible_prob_max": 1.0,
    "gt_visible_rate": 0.5416666865348816,
    "ball_launch_angle_deg": 8.6,
    "ball_launch_direction_deg": 0.1,
    "ball_ball_speed_ms": 86.3,
    "ball_carry_m": 228.8,
    "ball_apex_m": 9.12,