{
  "measured_uv": [
    [
      44.157005310058594,
      472.39892578125
    ],
    [
      115.95025634765625,
      251.9963836669922
    ],
    [
      107.98560333251953,
      239.99838256835938
    ],
    [
      47.96785354614258,
      127.9863052368164
    ],
    [
      96.39405059814453,
      212.98977661132812
    ],
    [
      104.00224304199219,
      207.93362426757812
    ],
    [
      60.01829528808594,
      127.99630737304688
    ],
    [
      120.0285873413086,
      143.99375915527344
    ],
    [
      108.20109558105469,
      160.22341918945312
    ],
    [
      19.989486694335938,
      167.9740447998047
    ],
    [
      28.03348159790039,
      127.94393920898438
    ],
    [
      23.98773193359375,
      172.001220703125
    ],
    [
      23.999608993530273,
      175.98683166503906
    ],
    [
      19.993215560913086,
      427.9302673339844
    ],
    [
      56.0037956237793,
      139.94033813476562
    ],
    [
      20.031539916992188,
      79.95442199707031
    ],
    [
      20.011615753173828,
      75.98201751708984
    ],
    [
      24.013328552246094,
      83.98164367675781
    ],
    [
      24.01028823852539,
      79.97633361816406
    ],
    [
      28.000463485717773,
      87.9657974243164
    ],
    [
      24.005857467651367,
      427.9761047363281
    ],
    [
      24.06151580810547,
      432.0813903808594
    ],
    [
      100.10685729980469,
      124.17619323730469
    ],
    [
      107.74871063232422,
      135.72894287109375
    ]
  ],
  "filtered_uv": [
    [
      44.157005310058594,
      472.39892578125
    ],
    [
      44.157005310058594,
      472.39892578125
    ],
    [
      44.157005310058594,
      472.39892578125
    ],
    [
      44.157005310058594,
      472.39892578125
    ],
    [
      44.157005310058594,
      472.39892578125
    ],
    [
      44.157005310058594,
      472.39892578125
    ],
    [
      44.157005310058594,
      472.39892578125
    ],
    [
      44.157005310058594,
      472.39892578125
    ],
    [
      44.157005310058594,
      472.39892578125
    ],
    [
      20.12188148498535,
      169.64175415039062
    ],
    [
      27.673416137695312,
      129.82008361816406
    ],
    [
      24.15477752685547,
      170.0655975341797
    ],
    [
      24.005844116210938,
      175.70343017578125
    ],
    [
      23.987567901611328,
      175.40206909179688
    ],
    [
      55.245330810546875,
      140.77281188964844
    ],
    [
      21.631839752197266,
      82.69244384765625
    ],
    [
      20.08331298828125,
      76.25749969482422
    ],
    [
      23.833011627197266,
      83.60134887695312
    ],
    [
      24.00091552734375,
      80.1122817993164
    ],
    [
      27.817873001098633,
      87.58080291748047
    ],
    [
      27.80792808532715,
      86.98027038574219
    ],
    [
      27.797983169555664,
      86.3797378540039
    ],
    [
      98.9577407836914,
      123.56607818603516
    ],
    [
      107.36780548095703,
      135.1608123779297
    ]
  ],
  "xyz_pred": [
    [
      -0.09546741843223572,
      0.279292494058609,
      4.071200847625732
    ],
    [
      -0.0360625684261322,
      0.29550960659980774,
      4.938775539398193
    ],
    [
      0.045744240283966064,
      0.2781480550765991,
      4.503845691680908
    ],
    [
      0.08743983507156372,
      0.3036649823188782,
      4.099514484405518
    ],
    [
      0.10560379922389984,
      0.3411811590194702,
      3.926771640777588
    ],
    [
      0.11263969540596008,
      0.379123717546463,
      3.897028684616089
    ],
    [
      0.11569490283727646,
      0.4125733971595764,
      3.9293506145477295
    ],
    [
      0.1171761304140091,
      0.4412524998188019,
      3.9842183589935303
    ],
    [
      0.11796672642230988,
      0.4655289351940155,
      4.04472541809082
    ],
    [
      0.13097675144672394,
      0.614902138710022,
      4.727633476257324
    ],
    [
      0.1369449943304062,
      0.7607055902481079,
      5.3636040687561035
    ],
    [
      0.10503494739532471,
      0.9571936130523682,
      6.268128395080566
    ],
    [
      0.0727074071764946,
      1.1236560344696045,
      7.158711910247803
    ],
    [
      0.041966475546360016,
      1.2795168161392212,
      8.015769958496094
    ],
    [
      0.036005131900310516,
      1.4011576175689697,
      8.62661075592041
    ],
    [
      0.023733144626021385,
      1.5415855646133423,
      9.244566917419434
    ],
    [
      -0.00014487840235233307,
      1.6881103515625,
      9.999429702758789
    ],
    [
      -0.022526295855641365,
      1.8760786056518555,
      10.990880012512207
    ],
    [
      -0.05108165740966797,
      2.0886590480804443,
      12.112203598022461
    ],
    [
      -0.09356637299060822,
      2.2900993824005127,
      13.243650436401367
    ],
    [
      -0.14976558089256287,
      2.474255084991455,
      14.395712852478027
    ],
    [
      -0.2164922058582306,
      2.6410300731658936,
      15.565324783325195
    ],
    [
      -0.23095595836639404,
      2.811981439590454,
      16.286951065063477
    ],
    [
      -0.27993860840797424,
      2.971513032913208,
      17.312498092651367
    ]
  ],
  "uv_reprojected": [
    [
      106.98912811279297,
      246.13218688964844
    ],
    [
      82.64435577392578,
      294.71795654296875
    ],
    [
      56.32289505004883,
      269.69915771484375
    ],
    [
      39.47854232788086,
      256.5597229003906
    ],
    [
      31.09003448486328,
      260.04669189453125
    ],
    [
      28.058597564697266,
      272.509033203125
    ],
    [
      27.24480438232422,
      286.8083801269531
    ],
    [
      27.29561996459961,
      300.2213134765625
    ],
    [
      27.664234161376953,
      311.92974853515625
    ],
    [
      29.867000579833984,
      384.693115234375
    ],
    [
      33.1419677734375,
      437.6214904785156
    ],
    [
      46.37200164794922,
      491.8562316894531
    ],
    [
      56.323219299316406,
      526.3421020507812
    ],
    [
      63.74235534667969,
      551.5020751953125
    ],
    [
      65.3431167602539,
      568.1746215820312
    ],
    [
      67.7651138305664,
      585.5511474609375
    ],
    [
      71.657470703125,
      600.19970703125
    ],
    [
      74.72561645507812,
      615.78564453125
    ],
    [
      77.99393463134766,
      630.3370361328125
    ],
    [
      82.28715515136719,
      641.0782470703125
    ],
    [
      87.3204116821289,
      648.1486206054688
    ],
    [
      92.60491943359375,
      652.3568725585938
    ],
    [
      93.01470947265625,
      660.7708740234375
    ],
    [
      96.0138931274414,
      664.465576171875
    ]
  ],
  "visible_prob": [
    1.0,
    1.0,
    1.0,
    1.0,
    1.0,
    1.0,
    1.0,
    1.0,
    1.0,
    1.0,
    1.0,
    1.0,
    1.0,
    1.0,
    1.0,
    1.0,
    1.0,
    1.0,
    1.0,
    1.0,
    1.0,
    1.0,
    1.0,
    1.0
  ],
  "ball_metrics": {
    "launch_angle_deg": 14.0,
    "launch_direction_deg": 90.0,
    "ball_speed_ms": 3.8,
    "carry_m": 1.4,
    "apex_m": 0.32,
    "descent_angle_deg": 34.1,
    "time_of_flight_s": 0.38
  },
  "spin": null,
  "metrics": {
    "sequence": 11,
    "rmse_2d_measured": 139.04217529296875,
    "rmse_2d_filtered": 163.98544311523438,
    "rmse_3d": 2.5490729808807373,
    "visibility_f1": 1.0,
    "smoothness_filtered": 48.240177154541016,
    "carry_err_m": 9.524079571642428,
    "apex_err_m": 2.930557683110237,
    "visible_prob_mean": 1.0,
    "visible_prob_max": 1.0,
    "gt_visible_rate": 1.0,
    "ball_launch_angle_deg": 14.0,
    "ball_launch_direction_deg": 90.0,
    "ball_ball_speed_ms": 3.8,
    "ball_carry_m": 1.4,
    "ball_apex_m": 0.32,
    "ball_descent_angle_deg": 34.1,
    "ball_time_of_flight_s": 0.38,
    "spin_backspin_rpm": 0.0,
    "spin_sidespin_rpm": 0.0
  }
}