{
  "measured_uv": [
    [
      231.98355102539062,
      415.9427490234375
    ],
    [
      180.0101318359375,
      184.01486206054688
    ],
    [
      200.01380920410156,
      251.94273376464844
    ],
    [
      176.00820922851562,
      184.0227508544922
    ],
    [
      171.99818420410156,
      183.95236206054688
    ],
    [
      196.00363159179688,
      251.94090270996094
    ],
    [
      167.99525451660156,
      183.95594787597656
    ],
    [
      191.96206665039062,
      259.98834228515625
    ],
    [
      163.99441528320312,
      183.9855194091797
    ],
    [
      191.98782348632812,
      264.0084228515625
    ],
    [
      192.01849365234375,
      255.94418334960938
    ],
    [
      187.9578094482422,
      263.98956298828125
    ],
    [
      192.0223846435547,
      259.9852600097656
    ],
    [
      187.9691162109375,
      267.9824523925781
    ],
    [
      183.98460388183594,
      267.9898986816406
    ],
    [
      188.03431701660156,
      259.9888610839844
    ],
    [
      180.01751708984375,
      404.0078430175781
    ],
    [
      180.01010131835938,
      404.0508728027344
    ],
    [
      176.22195434570312,
      407.977783203125
    ],
    [
      183.9700927734375,
      271.9818420410156
    ],
    [
      188.01744079589844,
      267.9443359375
    ],
    [
      189.20262145996094,
      132.0687713623047
    ],
    [
      208.13690185546875,
      124.108642578125
    ],
    [
      184.0159149169922,
      263.94879150390625
    ]
  ],
  "filtered_uv": [
    [
      231.98355102539062,
      415.9427490234375
    ],
    [
      231.98355102539062,
      415.9427490234375
    ],
    [
      231.98355102539062,
      415.9427490234375
    ],
    [
      231.98355102539062,
      415.9427490234375
    ],
    [
      231.98355102539062,
      415.9427490234375
    ],
    [
      196.35787963867188,
      253.5555877685547
    ],
    [
      169.28244018554688,
      187.11270141601562
    ],
    [
      190.92816162109375,
      256.66619873046875
    ],
    [
      165.21792602539062,
      187.2867431640625
    ],
    [
      190.76797485351562,
      260.512451171875
    ],
    [
      191.96104431152344,
      256.1500549316406
    ],
    [
      188.13916015625,
      263.63128662109375
    ],
    [
      191.84507751464844,
      260.14959716796875
    ],
    [
      188.14463806152344,
      267.6251220703125
    ],
    [
      184.17242431640625,
      267.9727478027344
    ],
    [
      187.85743713378906,
      260.3506164550781
    ],
    [
      187.8355255126953,
      260.3099365234375
    ],
    [
      180.19456481933594,
      400.6519775390625
    ],
    [
      176.3994598388672,
      407.6707458496094
    ],
    [
      176.3284912109375,
      408.2479248046875
    ],
    [
      187.7398681640625,
      271.26953125
    ],
    [
      187.72576904296875,
      271.1654357910156
    ],
    [
      207.65553283691406,
      127.57191467285156
    ],
    [
      207.75003051757812,
      126.6865463256836
    ]
  ],
  "xyz_pred": [
    [
      -0.1789298951625824,
      0.40454286336898804,
      5.830211639404297
    ],
    [
      -0.20106661319732666,
      0.46643948554992676,
      8.032139778137207
    ],
    [
      -0.14751099050045013,
      0.4934544861316681,
      8.341254234313965
    ],
    [
      -0.10528291761875153,
      0.584897518157959,
      8.38342571258545
    ],
    [
      -0.09357817471027374,
      0.7077668309211731,
      8.63686466217041
    ],
    [
      -0.034046441316604614,
      0.9138072729110718,
      8.73486042022705
    ],
    [
      0.014148619025945663,
      1.177929162979126,
      8.904213905334473
    ],
    [
      -0.038448892533779144,
      1.4417433738708496,
      10.260098457336426
    ],
    [
      -0.06003957241773605,
      1.68607497215271,
      11.066213607788086
    ],
    [
      -0.1266464740037918,
      1.9284517765045166,
      12.568828582763672
    ],
    [
      -0.1991887092590332,
      2.13045334815979,
      13.903374671936035
    ],
    [
      -0.2863613963127136,
      2.3081109523773193,
      15.248066902160645
    ],
    [
      -0.38108235597610474,
      2.467766523361206,
      16.566463470458984
    ],
    [
      -0.4876779019832611,
      2.6157994270324707,
      17.944271087646484
    ],
    [
      -0.5966354012489319,
      2.764310121536255,
      19.345216751098633
    ],
    [
      -0.6829647421836853,
      2.9214727878570557,
      20.6900691986084
    ],
    [
      -0.7646305561065674,
      3.089357852935791,
      22.031639099121094
    ],
    [
      -0.8958780169487,
      3.2677876949310303,
      23.77448272705078
    ],
    [
      -0.9810225963592529,
      3.503007650375366,
      25.30253791809082
    ],
    [
      -1.0447324514389038,
      3.729872465133667,
      26.693193435668945
    ],
    [
      -1.0866931676864624,
      3.9049789905548096,
      27.79560661315918
    ],
    [
      -1.133615255355835,
      4.030932426452637,
      28.864351272583008
    ],
    [
      -1.0973376035690308,
      4.09562873840332,
      29.01154899597168
    ],
    [
      -1.0552306175231934,
      4.177094459533691,
      29.23885726928711
    ]
  ],
  "uv_reprojected": [
    [
      117.90550231933594,
      352.77978515625
    ],
    [
      109.3761978149414,
      403.1459655761719
    ],
    [
      98.2976303100586,
      411.3053894042969
    ],
    [
      90.5693588256836,
      427.7015380859375
    ],
    [
      87.97059631347656,
      450.51953125
    ],
    [
      77.5120849609375,
      485.5658264160156
    ],
    [
      69.24000549316406,
      529.1905517578125
    ],
    [
      77.28541564941406,
      562.3714599609375
    ],
    [
      79.81534576416016,
      589.82177734375
    ],
    [
      86.82703399658203,
      606.766357421875
    ],
    [
      93.23515319824219,
      617.347412109375
    ],
    [
      99.94950866699219,
      623.6500854492188
    ],
    [
      106.31640625,
      627.5519409179688
    ],
    [
      112.6094970703125,
      629.4812622070312
    ],
    [
      118.13372802734375,
      631.0091552734375
    ],
    [
      121.40200805664062,
      633.3145141601562
    ],
    [
      123.96006774902344,
      636.072021484375
    ],
    [
      128.44729614257812,
      636.7459716796875
    ],
    [
      130.08969116210938,
      641.8200073242188
    ],
    [
      130.64273071289062,
      646.6348266601562
    ],
    [
      130.57839965820312,
      649.85986328125
    ],
    [
      130.8468017578125,
      650.5287475585938
    ],
    [
      128.6611328125,
      653.0070190429688
    ],
    [
      126.046630859375,
      655.8615112304688
    ]
  ],
  "visible_prob": [
    1.0,
    1.0,
    1.0,
    1.0,
    1.0,
    1.0,
    1.0,
    1.0,
    1.0,
    1.0,
    1.0,
    1.0,
    1.0,
    1.0,
    1.0,
    1.0,
    1.0,
    1.0,
    1.0,
    1.0,
    1.0,
    1.0,
    1.0,
    1.0
  ],
  "ball_metrics": {
    "launch_angle_deg": 6.2,
    "launch_direction_deg": 1.7,
    "ball_speed_ms": 42.4,
    "carry_m": 42.5,
    "apex_m": 1.46,
    "descent_angle_deg": 7.2,
    "time_of_flight_s": 1.01
  },
  "spin": null,
  "metrics": {
    "sequence": 1,
    "rmse_2d_measured": 0.0,
    "rmse_2d_filtered": 0.0,
    "rmse_3d": 2.831665277481079,
    "visibility_f1": 0.0,
    "smoothness_filtered": 77.20126342773438,
    "carry_err_m": 5.674427179758304,
    "apex_err_m": 0.09237051010131836,
    "visible_prob_mean": 1.0,
    "visible_prob_max": 1.0,
    "gt_visible_rate": 0.0,
    "ball_launch_angle_deg": 6.2,
    "ball_launch_direction_deg": 1.7,
    "ball_ball_speed_ms": 42.4,
    "ball_carry_m": 42.5,
    "ball_apex_m": 1.46,
    "ball_descent_angle_deg": 7.2,
    "ball_time_of_flight_s": 1.01,
    "spin_backspin_rpm": 0.0,
    "spin_sidespin_rpm": 0.0
  }
}