{
  "measured_uv": [
    [
      292.6954040527344,
      389.28741455078125
    ],
    [
      111.95208740234375,
      415.8947448730469
    ],
    [
      115.96021270751953,
      411.8893737792969
    ],
    [
      119.96279907226562,
      407.9010314941406
    ],
    [
      123.95152282714844,
      407.9424743652344
    ],
    [
      132.01708984375,
      407.9391784667969
    ],
    [
      135.9883575439453,
      396.1105041503906
    ],
    [
      155.9595489501953,
      427.9967346191406
    ],
    [
      136.03086853027344,
      424.1225280761719
    ],
    [
      135.97503662109375,
      411.9526672363281
    ],
    [
      140.01551818847656,
      412.0234680175781
    ],
    [
      144.13504028320312,
      408.61181640625
    ],
    [
      148.0122833251953,
      403.9906005859375
    ],
    [
      124.0152359008789,
      148.04443359375
    ],
    [
      176.16539001464844,
      392.8377990722656
    ],
    [
      80.02129364013672,
      3.961418390274048
    ],
    [
      84.02175903320312,
      3.969172954559326
    ],
    [
      87.99507141113281,
      3.988405704498291
    ],
    [
      95.99833679199219,
      24.022178649902344
    ],
    [
      187.9858856201172,
      156.0571746826172
    ],
    [
      183.9962921142578,
      152.025634765625
    ],
    [
      104.04754638671875,
      87.9942855834961
    ],
    [
      104.01815032958984,
      92.03966522216797
    ],
    [
      104.0102767944336,
      96.03228759765625
    ]
  ],
  "filtered_uv": [
    [
      292.6954040527344,
      389.28741455078125
    ],
    [
      292.6954040527344,
      389.28741455078125
    ],
    [
      292.6954040527344,
      389.28741455078125
    ],
    [
      122.77470397949219,
      407.5980224609375
    ],
    [
      123.89585876464844,
      407.92706298828125
    ],
    [
      131.64544677734375,
      407.9388732910156
    ],
    [
      135.78907775878906,
      396.6487731933594
    ],
    [
      155.04083251953125,
      426.57073974609375
    ],
    [
      136.8950653076172,
      424.2356262207031
    ],
    [
      136.01522827148438,
      412.51251220703125
    ],
    [
      139.83206176757812,
      412.04608154296875
    ],
    [
      143.9383087158203,
      408.7681579589844
    ],
    [
      147.82652282714844,
      404.2074890136719
    ],
    [
      147.82167053222656,
      404.1924743652344
    ],
    [
      175.4941864013672,
      393.1062927246094
    ],
    [
      175.5836181640625,
      393.0535583496094
    ],
    [
      175.6730499267578,
      393.0008239746094
    ],
    [
      175.76248168945312,
      392.9480895996094
    ],
    [
      175.85191345214844,
      392.8953552246094
    ],
    [
      187.87017822265625,
      158.33192443847656
    ],
    [
      184.1779327392578,
      152.26307678222656
    ],
    [
      107.68344116210938,
      90.85694885253906
    ],
    [
      104.171142578125,
      91.92241668701172
    ],
    [
      104.00372314453125,
      95.78314208984375
    ]
  ],
  "xyz_pred": [
    [
      -0.2057153880596161,
      0.5914703607559204,
      6.8800225257873535
    ],
    [
      -0.2597048580646515,
      0.8320858478546143,
      10.118446350097656
    ],
    [
      -0.2338082492351532,
      1.0029762983322144,
      11.263235092163086
    ],
    [
      -0.25620442628860474,
      1.1055052280426025,
      12.07434368133545
    ],
    [
      -0.275004506111145,
      1.2109872102737427,
      12.62561321258545
    ],
    [
      -0.3036142885684967,
      1.3096635341644287,
      13.113285064697266
    ],
    [
      -0.33998212218284607,
      1.4040476083755493,
      13.603829383850098
    ],
    [
      -0.37035149335861206,
      1.5210964679718018,
      14.123135566711426
    ],
    [
      -0.3984023928642273,
      1.6435301303863525,
      14.604134559631348
    ],
    [
      -0.437516987323761,
      1.7476615905761719,
      15.144978523254395
    ],
    [
      -0.4738326072692871,
      1.8529489040374756,
      15.71205997467041
    ],
    [
      -0.5077082514762878,
      1.9553014039993286,
      16.276262283325195
    ],
    [
      -0.5392335653305054,
      2.055725336074829,
      16.842609405517578
    ],
    [
      -0.5688469409942627,
      2.153369665145874,
      17.404327392578125
    ],
    [
      -0.5866032242774963,
      2.2602672576904297,
      17.9825382232666
    ],
    [
      -0.605273425579071,
      2.3624913692474365,
      18.550504684448242
    ],
    [
      -0.6273874640464783,
      2.4602298736572266,
      19.121702194213867
    ],
    [
      -0.6516014933586121,
      2.5548672676086426,
      19.69292449951172
    ],
    [
      -0.6770846247673035,
      2.6474342346191406,
      20.26155662536621
    ],
    [
      -0.5039846301078796,
      2.743542432785034,
      19.127519607543945
    ],
    [
      -0.35880744457244873,
      2.8897383213043213,
      18.493478775024414
    ],
    [
      -0.2505328059196472,
      3.040912389755249,
      18.213897705078125
    ],
    [
      -0.1808929145336151,
      3.185073137283325,
      18.21027183532715
    ],
    [
      -0.15021106600761414,
      3.319183588027954,
      18.444562911987305
    ]
  ],
  "uv_reprojected": [
    [
      116.71487426757812,
      414.3206787109375
    ],
    [
      110.33161926269531,
      475.07470703125
    ],
    [
      102.93217468261719,
      499.35333251953125
    ],
    [
      103.62626647949219,
      511.51885986328125
    ],
    [
      104.47441101074219,
      523.047119140625
    ],
    [
      106.54246520996094,
      533.0364379882812
    ],
    [
      109.31421661376953,
      541.83740234375
    ],
    [
      111.17071533203125,
      552.2644653320312
    ],
    [
      112.76441955566406,
      562.6666259765625
    ],
    [
      115.18942260742188,
      570.3312377929688
    ],
    [
      117.10213470458984,
      577.4378051757812
    ],
    [
      118.66393280029297,
      583.8009643554688
    ],
    [
      119.9045181274414,
      589.5579833984375
    ],
    [
      120.91191101074219,
      594.7330932617188
    ],
    [
      120.816162109375,
      600.2425537109375
    ],
    [
      120.8277587890625,
      605.1005249023438
    ],
    [
      121.10188293457031,
      609.3070678710938
    ],
    [
      121.52081298828125,
      613.038818359375
    ],
    [
      122.0169906616211,
      616.426025390625
    ],
    [
      111.36012268066406,
      630.9632568359375
    ],
    [
      100.88674926757812,
      647.1898193359375
    ],
    [
      92.37336730957031,
      661.6754150390625
    ],
    [
      86.6119384765625,
      673.3016357421875
    ],
    [
      83.91378784179688,
      681.68896484375
    ]
  ],
  "visible_prob": [
    1.0,
    1.0,
    1.0,
    1.0,
    1.0,
    1.0,
    1.0,
    1.0,
    1.0,
    1.0,
    1.0,
    1.0,
    1.0,
    1.0,
    1.0,
    1.0,
    1.0,
    1.0,
    1.0,
    1.0,
    1.0,
    1.0,
    1.0,
    1.0
  ],
  "ball_metrics": {
    "launch_angle_deg": 6.2,
    "launch_direction_deg": -0.7,
    "ball_speed_ms": 86.7,
    "carry_m": 168.6,
    "apex_m": 4.99,
    "descent_angle_deg": 6.6,
    "time_of_flight_s": 1.96
  },
  "spin": null,
  "metrics": {
    "sequence": 6,
    "rmse_2d_measured": 255.4663848876953,
    "rmse_2d_filtered": 257.8060302734375,
    "rmse_3d": 6.082694053649902,
    "visibility_f1": 0.7368421052631579,
    "smoothness_filtered": 55.085044860839844,
    "carry_err_m": 7.833965941164999,
    "apex_err_m": 3.306933623738587,
    "visible_prob_mean": 1.0,
    "visible_prob_max": 1.0,
    "gt_visible_rate": 0.5833333134651184,
    "ball_launch_angle_deg": 6.2,
    "ball_launch_direction_deg": -0.7,
    "ball_ball_speed_ms": 86.7,
    "ball_carry_m": 168.6,
    "ball_apex_m": 4.99,
    "ball_descent_angle_deg": 6.6,
    "ball_time_of_flight_s": 1.96,
    "spin_backspin_rpm": 0.0,
    "spin_sidespin_rpm": 0.0
  }
}