{
  "measured_uv": [
    [
      176.19900512695312,
      444.3605041503906
    ],
    [
      196.01666259765625,
      188.05638122558594
    ],
    [
      131.93601989746094,
      427.9429931640625
    ],
    [
      227.9561309814453,
      179.88015747070312
    ],
    [
      135.93324279785156,
      420.0138854980469
    ],
    [
      139.92445373535156,
      419.8729553222656
    ],
    [
      143.96649169921875,
      419.861572265625
    ],
    [
      143.94039916992188,
      415.8819885253906
    ],
    [
      147.95399475097656,
      415.8785705566406
    ],
    [
      151.98060607910156,
      415.86016845703125
    ],
    [
      151.9291229248047,
      408.0264587402344
    ],
    [
      159.97166442871094,
      411.8734130859375
    ],
    [
      167.94210815429688,
      411.76824951171875
    ],
    [
      167.9925994873047,
      400.0717468261719
    ],
    [
      155.98336791992188,
      419.94171142578125
    ],
    [
      159.96188354492188,
      419.9297790527344
    ],
    [
      184.0337677001953,
      400.4319152832031
    ],
    [
      187.9644317626953,
      395.9856872558594
    ],
    [
      191.95297241210938,
      396.01361083984375
    ],
    [
      195.95730590820312,
      395.9541015625
    ],
    [
      199.9775848388672,
      399.9842529296875
    ],
    [
      204.1947784423828,
      148.19590759277344
    ],
    [
      208.0206298828125,
      143.91204833984375
    ],
    [
      204.06015014648438,
      144.00265502929688
    ]
  ],
  "filtered_uv": [
    [
      176.19900512695312,
      444.3605041503906
    ],
    [
      176.19900512695312,
      444.3605041503906
    ],
    [
      133.00502014160156,
      428.3395080566406
    ],
    [
      132.99884033203125,
      428.33721923828125
    ],
    [
      135.86328125,
      420.2118835449219
    ],
    [
      139.73965454101562,
      419.88800048828125
    ],
    [
      143.77423095703125,
      419.8623962402344
    ],
    [
      143.93309020996094,
      416.0626220703125
    ],
    [
      147.77146911621094,
      415.88629150390625
    ],
    [
      151.78990173339844,
      415.8606872558594
    ],
    [
      151.92379760742188,
      408.3817443847656
    ],
    [
      159.6071014404297,
      411.7132873535156
    ],
    [
      167.56556701660156,
      411.7646484375
    ],
    [
      167.97625732421875,
      400.6015319824219
    ],
    [
      156.53079223632812,
      419.0611572265625
    ],
    [
      159.80743408203125,
      419.8905944824219
    ],
    [
      182.9365692138672,
      401.3150329589844
    ],
    [
      187.7424774169922,
      396.2243347167969
    ],
    [
      191.76904296875,
      396.0191345214844
    ],
    [
      195.77523803710938,
      395.9530029296875
    ],
    [
      199.79576110839844,
      399.7975158691406
    ],
    [
      200.0054473876953,
      399.7282409667969
    ],
    [
      200.2151336669922,
      399.6589660644531
    ],
    [
      200.42481994628906,
      399.5896911621094
    ]
  ],
  "xyz_pred": [
    [
      -0.11070860922336578,
      0.3602583110332489,
      4.892490863800049
    ],
    [
      -0.06307603418827057,
      0.4181501865386963,
      6.246346950531006
    ],
    [
      0.004281008616089821,
      0.450341135263443,
      6.2707600593566895
    ],
    [
      0.04613921791315079,
      0.531916081905365,
      6.154812335968018
    ],
    [
      0.049574412405490875,
      0.6217842102050781,
      6.322895526885986
    ],
    [
      0.04506746679544449,
      0.7191708087921143,
      6.593797206878662
    ],
    [
      0.036581359803676605,
      0.8160732388496399,
      6.918952465057373
    ],
    [
      0.023803867399692535,
      0.9022105932235718,
      7.2689900398254395
    ],
    [
      0.009972114115953445,
      0.9833604097366333,
      7.6282639503479
    ],
    [
      -0.004532448016107082,
      1.0581673383712769,
      7.983774185180664
    ],
    [
      -0.02217278815805912,
      1.1226884126663208,
      8.34361743927002
    ],
    [
      -0.04071448743343353,
      1.1840406656265259,
      8.715594291687012
    ],
    [
      -0.06035694479942322,
      1.240278959274292,
      9.089249610900879
    ],
    [
      -0.08512026071548462,
      1.2971203327178955,
      9.57506275177002
    ],
    [
      -0.10551507771015167,
      1.3533191680908203,
      9.961121559143066
    ],
    [
      -0.124850332736969,
      1.4042630195617676,
      10.311982154846191
    ],
    [
      -0.1484723687171936,
      1.455798864364624,
      10.785168647766113
    ],
    [
      -0.16838882863521576,
      1.5284289121627808,
      11.321237564086914
    ],
    [
      -0.19312313199043274,
      1.6140906810760498,
      11.926131248474121
    ],
    [
      -0.22273018956184387,
      1.7071988582611084,
      12.584328651428223
    ],
    [
      -0.2673608660697937,
      1.782812476158142,
      13.27584171295166
    ],
    [
      -0.311397522687912,
      1.860113501548767,
      13.959620475769043
    ],
    [
      -0.3545006513595581,
      1.9381818771362305,
      14.63382625579834
    ],
    [
      -0.39679455757141113,
      2.0165865421295166,
      15.301194190979004
    ]
  ],
  "uv_reprojected": [
    [
      105.75108337402344,
      312.2008056640625
    ],
    [
      86.85995483398438,
      365.46734619140625
    ],
    [
      70.60636901855469,
      373.4906005859375
    ],
    [
      60.33363342285156,
      390.60455322265625
    ],
    [
      59.814979553222656,
      414.2029113769531
    ],
    [
      61.331119537353516,
      439.1651611328125
    ],
    [
      63.66450881958008,
      462.31494140625
    ],
    [
      66.69851684570312,
      481.2586975097656
    ],
    [
      69.66474151611328,
      497.50054931640625
    ],
    [
      72.49153137207031,
      511.1258239746094
    ],
    [
      75.64213562011719,
      521.7694091796875
    ],
    [
      78.67852783203125,
      530.9500732421875
    ],
    [
      81.64712524414062,
      538.5470581054688
    ],
    [
      85.03829193115234,
      545.0482177734375
    ],
    [
      87.60566711425781,
      551.3837280273438
    ],
    [
      89.88917541503906,
      556.7114868164062
    ],
    [
      92.39042663574219,
      561.0164794921875
    ],
    [
      94.0599365234375,
      567.301513671875
    ],
    [
      96.04937744140625,
      574.170166015625
    ],
    [
      98.31949615478516,
      580.8819580078125
    ],
    [
      101.99798583984375,
      584.7669677734375
    ],
    [
      105.2667465209961,
      588.495849609375
    ],
    [
      108.15798950195312,
      592.016357421875
    ],
    [
      110.73233032226562,
      595.3036499023438
    ]
  ],
  "visible_prob": [
    1.0,
    1.0,
    1.0,
    1.0,
    1.0,
    1.0,
    1.0,
    1.0,
    1.0,
    1.0,
    1.0,
    1.0,
    1.0,
    1.0,
    1.0,
    1.0,
    1.0,
    1.0,
    1.0,
    1.0,
    1.0,
    1.0,
    1.0,
    1.0
  ],
  "ball_metrics": {
    "launch_angle_deg": 10.3,
    "launch_direction_deg": 6.4,
    "ball_speed_ms": 21.9,
    "carry_m": 19.1,
    "apex_m": 1.14,
    "descent_angle_deg": 12.4,
    "time_of_flight_s": 0.88
  },
  "spin": null,
  "metrics": {
    "sequence": 3,
    "rmse_2d_measured": 182.056640625,
    "rmse_2d_filtered": 197.47499084472656,
    "rmse_3d": 2.51658034324646,
    "visibility_f1": 1.0,
    "smoothness_filtered": 12.636795043945312,
    "carry_err_m": 6.5944073219549315,
    "apex_err_m": 2.003988344222307,
    "visible_prob_mean": 1.0,
    "visible_prob_max": 1.0,
    "gt_visible_rate": 1.0,
    "ball_launch_angle_deg": 10.3,
    "ball_launch_direction_deg": 6.4,
    "ball_ball_speed_ms": 21.9,
    "ball_carry_m": 19.1,
    "ball_apex_m": 1.14,
    "ball_descent_angle_deg": 12.4,
    "ball_time_of_flight_s": 0.88,
    "spin_backspin_rpm": 0.0,
    "spin_sidespin_rpm": 0.0
  }
}