{
  "measured_uv": [
    [
      167.66976928710938,
      339.7166442871094
    ],
    [
      292.3189392089844,
      237.02748107910156
    ],
    [
      131.9891815185547,
      180.01368713378906
    ],
    [
      175.990234375,
      92.03218841552734
    ],
    [
      175.95855712890625,
      96.10911560058594
    ],
    [
      159.97938537597656,
      324.04736328125
    ],
    [
      143.978515625,
      320.0134582519531
    ],
    [
      147.98507690429688,
      323.8807067871094
    ],
    [
      147.99093627929688,
      316.05853271484375
    ],
    [
      156.1567840576172,
      96.10498046875
    ],
    [
      151.96963500976562,
      319.8934326171875
    ],
    [
      152.56375122070312,
      96.75416564941406
    ],
    [
      156.0323028564453,
      319.97296142578125
    ],
    [
      155.9751739501953,
      312.0309753417969
    ],
    [
      135.96609497070312,
      63.91669464111328
    ],
    [
      212.0221710205078,
      95.62946319580078
    ],
    [
      180.05088806152344,
      72.02454376220703
    ],
    [
      207.998046875,
      103.99002838134766
    ],
    [
      204.03228759765625,
      103.9763412475586
    ],
    [
      220.02926635742188,
      96.08592224121094
    ],
    [
      120.01213836669922,
      44.01333236694336
    ],
    [
      128.04217529296875,
      36.02546691894531
    ],
    [
      128.06382751464844,
      40.1806526184082
    ],
    [
      128.01979064941406,
      44.1169548034668
    ]
  ],
  "filtered_uv": [
    [
      167.66976928710938,
      339.7166442871094
    ],
    [
      167.66976928710938,
      339.7166442871094
    ],
    [
      167.66976928710938,
      339.7166442871094
    ],
    [
      167.66976928710938,
      339.7166442871094
    ],
    [
      167.66976928710938,
      339.7166442871094
    ],
    [
      160.0550994873047,
      324.2016296386719
    ],
    [
      144.70843505859375,
      320.2032775878906
    ],
    [
      147.83493041992188,
      323.71282958984375
    ],
    [
      147.98294067382812,
      316.4061279296875
    ],
    [
      147.96348571777344,
      316.38385009765625
    ],
    [
      151.87411499023438,
      319.80963134765625
    ],
    [
      151.86383056640625,
      319.7953796386719
    ],
    [
      155.9333038330078,
      319.9684143066406
    ],
    [
      155.9733428955078,
      312.3903503417969
    ],
    [
      155.9748992919922,
      312.3518981933594
    ],
    [
      155.97645568847656,
      312.3134460449219
    ],
    [
      155.97801208496094,
      312.2749938964844
    ],
    [
      207.37281799316406,
      106.49301147460938
    ],
    [
      204.1927032470703,
      104.05205535888672
    ],
    [
      219.3199005126953,
      96.40841674804688
    ],
    [
      124.52429962158203,
      46.34767532348633
    ],
    [
      127.87264251708984,
      36.44172286987305
    ],
    [
      128.04588317871094,
      39.95778274536133
    ],
    [
      128.0117950439453,
      43.87629699707031
    ]
  ],
  "xyz_pred": [
    [
      -0.2079533040523529,
      0.5815943479537964,
      6.924581527709961
    ],
    [
      -0.2597275376319885,
      0.800042450428009,
      10.09007740020752
    ],
    [
      -0.22634007036685944,
      0.9466168284416199,
      11.096295356750488
    ],
    [
      -0.2009333223104477,
      1.1299972534179688,
      11.701042175292969
    ],
    [
      -0.21484410762786865,
      1.3335330486297607,
      12.501860618591309
    ],
    [
      -0.2517548203468323,
      1.5468159914016724,
      13.398035049438477
    ],
    [
      -0.3208081126213074,
      1.7392725944519043,
      14.499013900756836
    ],
    [
      -0.4040662348270416,
      1.9106663465499878,
      15.629952430725098
    ],
    [
      -0.4797455668449402,
      2.0739078521728516,
      16.64063262939453
    ],
    [
      -0.5620763897895813,
      2.225330352783203,
      17.69359588623047
    ],
    [
      -0.6526947021484375,
      2.366986036300659,
      18.810853958129883
    ],
    [
      -0.7449083924293518,
      2.5080466270446777,
      19.96662712097168
    ],
    [
      -0.8210347294807434,
      2.6789438724517822,
      21.12822151184082
    ],
    [
      -0.8913079500198364,
      2.853220224380493,
      22.27592658996582
    ],
    [
      -0.9569106101989746,
      3.0301425457000732,
      23.44959831237793
    ],
    [
      -1.0149919986724854,
      3.214862585067749,
      24.633493423461914
    ],
    [
      -1.0705468654632568,
      3.4035189151763916,
      25.815248489379883
    ],
    [
      -0.8955574631690979,
      3.5691206455230713,
      25.248411178588867
    ],
    [
      -0.7143378853797913,
      3.771115303039551,
      24.81407928466797
    ],
    [
      -0.5246384739875793,
      3.968341112136841,
      24.320571899414062
    ],
    [
      -0.46205005049705505,
      4.086883068084717,
      24.455310821533203
    ],
    [
      -0.40105175971984863,
      4.194357872009277,
      24.526599884033203
    ],
    [
      -0.3436031639575958,
      4.300938129425049,
      24.624670028686523
    ],
    [
      -0.2894774079322815,
      4.409820556640625,
      24.775476455688477
    ]
  ],
  "uv_reprojected": [
    [
      273.2235107421875,
      194.4875030517578
    ],
    [
      270.6200866699219,
      224.556396484375
    ],
    [
      267.3778076171875,
      234.08021545410156
    ],
    [
      265.42047119140625,
      243.185546875
    ],
    [
      265.4281921386719,
      252.27792358398438
    ],
    [
      266.40240478515625,
      260.6105041503906
    ],
    [
      268.4266357421875,
      266.98065185546875
    ],
    [
      270.6875305175781,
      271.72821044921875
    ],
    [
      272.4944763183594,
      275.7348327636719
    ],
    [
      274.2769775390625,
      278.8825988769531
    ],
    [
      276.0552978515625,
      281.3197326660156
    ],
    [
      277.6390380859375,
      283.41339111328125
    ],
    [
      278.580810546875,
      285.9926452636719
    ],
    [
      279.2801818847656,
      288.4014892578125
    ],
    [
      279.7625732421875,
      290.5926513671875
    ],
    [
      280.0032653808594,
      292.7214050292969
    ],
    [
      280.16455078125,
      294.73626708984375
    ],
    [
      276.5238037109375,
      298.98651123046875
    ],
    [
      272.4689025878906,
      303.9242858886719
    ],
    [
      268.0902099609375,
      309.0690612792969
    ],
    [
      266.4650573730469,
      311.25299072265625
    ],
    [
      264.92254638671875,
      313.3330383300781
    ],
    [
      263.46734619140625,
      315.3167724609375
    ],
    [
      262.0901184082031,
      317.1997375488281
    ]
  ],
  "visible_prob": [
    1.0,
    1.0,
    1.0,
    1.0,
    1.0,
    1.0,
    1.0,
    1.0,
    1.0,
    1.0,
    1.0,
    1.0,
    1.0,
    1.0,
    1.0,
    1.0,
    1.0,
    1.0,
    1.0,
    1.0,
    1.0,
    1.0,
    1.0,
    1.0
  ],
  "ball_metrics": {
    "launch_angle_deg": 7.7,
    "launch_direction_deg": -0.1,
    "ball_speed_ms": 84.4,
    "carry_m": 196.6,
    "apex_m": 7.07,
    "descent_angle_deg": 8.0,
    "time_of_flight_s": 2.35
  },
  "spin": null,
  "metrics": {
    "sequence": 0,
    "rmse_2d_measured": 220.46006774902344,
    "rmse_2d_filtered": 179.70559692382812,
    "rmse_3d": 7.815541744232178,
    "visibility_f1": 1.0,
    "smoothness_filtered": 35.461265563964844,
    "carry_err_m": 14.080704218574535,
    "apex_err_m": 4.391018353402615,
    "visible_prob_mean": 1.0,
    "visible_prob_max": 1.0,
    "gt_visible_rate": 1.0,
    "ball_launch_angle_deg": 7.7,
    "ball_launch_direction_deg": -0.1,
    "ball_ball_speed_ms": 84.4,
    "ball_carry_m": 196.6,
    "ball_apex_m": 7.07,
    "ball_descent_angle_deg": 8.0,
    "ball_time_of_flight_s": 2.35,
    "spin_backspin_rpm": 0.0,
    "spin_sidespin_rpm": 0.0
  }
}