{
  "measured_uv": [
    [
      463.979736328125,
      383.96746826171875
    ],
    [
      304.0379943847656,
      212.22621154785156
    ],
    [
      220.57180786132812,
      192.23876953125
    ],
    [
      216.55233764648438,
      181.59947204589844
    ],
    [
      207.9732666015625,
      104.09207153320312
    ],
    [
      203.92616271972656,
      104.01512145996094
    ],
    [
      228.14144897460938,
      160.24855041503906
    ],
    [
      175.886474609375,
      299.8644714355469
    ],
    [
      191.99803161621094,
      303.9577331542969
    ],
    [
      179.9300994873047,
      299.7964782714844
    ],
    [
      181.4844512939453,
      100.16402435302734
    ],
    [
      176.08848571777344,
      88.26895141601562
    ],
    [
      175.99459838867188,
      84.16468048095703
    ],
    [
      175.97772216796875,
      79.9949951171875
    ],
    [
      171.98263549804688,
      64.02323150634766
    ],
    [
      200.10865783691406,
      124.67101287841797
    ],
    [
      236.118408203125,
      103.73776245117188
    ],
    [
      209.51107788085938,
      125.35002899169922
    ],
    [
      236.0606689453125,
      100.01473999023438
    ],
    [
      201.32846069335938,
      8.85169506072998
    ],
    [
      168.05276489257812,
      48.11138153076172
    ],
    [
      172.0755157470703,
      52.03244400024414
    ],
    [
      168.8494110107422,
      57.08231735229492
    ],
    [
      175.9772186279297,
      59.9265251159668
    ]
  ],
  "filtered_uv": [
    [
      463.979736328125,
      383.96746826171875
    ],
    [
      463.979736328125,
      383.96746826171875
    ],
    [
      463.979736328125,
      383.96746826171875
    ],
    [
      463.979736328125,
      383.96746826171875
    ],
    [
      463.979736328125,
      383.96746826171875
    ],
    [
      463.979736328125,
      383.96746826171875
    ],
    [
      463.979736328125,
      383.96746826171875
    ],
    [
      463.979736328125,
      383.96746826171875
    ],
    [
      193.67501831054688,
      304.4510498046875
    ],
    [
      180.5418243408203,
      300.004150390625
    ],
    [
      180.251708984375,
      299.91754150390625
    ],
    [
      179.9615936279297,
      299.8309326171875
    ],
    [
      179.67147827148438,
      299.74432373046875
    ],
    [
      176.018798828125,
      82.64643859863281
    ],
    [
      172.1519775390625,
      64.83509826660156
    ],
    [
      198.825927734375,
      121.92098236083984
    ],
    [
      234.4171600341797,
      104.53770446777344
    ],
    [
      210.63772583007812,
      124.37812042236328
    ],
    [
      234.90042114257812,
      101.09539031982422
    ],
    [
      202.8477783203125,
      13.004280090332031
    ],
    [
      169.62010192871094,
      46.4725227355957
    ],
    [
      171.94717407226562,
      51.74062728881836
    ],
    [
      168.97328186035156,
      56.801944732666016
    ],
    [
      175.64295959472656,
      59.74811553955078
    ]
  ],
  "xyz_pred": [
    [
      0.06940614432096481,
      0.6676139235496521,
      4.507702350616455
    ],
    [
      0.21389523148536682,
      1.116451621055603,
      6.580385684967041
    ],
    [
      0.35708087682724,
      1.4775028228759766,
      7.349298000335693
    ],
    [
      0.45579993724823,
      1.830045223236084,
      7.94476842880249
    ],
    [
      0.5235724449157715,
      2.194246530532837,
      8.679823875427246
    ],
    [
      0.5774893164634705,
      2.56516695022583,
      9.551541328430176
    ],
    [
      0.6267935633659363,
      2.9314310550689697,
      10.496865272521973
    ],
    [
      0.6737185716629028,
      3.2858426570892334,
      11.473359107971191
    ],
    [
      0.308157742023468,
      3.4413163661956787,
      14.67807674407959
    ],
    [
      0.012387929484248161,
      3.5513060092926025,
      17.261335372924805
    ],
    [
      -0.2214440107345581,
      3.6798386573791504,
      19.64036750793457
    ],
    [
      -0.43767479062080383,
      3.804049253463745,
      21.973756790161133
    ],
    [
      -0.6090434789657593,
      3.9598324298858643,
      24.127155303955078
    ],
    [
      -0.5556074976921082,
      4.151796340942383,
      24.706220626831055
    ],
    [
      -0.4046362042427063,
      4.403426170349121,
      24.858047485351562
    ],
    [
      -0.3791348934173584,
      4.572997093200684,
      25.706201553344727
    ],
    [
      -0.20892107486724854,
      4.804696083068848,
      25.914262771606445
    ],
    [
      -0.2154427170753479,
      4.923624038696289,
      26.91978645324707
    ],
    [
      -0.07700705528259277,
      5.0957770347595215,
      27.135046005249023
    ],
    [
      0.05448710918426514,
      5.246028900146484,
      27.209510803222656
    ],
    [
      0.13132154941558838,
      5.346766471862793,
      27.372953414916992
    ],
    [
      0.18707901239395142,
      5.42055606842041,
      27.47698402404785
    ],
    [
      0.22342711687088013,
      5.473163604736328,
      27.564680099487305
    ],
    [
      0.2502637505531311,
      5.512638568878174,
      27.62282371520996
    ]
  ],
  "uv_reprojected": [
    [
      245.65664672851562,
      171.81312561035156
    ],
    [
      235.27532958984375,
      232.93795776367188
    ],
    [
      225.51638793945312,
      260.39935302734375
    ],
    [
      220.1860809326172,
      282.7142333984375
    ],
    [
      218.396240234375,
      301.85052490234375
    ],
    [
      218.31146240234375,
      317.45751953125
    ],
    [
      218.76528930664062,
      329.69781494140625
    ],
    [
      219.36737060546875,
      339.15594482421875
    ],
    [
      242.26016235351562,
      326.2051086425781
    ],
    [
      254.5644989013672,
      318.81134033203125
    ],
    [
      261.84185791015625,
      314.43255615234375
    ],
    [
      267.086669921875,
      311.0155944824219
    ],
    [
      270.3179931640625,
      309.32196044921875
    ],
    [
      268.6465148925781,
      312.02691650390625
    ],
    [
      264.87774658203125,
      316.8614196777344
    ],
    [
      263.9498596191406,
      318.19775390625
    ],
    [
      259.8921813964844,
      322.26812744140625
    ],
    [
      259.8564758300781,
      322.0174560546875
    ],
    [
      256.72210693359375,
      324.7341003417969
    ],
    [
      253.7848358154297,
      327.37054443359375
    ],
    [
      252.0887908935547,
      328.8226623535156
    ],
    [
      250.86842346191406,
      329.91815185546875
    ],
    [
      250.08139038085938,
      330.6569519042969
    ],
    [
      249.502197265625,
      331.2293701171875
    ]
  ],
  "visible_prob": [
    1.0,
    1.0,
    1.0,
    1.0,
    1.0,
    1.0,
    1.0,
    1.0,
    1.0,
    1.0,
    1.0,
    1.0,
    1.0,
    1.0,
    1.0,
    1.0,
    1.0,
    1.0,
    1.0,
    1.0,
    1.0,
    1.0,
    1.0,
    1.0
  ],
  "ball_metrics": {
    "launch_angle_deg": 20.0,
    "launch_direction_deg": 6.2,
    "ball_speed_ms": 67.0,
    "carry_m": 295.7,
    "apex_m": 27.39,
    "descent_angle_deg": 20.2,
    "time_of_flight_s": 4.7
  },
  "spin": null,
  "metrics": {
    "sequence": 3,
    "rmse_2d_measured": 234.99151611328125,
    "rmse_2d_filtered": 228.60086059570312,
    "rmse_3d": 8.556273460388184,
    "visibility_f1": 1.0,
    "smoothness_filtered": 69.9112777709961,
    "carry_err_m": 19.342485569475794,
    "apex_err_m": 5.496255308389664,
    "visible_prob_mean": 1.0,
    "visible_prob_max": 1.0,
    "gt_visible_rate": 1.0,
    "ball_launch_angle_deg": 20.0,
    "ball_launch_direction_deg": 6.2,
    "ball_ball_speed_ms": 67.0,
    "ball_carry_m": 295.7,
    "ball_apex_m": 27.39,
    "ball_descent_angle_deg": 20.2,
    "ball_time_of_flight_s": 4.7,
    "spin_backspin_rpm": 0.0,
    "spin_sidespin_rpm": 0.0
  }
}