{
  "measured_uv": [
    [
      284.0272216796875,
      392.0723876953125
    ],
    [
      280.0201721191406,
      336.0928955078125
    ],
    [
      280.055419921875,
      299.986572265625
    ],
    [
      271.9198303222656,
      267.93975830078125
    ],
    [
      275.9600830078125,
      240.1287078857422
    ],
    [
      272.4183654785156,
      224.1081085205078
    ],
    [
      276.0556640625,
      212.0950927734375
    ],
    [
      276.0509338378906,
      196.06959533691406
    ],
    [
      276.0368347167969,
      184.05230712890625
    ],
    [
      276.0354309082031,
      176.0309295654297
    ],
    [
      276.035400390625,
      168.03387451171875
    ],
    [
      276.0299377441406,
      160.02755737304688
    ],
    [
      276.0426940917969,
      152.06849670410156
    ],
    [
      276.0362548828125,
      148.04762268066406
    ],
    [
      276.078369140625,
      140.34640502929688
    ],
    [
      276.0419006347656,
      136.0452117919922
    ],
    [
      276.05535888671875,
      132.06398010253906
    ],
    [
      276.0991516113281,
      128.05703735351562
    ],
    [
      280.0308532714844,
      120.12561798095703
    ],
    [
      280.0168151855469,
      120.03003692626953
    ],
    [
      280.03997802734375,
      116.06873321533203
    ],
    [
      280.048095703125,
      112.17805480957031
    ],
    [
      280.0335693359375,
      112.03575134277344
    ],
    [
      280.081787109375,
      108.08673095703125
    ]
  ],
  "filtered_uv": [
    [
      284.0272216796875,
      392.0723876953125
    ],
    [
      280.2074279785156,
      338.708740234375
    ],
    [
      280.0623474121094,
      301.74993896484375
    ],
    [
      272.2904968261719,
      269.4784851074219
    ],
    [
      275.7928771972656,
      241.46319580078125
    ],
    [
      272.57183837890625,
      224.8954315185547
    ],
    [
      275.89697265625,
      212.6741943359375
    ],
    [
      276.0439147949219,
      196.82077026367188
    ],
    [
      276.0371398925781,
      184.627685546875
    ],
    [
      276.0354919433594,
      176.41549682617188
    ],
    [
      276.035400390625,
      168.4077606201172
    ],
    [
      276.0301818847656,
      160.400390625
    ],
    [
      276.0421142578125,
      152.4380645751953
    ],
    [
      276.0365295410156,
      148.23709106445312
    ],
    [
      276.07647705078125,
      140.694091796875
    ],
    [
      276.04345703125,
      136.24453735351562
    ],
    [
      276.0548095703125,
      132.2412872314453
    ],
    [
      276.0971374511719,
      128.2337646484375
    ],
    [
      279.8525085449219,
      120.47948455810547
    ],
    [
      280.0101623535156,
      120.03511047363281
    ],
    [
      280.0394287109375,
      116.23316192626953
    ],
    [
      280.04852294921875,
      112.34565734863281
    ],
    [
      280.0350646972656,
      112.03282165527344
    ],
    [
      280.0804748535156,
      108.24848175048828
    ]
  ],
  "xyz_pred": [
    [
      -0.20766732096672058,
      0.585547685623169,
      6.915727138519287
    ],
    [
      -0.22933265566825867,
      0.8182237148284912,
      9.94368839263916
    ],
    [
      -0.15885606408119202,
      0.9880433082580566,
      10.656567573547363
    ],
    [
      -0.04434005171060562,
      1.215599775314331,
      10.268460273742676
    ],
    [
      0.049260467290878296,
      1.5007567405700684,
      10.040705680847168
    ],
    [
      0.12282899022102356,
      1.825937271118164,
      10.391777038574219
    ],
    [
      0.15996578335762024,
      2.145500898361206,
      11.12476634979248
    ],
    [
      0.2848576605319977,
      2.493926763534546,
      11.369202613830566
    ],
    [
      0.39512133598327637,
      2.8422210216522217,
      11.812228202819824
    ],
    [
      0.4833700358867645,
      3.169924736022949,
      12.380036354064941
    ],
    [
      0.5529739260673523,
      3.4711060523986816,
      13.014540672302246
    ],
    [
      0.6082452535629272,
      3.74924635887146,
      13.692008972167969
    ],
    [
      0.6640340089797974,
      4.020044326782227,
      14.394192695617676
    ],
    [
      0.7182741165161133,
      4.281782150268555,
      15.119575500488281
    ],
    [
      0.7702045440673828,
      4.538882255554199,
      15.85334300994873
    ],
    [
      0.8204585313796997,
      4.793097496032715,
      16.60209083557129
    ],
    [
      0.8689320683479309,
      5.04295539855957,
      17.364072799682617
    ],
    [
      0.9143144488334656,
      5.283774375915527,
      18.133546829223633
    ],
    [
      0.96415776014328,
      5.52025032043457,
      18.82383155822754
    ],
    [
      0.996273934841156,
      5.720720291137695,
      19.550813674926758
    ],
    [
      1.011315107345581,
      5.880667686462402,
      20.275821685791016
    ],
    [
      1.0036852359771729,
      5.99669885635376,
      20.991758346557617
    ],
    [
      0.9788206219673157,
      6.07027530670166,
      21.71056365966797
    ],
    [
      0.9414723515510559,
      6.109834671020508,
      22.4221248626709
    ]
  ],
  "uv_reprojected": [
    [
      268.6628723144531,
      226.38192749023438
    ],
    [
      265.49371337890625,
      247.07691955566406
    ],
    [
      261.7826232910156,
      255.76600646972656
    ],
    [
      256.9647216796875,
      267.1412353515625
    ],
    [
      252.76773071289062,
      281.9574890136719
    ],
    [
      249.62197875976562,
      297.0683288574219
    ],
    [
      248.4574432373047,
      309.0039367675781
    ],
    [
      243.59988403320312,
      323.53387451171875
    ],
    [
      239.78016662597656,
      336.06024169921875
    ],
    [
      237.23483276367188,
      345.8952331542969
    ],
    [
      235.66754150390625,
      353.31243896484375
    ],
    [
      234.78736877441406,
      358.84881591796875
    ],
    [
      234.00990295410156,
      363.4150695800781
    ],
    [
      233.38465881347656,
      367.0770263671875
    ],
    [
      232.89468383789062,
      370.1929016113281
    ],
    [
      232.5143585205078,
      372.8376159667969
    ],
    [
      232.2309112548828,
      375.033935546875
    ],
    [
      232.05838012695312,
      376.7399597167969
    ],
    [
      231.6948699951172,
      378.70770263671875
    ],
    [
      231.81402587890625,
      379.357666015625
    ],
    [
      232.30555725097656,
      378.9499206542969
    ],
    [
      233.2449493408203,
      377.5526123046875
    ],
    [
      234.486328125,
      375.230224609375
    ],
    [
      235.8952178955078,
      372.31805419921875
    ]
  ],
  "visible_prob": [
    1.0,
    1.0,
    1.0,
    1.0,
    1.0,
    1.0,
    1.0,
    1.0,
    1.0,
    0.9999998807907104,
    1.0,
    0.9999998807907104,
    1.0,
    1.0,
    0.9999998807907104,
    1.0,
    1.0,
    1.0,
    1.0,
    1.0,
    1.0,
    1.0,
    1.0,
    1.0
  ],
  "ball_metrics": {
    "launch_angle_deg": 16.3,
    "launch_direction_deg": 4.7,
    "ball_speed_ms": 49.0,
    "carry_m": 133.6,
    "apex_m": 10.19,
    "descent_angle_deg": 16.7,
    "time_of_flight_s": 2.84
  },
  "spin": null,
  "metrics": {
    "sequence": 5,
    "rmse_2d_measured": 1.9603289365768433,
    "rmse_2d_filtered": 2.1713595390319824,
    "rmse_3d": 2.5570077896118164,
    "visibility_f1": 1.0,
    "smoothness_filtered": 4.830513000488281,
    "carry_err_m": 2.746510522530718,
    "apex_err_m": 0.34746360778808594,
    "visible_prob_mean": 1.0,
    "visible_prob_max": 1.0,
    "gt_visible_rate": 1.0,
    "ball_launch_angle_deg": 16.3,
    "ball_launch_direction_deg": 4.7,
    "ball_ball_speed_ms": 49.0,
    "ball_carry_m": 133.6,
    "ball_apex_m": 10.19,
    "ball_descent_angle_deg": 16.7,
    "ball_time_of_flight_s": 2.84,
    "spin_backspin_rpm": 0.0,
    "spin_sidespin_rpm": 0.0
  }
}