{
  "rmse_2d_measured": 192.46509375939002,
  "rmse_2d_filtered": 208.60026080791766,
  "rmse_3d": 3.142272087243887,
  "visibility_f1": 0.777975083238241,
  "smoothness_filtered": 37.539745624248795,
  "carry_err_m": 6.07828617709578,
  "apex_err_m": 2.1616750664006057,
  "visible_prob_mean": 1.0,
  "visible_prob_max": 1.0,
  "gt_visible_rate": 0.6987179517745972,
  "ball_launch_angle_deg": 11.846153846153847,
  "ball_launch_direction_deg": 14.76923076923077,
  "ball_ball_speed_ms": 33.146153846153844,
  "ball_carry_m": 50.86153846153846,
  "ball_apex_m": 2.1215384615384614,
  "ball_descent_angle_deg": 15.284615384615385,
  "ball_time_of_flight_s": 1.1053846153846154,
  "spin_backspin_rpm": 0.0,
  "spin_sidespin_rpm": 0.0
}