{
  "rmse_2d_measured": 215.29474046495227,
  "rmse_2d_filtered": 214.09979248046875,
  "rmse_3d": 8.190030521816677,
  "visibility_f1": 0.9903381642512077,
  "smoothness_filtered": 63.34160953097873,
  "carry_err_m": 18.26394831766657,
  "apex_err_m": 5.086561091865103,
  "visible_prob_mean": 1.0,
  "visible_prob_max": 1.0,
  "gt_visible_rate": 0.9814814858966403,
  "ball_launch_angle_deg": 12.033333333333335,
  "ball_launch_direction_deg": 2.0777777777777775,
  "ball_ball_speed_ms": 75.22222222222223,
  "ball_carry_m": 224.9333333333333,
  "ball_apex_m": 13.112222222222222,
  "ball_descent_angle_deg": 12.355555555555554,
  "ball_time_of_flight_s": 3.112222222222223,
  "spin_backspin_rpm": 0.0,
  "spin_sidespin_rpm": 0.0
}